iso3,country,year,sahel,sahel_ext,oil_state,rents_pct_gdp,res_rev_pct_gdp,res_tax_pct_gdp,gdppc_const,elec_access_pct,hdi,capture_ratio,capture_ratio_3y,flag_ratio_high,period
AGO,Angola,2000,False,False,True,59.1425103628059,32.36806665774117,32.36806665774117,2172.46326718726,24.2,0.391,0.5472893602111469,0.566843216771433,False,2000–2007
AGO,Angola,2001,False,False,True,44.219476594374,25.930171659201367,25.930171659201367,2189.17352158048,20.0,0.401,0.5863970733317191,0.5748259978291654,False,2000–2007
AGO,Angola,2002,False,False,True,32.8837159773494,19.427421859034414,19.427421859034414,2404.97792071735,26.3,0.417,0.5907915599446303,0.6169305179191428,False,2000–2007
AGO,Angola,2003,False,False,True,28.4066969543848,19.134834029694574,19.134834029694574,2403.40415157242,27.4,0.435,0.6736029204810791,0.6268439044585742,False,2000–2007
AGO,Angola,2004,False,False,True,33.7707170143085,20.80739613593397,20.80739613593397,2583.32411461508,28.4,0.448,0.6161372329500132,0.6161735461652738,False,2000–2007
AGO,Angola,2005,False,False,True,42.7600742732017,23.893495043783492,23.893495043783492,2843.39663579921,29.4,0.463,0.5587804850647291,0.625987901969096,False,2000–2007
AGO,Angola,2006,False,False,True,40.7534428993222,28.651544523176437,28.651544523176437,3065.05576244155,30.5,0.475,0.7030459878925459,0.6439142942608668,False,2000–2007
AGO,Angola,2007,False,False,True,45.881176080136,30.7365527581683,30.7365527581683,3336.36332465491,37.5,0.492,0.6699164098253253,0.6802694369128769,False,2000–2007
AGO,Angola,2008,False,False,True,52.5607729557913,35.10249740373727,35.10249740373727,3559.19522512538,38.5,0.504,0.6678459130207591,0.6917667977241976,False,2008–2014
AGO,Angola,2009,False,False,True,30.3114661376593,22.355860243936533,22.355860243936533,3494.80724466468,33.8,0.517,0.7375380703265081,0.7171321827278634,False,2008–2014
AGO,Angola,2010,False,False,True,38.1623101146694,28.469562848723672,28.469562848723672,3540.79159568681,35.0,0.528,0.7460125648363229,0.7709787152740396,False,2008–2014
AGO,Angola,2011,False,False,True,39.0226784952754,32.3648441310972,32.3648441310972,3528.16824373698,34.6,0.545,0.8293855106592879,0.8124307956471407,False,2008–2014
AGO,Angola,2012,False,False,True,34.7310076331615,29.934457909802948,29.934457909802948,3682.35229323075,37.3,0.557,0.8618943114458114,0.8410799652320544,False,2008–2014
AGO,Angola,2013,False,False,True,29.4000452272015,24.459663790803166,24.459663790803166,3716.29718727597,38.4,0.567,0.8319600735910639,0.8414225534529859,False,2008–2014
AGO,Angola,2014,False,False,True,22.124247625088,18.37226893438613,18.37226893438613,3746.81619978931,32.0,0.577,0.8304132753220825,0.8549258702522637,False,2008–2014
AGO,Angola,2015,False,False,True,13.3056748880613,12.007097725692475,12.007097725692475,3641.72893920253,42.0,0.603,0.9024042618436445,0.694280015816243,False,2015–2021
AGO,Angola,2016,False,False,True,20.8851202682195,7.310262223844595,7.310262223844595,3505.59634681792,41.8,0.609,0.3500225102830021,0.528703265137677,False,2015–2021
AGO,Angola,2017,False,False,True,25.9503299089307,8.659184539291081,8.659184539291081,3378.07588102598,42.9,0.61,0.3336830232863844,0.3617381681543153,False,2015–2021
AGO,Angola,2018,False,False,True,32.045405604301,12.866517826049598,12.866517826049598,3246.87857140997,45.3,0.611,0.40150897089355947,0.37704956421697705,False,2015–2021
AGO,Angola,2019,False,False,True,28.8978590593907,11.442300866036252,11.442300866036252,3105.59971242672,45.6,0.611,0.3959566984709873,0.42040884157021613,False,2015–2021
AGO,Angola,2020,False,False,True,20.2476653863539,9.390074618337142,9.390074618337142,2847.24241578243,47.0,0.61,0.4637608553461017,0.4246781078588153,False,2015–2021
AGO,Angola,2021,False,False,True,29.9674348417559,12.416010801610316,12.416010801610316,2788.16737086685,48.2,0.609,0.4143167697593571,0.43903881255272936,False,2015–2021
BDI,Burundi,2000,False,False,False,15.0609351884312,,,264.154407180223,2.5,0.308,,,False,2000–2007
BDI,Burundi,2001,False,False,False,18.812078088637,,,262.913885774384,2.8,0.311,,,False,2000–2007
BDI,Burundi,2002,False,False,False,24.3014254644156,,,266.968141648342,3.1,0.324,,,False,2000–2007
BDI,Burundi,2003,False,False,False,40.4921952045604,,,255.500823385612,3.4,0.332,,,False,2000–2007
BDI,Burundi,2004,False,False,False,30.4545201860965,,,258.050009115333,3.7,0.344,,,False,2000–2007
BDI,Burundi,2005,False,False,False,26.6807675145409,,,250.878933475935,3.2,0.352,,,False,2000–2007
BDI,Burundi,2006,False,False,False,23.9491794618101,,,255.105582251925,2.7,0.376,,,False,2000–2007
BDI,Burundi,2007,False,False,False,32.3563567682481,,,254.311725516331,4.7,0.389,,,False,2000–2007
BDI,Burundi,2008,False,False,False,33.0482440437363,,,256.012461554496,4.8,0.401,,,False,2008–2014
BDI,Burundi,2009,False,False,False,30.3366575642074,,,252.582019875886,5.4,0.409,,,False,2008–2014
BDI,Burundi,2010,False,False,False,23.8533757417192,,,253.308577749924,5.3,0.416,,,False,2008–2014
BDI,Burundi,2011,False,False,False,24.9891589486881,,,254.242110648215,6.2,0.42,,,False,2008–2014
BDI,Burundi,2012,False,False,False,17.5501999315408,,,256.180393931874,6.5,0.425,,,False,2008–2014
BDI,Burundi,2013,False,False,False,17.7328553188701,,,259.311117203355,6.9,0.428,,,False,2008–2014
BDI,Burundi,2014,False,False,False,17.4547483367972,,,261.296721752002,7.0,0.431,,,False,2008–2014
BDI,Burundi,2015,False,False,False,15.5344531520944,,,254.402585226788,7.9,0.432,,,False,2015–2021
BDI,Burundi,2016,False,False,False,19.1016499815056,,,258.061970804063,8.5,0.436,,,False,2015–2021
BDI,Burundi,2017,False,False,False,18.5076749744059,,,261.725839287239,9.3,0.434,,,False,2015–2021
BDI,Burundi,2018,False,False,False,13.4317629933204,,,267.508692172687,9.5,0.434,,,False,2015–2021
BDI,Burundi,2019,False,False,False,13.1274376353104,,,270.411005710809,9.8,0.435,,,False,2015–2021
BDI,Burundi,2020,False,False,False,13.8475521568267,,,263.463876362597,9.1,0.435,,,False,2015–2021
BDI,Burundi,2021,False,False,False,13.9570339894077,,,264.682651658422,10.2,0.435,,,False,2015–2021
BEN,Benin,2000,False,False,False,3.26095148548745,,,861.213292013209,21.5,0.415,,,False,2000–2007
BEN,Benin,2001,False,False,False,3.08482932392509,,,879.854463773645,21.9,0.426,,,False,2000–2007
BEN,Benin,2002,False,False,False,3.30280929086919,,,893.137100961634,23.4,0.435,,,False,2000–2007
BEN,Benin,2003,False,False,False,4.14024746183491,,,896.146763201736,24.3,0.442,,,False,2000–2007
BEN,Benin,2004,False,False,False,3.12542829249992,,,907.624431209378,25.2,0.449,,,False,2000–2007
BEN,Benin,2005,False,False,False,3.07234403993019,,,893.91536869992,26.1,0.456,,,False,2000–2007
BEN,Benin,2006,False,False,False,3.0487620934124,,,900.62053578735,27.9,0.462,,,False,2000–2007
BEN,Benin,2007,False,False,False,3.6269150463223,,,926.740113754071,28.0,0.469,,,False,2000–2007
BEN,Benin,2008,False,False,False,3.64875464694908,,,943.203380303862,29.0,0.475,,,False,2008–2014
BEN,Benin,2009,False,False,False,3.7029183280864,,,936.565651071554,30.0,0.48,,,False,2008–2014
BEN,Benin,2010,False,False,False,3.42232994008176,,,928.246655329144,34.2,0.485,,,False,2008–2014
BEN,Benin,2011,False,False,False,3.47893234434337,,,927.716412836707,36.9,0.49,,,False,2008–2014
BEN,Benin,2012,False,False,False,3.92162835813785,,,943.918771531001,38.4,0.497,,,False,2008–2014
BEN,Benin,2013,False,False,False,3.56116585676154,,,982.399206290516,34.7,0.506,,,False,2008–2014
BEN,Benin,2014,False,False,False,3.70461552370497,,,1014.4330062135,34.1,0.509,,,False,2008–2014
BEN,Benin,2015,False,False,False,4.30030313599698,,,1002.41886879614,29.6,0.511,,,False,2015–2021
BEN,Benin,2016,False,False,False,4.4537224695981,,,1006.03926633023,37.0,0.51,,,False,2015–2021
BEN,Benin,2017,False,False,False,4.09835325309901,,,1032.90471194182,34.5,0.507,,,False,2015–2021
BEN,Benin,2018,False,False,False,2.60830727598415,,,1071.50452156932,39.0,0.507,,,False,2015–2021
BEN,Benin,2019,False,False,False,2.46799590195586,,,1114.17304526443,40.0,0.507,,,False,2015–2021
BEN,Benin,2020,False,False,False,2.42798483756811,,,1126.65404122154,41.0,0.504,,,False,2015–2021
BEN,Benin,2021,False,False,False,2.30442028320417,,,1176.37727637273,42.0,0.506,,,False,2015–2021
BFA,Burkina Faso,2000,True,True,False,5.33460866542021,0.015373263275109426,,428.309796566198,9.1,,0.0028817977548683915,0.0025262161188715345,False,2000–2007
BFA,Burkina Faso,2001,True,True,False,4.7678329673339,0.010349222647481659,,442.914122870048,9.5,,0.002170634482874677,0.002104810748373225,False,2000–2007
BFA,Burkina Faso,2002,True,True,False,5.7281615453601,0.007228939912498839,,448.128856317091,9.9,,0.0012620000073766062,0.0015089407235533141,False,2000–2007
BFA,Burkina Faso,2003,True,True,False,6.32363457743713,0.006919243050037928,,468.263047790124,11.4,,0.0010941876804086597,0.00133578498759839,False,2000–2007
BFA,Burkina Faso,2004,True,True,False,5.43726005672726,0.008977825871386548,,474.086412333459,10.7,,0.0016511672750099042,0.0017341664621554934,False,2000–2007
BFA,Burkina Faso,2005,True,True,False,6.37352650275332,0.015660675152376628,,499.192797571217,11.1,0.333,0.002457144431047917,0.0022214631211769265,False,2000–2007
BFA,Burkina Faso,2006,True,True,False,6.43344765321295,0.01644439180689946,,514.113131757062,11.6,0.34,0.002556077657472959,0.002438742417427975,False,2000–2007
BFA,Burkina Faso,2007,True,True,False,7.8129241337381,0.01799320462408779,,519.26101218434,12.0,0.344,0.002303005163763049,0.00400492691271549,False,2000–2007
BFA,Burkina Faso,2008,True,True,False,8.59697070774107,0.06151732538512305,,533.471299938288,12.5,0.357,0.007155697916910463,0.007541426188307289,False,2008–2014
BFA,Burkina Faso,2009,True,True,False,9.57845327918773,0.12610584966949226,,533.470084831931,12.6,0.366,0.013165575484248355,0.014259227998578415,False,2008–2014
BFA,Burkina Faso,2010,True,True,False,11.0860921412972,0.24895383701427695,,561.847221302489,13.1,0.377,0.02245641059457643,0.026494025730368714,False,2008–2014
BFA,Burkina Faso,2011,True,True,False,13.6361933357251,0.5980846821295867,,581.603658737407,14.8,0.389,0.043860091112281355,0.03986112026612368,False,2008–2014
BFA,Burkina Faso,2012,True,True,False,12.4016028413011,0.660594431056496,,600.731343697818,15.1,0.398,0.05326685909151324,0.049537626806512663,False,2008–2014
BFA,Burkina Faso,2013,True,True,False,10.7523406528446,0.5535942605082578,,616.741331164082,15.4,0.405,0.05148593021574339,0.05192822645204945,False,2008–2014
BFA,Burkina Faso,2014,True,True,False,10.3109055603822,0.5261849988619306,,624.576885187665,19.2,0.409,0.051031890048891713,0.04971295116765343,False,2008–2014
BFA,Burkina Faso,2015,True,True,False,11.6328502278275,0.5423354971280048,,630.124750752312,16.2,0.419,0.0466210332383252,0.048249204756486475,False,2015–2021
BFA,Burkina Faso,2016,True,True,False,12.6155172354896,0.5941238857865371,,648.420480176012,16.6,0.427,0.04709469098224251,0.04900938629850099,False,2015–2021
BFA,Burkina Faso,2017,True,True,False,12.3099089646115,0.6562712175302506,,669.276310328333,17.0,0.438,0.053312434674935266,0.0614243895389107,False,2015–2021
BFA,Burkina Faso,2018,True,True,False,8.87619594401664,0.7444114303583212,,694.492813126351,14.4,0.449,0.08386604295955431,0.07502372744246254,False,2015–2021
BFA,Burkina Faso,2019,True,True,False,8.32797318460633,0.7319680878049777,,717.021595096634,17.6,0.453,0.08789270469289802,0.09452723672538409,False,2015–2021
BFA,Burkina Faso,2020,True,True,False,9.17782687692865,1.0262917909077982,,713.8421779224,18.5,0.453,0.1118229625236999,0.09985783360829897,False,2015–2021
BFA,Burkina Faso,2021,True,True,False,20.1354014379911,,,745.472563435144,19.0,0.454,,,False,2015–2021
BWA,Botswana,2000,False,False,False,2.37714702277095,28.862139137033076,,5062.64289173588,26.5,0.594,12.141503600980295,15.493665613691725,True,2000–2007
BWA,Botswana,2001,False,False,False,1.16385362507893,21.93378480060196,,4971.96371794188,24.8,0.595,18.845827626403157,15.493665613691725,True,2000–2007
BWA,Botswana,2002,False,False,False,0.914120248089873,21.976509182507836,,5175.47655317231,27.0,0.594,,15.139000891042873,False,2000–2007
BWA,Botswana,2003,False,False,False,1.93144907309188,22.08066217641808,6.432416348832806,5320.440295139,33.1,0.602,11.432174155682587,8.968919736233598,True,2000–2007
BWA,Botswana,2004,False,False,False,3.22396760199793,20.974054210755185,6.061264917620911,5369.42516766112,35.3,0.608,6.505665316784611,9.09179242438348,True,2000–2007
BWA,Botswana,2005,False,False,False,2.34343304226201,21.881894615491642,5.754208821132555,5514.21742664705,37.5,0.616,9.33753780068324,6.454473779551697,True,2000–2007
BWA,Botswana,2006,False,False,False,6.44214501334577,22.677756259510307,6.5759441139853365,5865.00026521361,39.7,0.627,3.520218221187242,5.049299273952066,True,2000–2007
BWA,Botswana,2007,False,False,False,7.41241849763415,16.9754894404193,3.7737012486511485,6085.6354476126,41.9,0.64,2.2901417999857174,3.1060703616587433,True,2000–2007
BWA,Botswana,2008,False,False,False,3.96220451892022,13.898823336700428,4.710748314177291,6158.61629368051,44.5,0.645,3.5078510638032725,3.796064769742577,True,2008–2014
BWA,Botswana,2009,False,False,False,2.2457224349065,12.554040801668531,3.259713531954861,5179.4138607146,43.4,0.644,5.590201445438744,5.256906699423422,True,2008–2014
BWA,Botswana,2010,False,False,False,2.10519505915873,14.047266839830874,3.4349411202870024,5584.5034321846,52.0,0.652,6.672667589028253,6.782232357498672,True,2008–2014
BWA,Botswana,2011,False,False,False,1.89428505199175,15.313074615310171,4.970482918803833,5850.07858575461,53.2,0.661,8.083828038029022,6.599369309380411,True,2008–2014
BWA,Botswana,2012,False,False,False,2.25863530970605,11.387163561076607,3.1055900621118013,5742.91924452636,56.0,0.667,5.041612301083962,7.985029253641664,True,2008–2014
BWA,Botswana,2013,False,False,False,1.42514080375562,15.433772431111148,5.172399409345358,6284.97678002618,58.0,0.676,10.829647421812012,7.935629861447985,True,2008–2014
BWA,Botswana,2014,False,False,False,0.927757760163875,15.483109008288864,5.401084537775185,6547.12254115892,60.0,0.685,,,False,2008–2014
BWA,Botswana,2015,False,False,False,0.804774555171728,10.579848671681757,3.283401311901235,6141.20394726616,62.1,0.69,,,False,2015–2021
BWA,Botswana,2016,False,False,False,0.762292638118151,13.684633069371966,4.37908258219903,6490.83463593483,64.2,0.696,,,False,2015–2021
BWA,Botswana,2017,False,False,False,0.880112468848718,11.221324116245716,3.360396526790161,6662.57644805467,67.4,0.704,,,False,2015–2021
BWA,Botswana,2018,False,False,False,0.869694754311434,10.649014246654195,2.993236436897395,6843.84612027739,68.3,0.71,,,False,2015–2021
BWA,Botswana,2019,False,False,False,0.656053805525875,8.074395812451275,2.505846976277982,6951.73189051146,70.1,0.718,,,False,2015–2021
BWA,Botswana,2020,False,False,False,0.675042393475679,5.612656540498825,1.929350685796471,6254.24806241091,71.8,0.718,,,False,2015–2021
BWA,Botswana,2021,False,False,False,1.03853443914101,11.207472931307331,3.799958633361713,6895.91184943107,73.7,0.7,10.79162376220978,,True,2015–2021
CAF,Central African Republic,2000,False,False,False,11.1834541155259,,,437.168928414826,6.0,0.333,,,False,2000–2007
CAF,Central African Republic,2001,False,False,False,10.8709245460195,,,446.658634192083,5.7,0.335,,,False,2000–2007
CAF,Central African Republic,2002,False,False,False,11.3592017688794,,,452.808702217035,6.1,0.337,,,False,2000–2007
CAF,Central African Republic,2003,False,False,False,11.7035944958621,,,418.240532289858,6.6,0.338,,,False,2000–2007
CAF,Central African Republic,2004,False,False,False,8.16831180133758,,,433.825227770233,7.0,0.342,,,False,2000–2007
CAF,Central African Republic,2005,False,False,False,8.63532012713763,,,427.968043155237,7.4,0.346,,,False,2000–2007
CAF,Central African Republic,2006,False,False,False,10.0149391864689,,,439.294330902768,7.8,0.35,,,False,2000–2007
CAF,Central African Republic,2007,False,False,False,9.94773670399437,,,450.762785401893,8.4,0.356,,,False,2000–2007
CAF,Central African Republic,2008,False,False,False,11.7427274520468,,,450.313616886022,7.5,0.362,,,False,2008–2014
CAF,Central African Republic,2009,False,False,False,8.76357439936913,,,492.215398914836,9.4,,,,False,2008–2014
CAF,Central African Republic,2010,False,False,False,7.89856275992667,,,519.141456408484,9.8,0.358,,,False,2008–2014
CAF,Central African Republic,2011,False,False,False,8.45049853159435,,,532.38295493852,10.4,0.377,,,False,2008–2014
CAF,Central African Republic,2012,False,False,False,9.16768384336065,,,553.729578314912,11.0,0.385,,,False,2008–2014
CAF,Central African Republic,2013,False,False,False,13.29568815319,,,349.821171688973,11.5,0.359,,,False,2008–2014
CAF,Central African Republic,2014,False,False,False,11.2660722533116,,,351.561554911625,12.0,0.319,,,False,2008–2014
CAF,Central African Republic,2015,False,False,False,12.6926233912315,,,366.322853938121,12.7,0.377,,,False,2015–2021
CAF,Central African Republic,2016,False,False,False,13.0582628938186,,,376.858254120398,13.4,0.376,,,False,2015–2021
CAF,Central African Republic,2017,False,False,False,13.4175903775497,,,387.35795131742,14.1,0.356,,,False,2015–2021
CAF,Central African Republic,2018,False,False,False,11.1787424768372,,,395.020015455909,14.6,0.391,,,False,2015–2021
CAF,Central African Republic,2019,False,False,False,9.81112301862311,,,401.82582161435,14.3,0.279,,,False,2015–2021
CAF,Central African Republic,2020,False,False,False,9.88532886509892,,,398.834274122139,15.4,0.386,,,False,2015–2021
CAF,Central African Republic,2021,False,False,False,10.2601957578803,,,396.020622931961,15.7,0.339,,,False,2015–2021
CIV,Cote d'Ivoire,2000,False,False,False,2.86211491053466,0.14790670765452293,,1717.95385651231,48.7,0.419,0.051677417671149015,0.04710325293366971,False,2000–2007
CIV,Cote d'Ivoire,2001,False,False,False,2.32208785748223,0.09875627929016456,,1636.57318705218,49.7,0.422,0.042529088196190404,0.05419433647410268,False,2000–2007
CIV,Cote d'Ivoire,2002,False,False,False,2.45890647990383,0.1681314276644796,,1551.27925902838,51.4,0.424,0.06837650355496863,0.051193025968785645,False,2000–2007
CIV,Cote d'Ivoire,2003,False,False,False,2.64883554896755,0.11303504712626283,,1441.58801755037,51.5,0.425,0.04267348615519792,0.08534706232947575,False,2000–2007
CIV,Cote d'Ivoire,2004,False,False,False,2.49321707811937,0.36149452923113423,0.03308874409438299,1451.86547141894,52.4,0.43,0.14499119727826068,0.12224432144383869,False,2000–2007
CIV,Cote d'Ivoire,2005,False,False,False,3.71197677716882,0.6646973002211323,0.22397409029190327,1431.73320203111,58.9,0.435,0.17906828089805746,0.1406728524877706,False,2000–2007
CIV,Cote d'Ivoire,2006,False,False,False,5.60158447625658,0.5487260578424107,,1437.77453798586,60.2,0.44,0.09795907928699357,0.1647963455371209,False,2000–2007
CIV,Cote d'Ivoire,2007,False,False,False,4.9838724678869,1.0833028747148354,0.5045520238397864,1420.1738958245,55.3,0.445,0.21736167642631163,0.2266858858650416,False,2000–2007
CIV,Cote d'Ivoire,2008,False,False,False,5.56200251854781,2.028667566874006,0.9243041576881565,1454.62731800082,60.3,0.452,0.3647369018818196,0.2649635412077381,False,2008–2014
CIV,Cote d'Ivoire,2009,False,False,False,3.87323197312723,0.824192953541518,0.6979765747449609,1473.9183699329,57.3,0.458,0.21279204531508303,0.25631211916126656,False,2008–2014
CIV,Cote d'Ivoire,2010,False,False,False,4.33013803473931,0.8288205074142456,0.703793051267479,1540.52927270246,58.4,0.465,0.19140741028689714,0.20209972780099006,False,2008–2014
CIV,Cote d'Ivoire,2011,False,False,False,5.53239950172039,,1.2501601465529455,1426.46463864534,55.8,0.469,,,False,2008–2014
CIV,Cote d'Ivoire,2012,False,False,False,5.36757176448081,,1.1724447588549747,1503.43433046682,55.8,0.478,,,False,2008–2014
CIV,Cote d'Ivoire,2013,False,False,False,4.15503587681362,,,1632.32712787006,61.5,0.487,,,False,2008–2014
CIV,Cote d'Ivoire,2014,False,False,False,3.41935511091434,,,1742.53693001178,61.9,0.511,,,False,2008–2014
CIV,Cote d'Ivoire,2015,False,False,False,3.07259669730878,,,1814.71855088017,62.6,0.519,,,False,2015–2021
CIV,Cote d'Ivoire,2016,False,False,False,3.23053071841614,,,1889.27777949938,64.3,0.53,,,False,2015–2021
CIV,Cote d'Ivoire,2017,False,False,False,3.38876801583982,,,1972.81431788947,65.6,0.539,,,False,2015–2021
CIV,Cote d'Ivoire,2018,False,False,False,3.10996909544373,,,2013.32307598499,67.1,0.545,,,False,2015–2021
CIV,Cote d'Ivoire,2019,False,False,False,2.95827158248838,,,2093.09994335779,68.6,0.552,,,False,2015–2021
CIV,Cote d'Ivoire,2020,False,False,False,2.59163858078542,,,2055.08483996432,69.9,0.553,,,False,2015–2021
CIV,Cote d'Ivoire,2021,False,False,False,4.73502206212113,,,2146.46047529012,71.1,0.557,,,False,2015–2021
CMR,Cameroon,2000,False,False,False,8.33574817486337,5.840519828917942,0.5196903338530681,1151.27689302947,41.0,0.439,0.7006593417169387,0.7202698716945992,False,2000–2007
CMR,Cameroon,2001,False,False,False,5.68439536844397,4.205772728468257,0.9436188368258656,1169.92670464984,46.2,0.458,0.7398804016722597,0.7505522152082135,False,2000–2007
CMR,Cameroon,2002,False,False,False,5.27982808459118,4.282557800309287,0.8567437399371791,1189.96707897027,44.0,0.458,0.8111169022354424,0.7466259238422026,False,2000–2007
CMR,Cameroon,2003,False,False,False,5.0826805069134,3.5013593243600005,0.5621979139728402,1221.09446141454,45.1,0.465,0.6888804676189059,0.7446672325235827,False,2000–2007
CMR,Cameroon,2004,False,False,False,4.73178788679167,3.473152786741123,0.580592426563887,1271.74326874167,47.1,0.47,0.7340043277163997,0.675314733978238,False,2000–2007
CMR,Cameroon,2005,False,False,False,7.39166566634719,4.457613510528561,0.7439006728375277,1264.74345218659,47.2,0.472,0.6030594065994089,0.6709243236976494,False,2000–2007
CMR,Cameroon,2006,False,False,False,8.54390800832229,5.773197559397549,0.9212967956977671,1277.32990712342,49.0,0.473,0.67570923677714,0.63418076734592,False,2000–2007
CMR,Cameroon,2007,False,False,False,8.98192175035093,5.602686192025106,1.1052343574757306,1295.73067471287,48.2,0.485,0.6237736586612108,0.6523458068663471,False,2000–2007
CMR,Cameroon,2008,False,False,False,10.0769277835546,6.626129463793815,1.0062234759550113,1295.02211276052,50.6,0.501,0.6575545251606905,0.6517703026948566,False,2008–2014
CMR,Cameroon,2009,False,False,False,5.82385438485316,3.9251772440124197,1.4369370158027606,1290.89961351149,51.7,0.516,0.6739827242626685,0.624973156541066,False,2008–2014
CMR,Cameroon,2010,False,False,False,6.92041886170631,3.760432565786816,0.6154373069604661,1290.9013745759,52.8,0.529,0.5433822201998388,0.5885464197161616,False,2008–2014
CMR,Cameroon,2011,False,False,False,8.16416608406496,4.476202564723216,0.6701114613917751,1297.3064962694,53.7,0.538,0.5482743146859775,0.5443673858100874,False,2008–2014
CMR,Cameroon,2012,False,False,False,8.40581417479506,4.551291288864837,1.0430629329005243,1319.66961634054,55.2,0.549,0.5414456225444456,0.5589497570930074,False,2008–2014
CMR,Cameroon,2013,False,False,False,7.33302882488587,4.305436330514421,1.018629889402759,1347.2130636706,56.3,0.558,0.587129334048599,0.5616859103226023,False,2008–2014
CMR,Cameroon,2014,False,False,False,7.03590731300358,3.9153612217839098,0.9001608193375945,1381.81938454907,56.8,0.566,0.556482774374762,0.5653026221704086,False,2008–2014
CMR,Cameroon,2015,False,False,False,5.63563339959601,3.112536420735169,0.9026450203635791,1415.00009710569,58.6,0.575,0.5522957580878648,0.5112031121378079,False,2015–2021
CMR,Cameroon,2016,False,False,False,5.36737216526029,2.2802250320706583,0.5437828535235505,1435.61830727839,59.8,0.579,0.4248308039507968,0.4338772612928714,False,2015–2021
CMR,Cameroon,2017,False,False,False,6.08352640758934,1.974136086463989,0.3171195463545994,1444.90682916573,60.9,0.581,0.3245052218399527,0.3800729903910136,False,2015–2021
CMR,Cameroon,2018,False,False,False,6.10463986256462,2.3861996099774045,0.39160030771736976,1461.01969999317,62.2,0.582,0.3908829453822913,0.3983817186272675,False,2015–2021
CMR,Cameroon,2019,False,False,False,5.55584424286198,2.665455103417009,0.48623180858936943,1470.31785276187,63.2,0.582,0.4797569886595586,0.4301116891493268,False,2015–2021
CMR,Cameroon,2020,False,False,False,4.34202268521826,1.8223257901251229,,1434.51913723409,64.3,0.579,0.41969513340613057,0.41630050957588693,False,2015–2021
CMR,Cameroon,2021,False,False,False,5.52598268395679,1.9310513701330294,,1443.57600237663,65.4,0.574,0.34944940666197155,0.38457227003405114,False,2015–2021
COD,"Congo, Dem. Rep.",2000,False,False,False,7.51126046065517,,0.03737516846041418,339.52682222416,6.7,0.391,,,False,2000–2007
COD,"Congo, Dem. Rep.",2001,False,False,False,18.4200094895652,,0.31950574849145513,322.033920026494,7.1,0.389,,,False,2000–2007
COD,"Congo, Dem. Rep.",2002,False,False,False,18.8676859222972,,0.17633107954701308,321.547848189305,7.7,0.392,,,False,2000–2007
COD,"Congo, Dem. Rep.",2003,False,False,False,29.5533566420657,,0.16889797833436831,329.709536541877,8.3,0.398,,,False,2000–2007
COD,"Congo, Dem. Rep.",2004,False,False,False,24.0864214623167,,0.1406246984113556,341.714925752766,9.0,0.403,,,False,2000–2007
COD,"Congo, Dem. Rep.",2005,False,False,False,23.7428655133964,,0.1530911664296851,351.708486411683,6.0,0.408,,,False,2000–2007
COD,"Congo, Dem. Rep.",2006,False,False,False,24.0258161811706,,0.11964561396250095,358.454382275579,10.2,0.413,,,False,2000–2007
COD,"Congo, Dem. Rep.",2007,False,False,False,25.7637080243213,,0.1175198529545214,377.62283005586,15.2,0.417,,,False,2000–2007
COD,"Congo, Dem. Rep.",2008,False,False,False,28.4584070916592,,0.13156952831570065,393.640517898615,11.6,0.426,,,False,2008–2014
COD,"Congo, Dem. Rep.",2009,False,False,False,28.261800820164,,0.1513637414195956,383.726254541217,12.3,0.431,,,False,2008–2014
COD,"Congo, Dem. Rep.",2010,False,False,False,25.9608846428413,2.0317880255561462,0.1168377926424706,403.722373878525,13.0,0.44,0.07826343568443885,0.06803920343048944,False,2008–2014
COD,"Congo, Dem. Rep.",2011,False,False,False,28.8830474855316,1.669872557866647,0.11658876481797946,389.119308449762,13.7,0.447,0.057814971176540046,0.07748380584344859,False,2008–2014
COD,"Congo, Dem. Rep.",2012,False,False,False,27.1229704627568,2.613922321792184,0.10093440017047274,408.966232816288,15.4,0.451,0.09637301066936689,0.06818180103482528,False,2008–2014
COD,"Congo, Dem. Rep.",2013,False,False,False,25.746219512295,1.2965132217962254,0.03388239805171604,464.526715460494,15.2,0.456,0.050357421258568895,0.06679750861456037,False,2008–2014
COD,"Congo, Dem. Rep.",2014,False,False,False,24.5568779878184,1.317773492859809,0.04288420261486019,481.830241883776,13.5,0.467,0.053662093915745286,0.049328154358087656,False,2008–2014
COD,"Congo, Dem. Rep.",2015,False,False,False,20.1093927301662,0.884108403681366,0.016118914073378673,495.826633014883,16.6,0.477,0.04396494789994879,0.04338966962059659,False,2015–2021
COD,"Congo, Dem. Rep.",2016,False,False,False,20.5721227000572,0.6694573389734985,0.01447070250312177,480.461377880475,17.3,0.487,0.03254196704609569,0.03946813575831296,False,2015–2021
COD,"Congo, Dem. Rep.",2017,False,False,False,24.7656558437341,1.0376188757328886,0.02071336552290628,482.854682128541,18.0,0.491,0.04189749232889442,0.04302233597929899,False,2015–2021
COD,"Congo, Dem. Rep.",2018,False,False,False,18.4167757889728,1.0060633137842787,0.018314695273998798,495.312105711027,18.7,0.497,0.05462754856290685,0.05821112202688473,False,2015–2021
COD,"Congo, Dem. Rep.",2019,False,False,False,12.7500585788424,0.995885721653146,0.011281667698298919,482.524295129472,19.1,0.501,0.07810832518885291,0.06636793687587988,False,2015–2021
COD,"Congo, Dem. Rep.",2020,False,False,False,15.9281973313702,,,470.852950000929,20.1,0.506,,0.088024804382657,False,2015–2021
COD,"Congo, Dem. Rep.",2021,False,False,False,38.8272665239082,3.8027923211169283,2.363874345549738,485.160805929784,20.8,0.508,0.0979412835764611,,False,2015–2021
COG,"Congo, Rep.",2000,False,False,True,59.6838725227388,18.141875924807753,,2057.01922023551,29.4,0.545,0.30396613285935703,0.3530950680332471,False,2000–2007
COG,"Congo, Rep.",2001,False,False,True,48.0984534986102,19.34635251428333,,2056.16505922617,30.3,0.55,0.4022240032071372,0.3577912691196923,False,2000–2007
COG,"Congo, Rep.",2002,False,False,True,46.645011436159,17.127286546613366,,2100.16876714574,31.2,0.552,0.36718367129258267,0.41598045673834533,False,2000–2007
COG,"Congo, Rep.",2003,False,False,True,39.3172945315231,18.814650257697338,,2058.88683675038,32.1,0.553,0.47853369571531607,0.4457904783633573,False,2000–2007
COG,"Congo, Rep.",2004,False,False,True,40.0820482272883,19.706502068012142,,2058.88402946896,33.0,0.557,0.491654068082173,0.5249600628823664,False,2000–2007
COG,"Congo, Rep.",2005,False,False,True,48.0989114251068,29.085047382274436,,2140.03686200251,33.8,0.569,0.6046924248496099,0.5923530485579108,False,2000–2007
COG,"Congo, Rep.",2006,False,False,True,53.3147620920685,36.29203313399787,,2226.0233547376,34.9,0.582,0.6807126527419494,0.6429410666180536,False,2000–2007
COG,"Congo, Rep.",2007,False,False,True,47.4870837640152,30.554050267169526,,2004.10103961966,35.8,0.583,0.6434181222626013,0.6994330225468439,False,2000–2007
COG,"Congo, Rep.",2008,False,False,True,52.6445029945798,40.755704999983635,,2061.55829880574,36.8,0.591,0.774168292635981,0.6639706407057496,False,2008–2014
COG,"Congo, Rep.",2009,False,False,True,35.5779092675085,20.433300785841514,,2211.31572382028,37.1,0.602,0.5743255072186664,0.6867294025813813,False,2008–2014
COG,"Congo, Rep.",2010,False,False,True,43.9398414162223,31.271739419476706,,2332.28508055953,40.0,0.609,0.7116944078894966,0.6580398073596457,False,2008–2014
COG,"Congo, Rep.",2011,False,False,True,51.8437302128778,35.67364519900705,,2307.49384399715,40.8,0.613,0.6880995069707743,0.711354886549497,False,2008–2014
COG,"Congo, Rep.",2012,False,False,True,41.3573491386651,30.36749155451407,,2467.06102906839,41.6,0.624,0.73427074478822,0.7786353113165972,False,2008–2014
COG,"Congo, Rep.",2013,False,False,True,33.1448495573332,30.279002751469736,,2390.65754938662,42.5,0.63,0.9135356821907974,0.8849054882982129,False,2008–2014
COG,"Congo, Rep.",2014,False,False,True,27.6582312920434,27.84935071895045,,2488.68118548992,43.4,0.639,1.0069100379156215,0.8512755975462237,False,2008–2014
COG,"Congo, Rep.",2015,False,False,True,15.885704604199,10.061704620138102,,2439.35189403696,44.3,0.643,0.6333810725322523,0.7600965778776244,False,2015–2021
COG,"Congo, Rep.",2016,False,False,True,17.0000392659621,10.880001724306673,,2174.19310251224,45.3,0.64,0.6399986231849994,0.5396992500295025,False,2015–2021
COG,"Congo, Rep.",2017,False,False,True,29.8063807729514,10.30460396867356,,2003.27121075187,46.2,0.635,0.3457180543712556,0.45288177937741975,False,2015–2021
COG,"Congo, Rep.",2018,False,False,True,42.6682046537325,15.912196410699295,,1909.9560382117,47.0,0.64,0.37292866057600427,0.38088788645405874,False,2015–2021
COG,"Congo, Rep.",2019,False,False,True,39.2430391553175,16.639713552192642,,1885.51080877731,47.7,0.634,0.4240169444149163,0.5078784994215364,False,2015–2021
COG,"Congo, Rep.",2020,False,False,True,26.2181324216101,19.052451851295277,,1725.51040049963,48.7,0.643,0.7266898932736886,0.508531300852612,False,2015–2021
COG,"Congo, Rep.",2021,False,False,True,37.7125480946685,14.137946463949987,,1701.79060456872,49.7,0.643,0.3748870648692311,0.5507884790714599,False,2015–2021
COM,Comoros,2000,False,False,False,1.39951988105558,,,1150.82871091807,39.8,0.461,,,False,2000–2007
COM,Comoros,2001,False,False,False,1.27343022376926,,,1188.50139049127,42.0,0.47,,,False,2000–2007
COM,Comoros,2002,False,False,False,1.37514673190594,,,1217.11534330128,44.8,0.477,,,False,2000–2007
COM,Comoros,2003,False,False,False,1.65536751885293,,,1216.98069479509,46.5,0.485,,,False,2000–2007
COM,Comoros,2004,False,False,False,1.23259320703783,,,1231.14779946851,48.7,0.492,,,False,2000–2007
COM,Comoros,2005,False,False,False,1.29730854580131,,,1274.61470948066,51.0,0.499,,,False,2000–2007
COM,Comoros,2006,False,False,False,1.26530963882956,,,1227.24669435092,53.2,0.506,,,False,2000–2007
COM,Comoros,2007,False,False,False,1.58338531970231,,,1212.6966173611,55.5,0.512,,,False,2000–2007
COM,Comoros,2008,False,False,False,1.71669245535594,,,1235.97280465287,57.8,0.519,,,False,2008–2014
COM,Comoros,2009,False,False,False,1.74911916314292,,,1250.90237145763,60.1,0.526,,,False,2008–2014
COM,Comoros,2010,False,False,False,1.59344239758779,,,1272.60716208007,69.7,0.534,,,False,2008–2014
COM,Comoros,2011,False,False,False,1.63354218561465,,,1299.11093449408,69.3,0.541,,,False,2008–2014
COM,Comoros,2012,False,False,False,1.91653686564634,,,1313.58187559666,69.3,0.548,,,False,2008–2014
COM,Comoros,2013,False,False,False,1.84106336379863,,,1343.54683280656,69.4,0.556,,,False,2008–2014
COM,Comoros,2014,False,False,False,1.97695678379704,,,1342.3295858321,71.8,0.56,,,False,2008–2014
COM,Comoros,2015,False,False,False,2.46576426845081,,,1329.37048235986,74.1,0.565,,,False,2015–2021
COM,Comoros,2016,False,False,False,2.50675650816682,,,1345.6261652831,76.4,0.571,,,False,2015–2021
COM,Comoros,2017,False,False,False,2.36385311111587,,,1369.41180275963,78.7,0.577,,,False,2015–2021
COM,Comoros,2018,False,False,False,1.55194278873705,,,1391.84570443267,81.0,0.584,,,False,2015–2021
COM,Comoros,2019,False,False,False,1.48652356146246,,,1389.36488014859,83.3,0.589,,,False,2015–2021
COM,Comoros,2020,False,False,False,1.59920965443734,,,1359.7070891825,85.6,0.592,,,False,2015–2021
COM,Comoros,2021,False,False,False,1.62843413378353,,,1360.32663361462,87.9,0.594,,,False,2015–2021
CPV,Cabo Verde,2000,False,False,False,17.4649201812329,,,2037.31720912714,58.6,0.585,,,False,2000–2007
CPV,Cabo Verde,2001,False,False,False,24.2633064289875,,,2051.21733888102,60.3,0.591,,,False,2000–2007
CPV,Cabo Verde,2002,False,False,False,19.1975373411355,,,2127.70872296502,58.6,0.6,,,False,2000–2007
CPV,Cabo Verde,2003,False,False,False,14.3561834653377,,,2186.89500422765,63.7,0.606,,,False,2000–2007
CPV,Cabo Verde,2004,False,False,False,25.6539720118683,,,2379.79636224135,65.4,0.61,,,False,2000–2007
CPV,Cabo Verde,2005,False,False,False,32.1530220394275,,,2514.16779255327,67.0,0.616,,,False,2000–2007
CPV,Cabo Verde,2006,False,False,False,30.8532933725145,,,2683.83943856892,68.8,0.631,,,False,2000–2007
CPV,Cabo Verde,2007,False,False,False,22.0523330657685,,,3056.97102851154,70.5,0.636,,,False,2000–2007
CPV,Cabo Verde,2008,False,False,False,49.2057876087633,,,3238.44159287498,72.3,0.643,,,False,2008–2014
CPV,Cabo Verde,2009,False,False,False,21.7497375837386,,,3159.58698693977,74.1,0.644,,,False,2008–2014
CPV,Cabo Verde,2010,False,False,False,33.2873704914624,,,3194.61667734233,81.1,0.648,,,False,2008–2014
CPV,Cabo Verde,2011,False,False,False,40.1340983255841,,,3309.20121643898,82.3,0.654,,,False,2008–2014
CPV,Cabo Verde,2012,False,False,False,25.055847063546,,,3341.7421054836,83.2,0.655,,,False,2008–2014
CPV,Cabo Verde,2013,False,False,False,16.5579387748728,,,3361.09387702205,84.3,0.66,,,False,2008–2014
CPV,Cabo Verde,2014,False,False,False,12.0093542433174,,,3383.8422809791,85.3,0.659,,,False,2008–2014
CPV,Cabo Verde,2015,False,False,False,9.49812397150104,,,3415.06266730931,86.4,0.658,,,False,2015–2021
CPV,Cabo Verde,2016,False,False,False,10.1923207968108,,,3560.1400729534,87.5,0.661,,,False,2015–2021
CPV,Cabo Verde,2017,False,False,False,12.3203094483764,,,3719.71306047915,88.6,0.663,,,False,2015–2021
CPV,Cabo Verde,2018,False,False,False,14.343668170972,,,3853.67940035241,90.2,0.663,,,False,2015–2021
CPV,Cabo Verde,2019,False,False,False,13.1611296712207,,,4115.90283469406,91.4,0.667,,,False,2015–2021
CPV,Cabo Verde,2020,False,False,False,11.5827986817016,,,3255.93628984058,93.7,0.647,,,False,2015–2021
CPV,Cabo Verde,2021,False,False,False,17.6577234520724,,,3471.6553421786,95.5,0.651,,,False,2015–2021
ERI,Eritrea,2000,False,False,False,4.92225490549683,,,845.132430060544,29.3,,,,False,2000–2007
ERI,Eritrea,2001,False,False,False,4.51420535244362,,,893.268735439193,30.3,,,,False,2000–2007
ERI,Eritrea,2002,False,False,False,3.09853412022536,,,889.009113592982,32.2,,,,False,2000–2007
ERI,Eritrea,2003,False,False,False,4.52985692591209,,,830.379672282601,32.4,,,,False,2000–2007
ERI,Eritrea,2004,False,False,False,3.2592329853456,,,808.591420184592,33.4,,,,False,2000–2007
ERI,Eritrea,2005,False,False,False,3.27617159606179,,,809.794793468889,34.5,0.474,,,False,2000–2007
ERI,Eritrea,2006,False,False,False,2.81942129990668,,,789.402432018085,35.6,0.473,,,False,2000–2007
ERI,Eritrea,2007,False,False,False,3.96277101960281,,,789.072701743247,36.7,0.472,,,False,2000–2007
ERI,Eritrea,2008,False,False,False,4.28450780281294,,,693.398874212494,37.8,0.457,,,False,2008–2014
ERI,Eritrea,2009,False,False,False,2.40173936826907,,,702.430936480778,38.9,0.462,,,False,2008–2014
ERI,Eritrea,2010,False,False,False,2.52187707517148,,,703.877374381654,40.1,0.465,,,False,2008–2014
ERI,Eritrea,2011,False,False,False,26.9562621368195,,,751.374899794668,41.2,0.48,,,False,2008–2014
ERI,Eritrea,2012,False,False,False,,,,,42.3,0.483,,,False,2008–2014
ERI,Eritrea,2013,False,False,False,,,,,43.5,0.479,,,False,2008–2014
ERI,Eritrea,2014,False,False,False,,,,,44.6,0.497,,,False,2008–2014
ERI,Eritrea,2015,False,False,False,,,,,45.8,0.48,,,False,2015–2021
ERI,Eritrea,2016,False,False,False,,,,,46.9,0.485,,,False,2015–2021
ERI,Eritrea,2017,False,False,False,,,,,48.0,0.48,,,False,2015–2021
ERI,Eritrea,2018,False,False,False,,,,,49.1,0.49,,,False,2015–2021
ERI,Eritrea,2019,False,False,False,,,,,50.3,0.495,,,False,2015–2021
ERI,Eritrea,2020,False,False,False,,,,,51.4,0.495,,,False,2015–2021
ERI,Eritrea,2021,False,False,False,,,,,52.5,0.496,,,False,2015–2021
ETH,Ethiopia,2000,False,False,False,18.4852654796037,,,247.505413659694,12.7,0.293,,,False,2000–2007
ETH,Ethiopia,2001,False,False,False,18.1488127694134,,,260.04231608135,10.2,0.307,,,False,2000–2007
ETH,Ethiopia,2002,False,False,False,23.1893231496073,,,256.066635883709,11.9,0.314,,,False,2000–2007
ETH,Ethiopia,2003,False,False,False,36.1413210442662,,,243.076666020009,13.5,0.317,,,False,2000–2007
ETH,Ethiopia,2004,False,False,False,27.810993348368,,,267.923513391712,15.2,0.331,,,False,2000–2007
ETH,Ethiopia,2005,False,False,False,23.4931936600342,,,290.833381425059,14.0,0.35,,,False,2000–2007
ETH,Ethiopia,2006,False,False,False,18.828854826567,,,313.013896721503,18.6,0.366,,,False,2000–2007
ETH,Ethiopia,2007,False,False,False,21.9115368349794,,,338.799064654308,20.3,0.383,,,False,2000–2007
ETH,Ethiopia,2008,False,False,False,18.7793493652542,,,364.642208155735,22.0,0.398,,,False,2008–2014
ETH,Ethiopia,2009,False,False,False,16.4317377452986,,,385.632419711374,23.7,0.405,,,False,2008–2014
ETH,Ethiopia,2010,False,False,False,15.8199957578791,,,421.898622378633,25.5,0.415,,,False,2008–2014
ETH,Ethiopia,2011,False,False,False,17.4282532150132,,,455.909628648555,23.0,0.425,,,False,2008–2014
ETH,Ethiopia,2012,False,False,False,14.9281805721075,,,481.639999909808,29.0,0.433,,,False,2008–2014
ETH,Ethiopia,2013,False,False,False,14.0104012014584,,,518.324662208106,30.8,0.441,,,False,2008–2014
ETH,Ethiopia,2014,False,False,False,13.3844820157845,,,556.362532243867,27.2,0.449,,,False,2008–2014
ETH,Ethiopia,2015,False,False,False,12.1932229078984,,,597.912113218663,29.0,0.456,,,False,2015–2021
ETH,Ethiopia,2016,False,False,False,11.2339790417281,,,636.835680951429,42.9,0.463,,,False,2015–2021
ETH,Ethiopia,2017,False,False,False,9.87787063669115,,,678.98541915757,44.3,0.47,,,False,2015–2021
ETH,Ethiopia,2018,False,False,False,6.36887574699294,,,705.96881207336,44.8,0.476,,,False,2015–2021
ETH,Ethiopia,2019,False,False,False,5.50373971369559,,,744.702789740042,48.0,0.482,,,False,2015–2021
ETH,Ethiopia,2020,False,False,False,5.49770060254135,,,768.705424484873,51.1,0.486,,,False,2015–2021
ETH,Ethiopia,2021,False,False,False,5.86707347361267,,,790.657019602458,54.2,0.487,,,False,2015–2021
GAB,Gabon,2000,False,False,True,47.7698658424489,21.203567258798035,,7596.09970650519,73.6,0.652,0.44386909791059703,0.5366126242023199,False,2000–2007
GAB,Gabon,2001,False,False,True,32.5167942663475,20.464644465875224,,7556.76995314898,77.2,0.657,0.6293561504940427,0.5306091857696164,False,2000–2007
GAB,Gabon,2002,False,False,True,31.7271986277113,16.45379846339354,,7338.75620613605,77.8,0.661,0.5186023089042092,0.5758149455824201,False,2000–2007
GAB,Gabon,2003,False,False,True,26.0570264508303,15.099691862478934,,7301.67154442842,78.5,0.664,0.5794863773490082,0.5437993598784819,False,2000–2007
GAB,Gabon,2004,False,False,True,27.4567837566907,14.642960689507733,,7148.98713447497,79.2,0.665,0.5333093933822282,0.5314149857848411,False,2000–2007
GAB,Gabon,2005,False,False,True,37.767344326428,18.183057206880378,,7130.22505771754,81.6,0.671,0.48144918662328706,0.5071432486200588,False,2000–2007
GAB,Gabon,2006,False,False,True,37.655973866027,19.079196180092545,,6724.08148977274,80.5,0.67,0.506671165854661,0.47223548919287833,False,2000–2007
GAB,Gabon,2007,False,False,True,37.533512307082,16.08634222577609,,6908.67399162999,81.3,0.674,0.4285861151006868,0.4709330886176843,False,2000–2007
GAB,Gabon,2008,False,False,True,41.0680827434693,19.611733749259518,,6468.38523357609,82.0,0.675,0.47754198489770505,0.47734465818096244,False,2008–2014
GAB,Gabon,2009,False,False,True,27.7362590783372,14.586661587185626,,6264.83611480154,82.7,0.681,0.5259058745444954,0.4641040453945644,False,2008–2014
GAB,Gabon,2010,False,False,True,35.6548863864577,13.864911606969974,,6481.49612073562,89.3,0.684,0.38886427674149293,0.44106099208540006,False,2008–2014
GAB,Gabon,2011,False,False,True,39.1459946806966,15.987726273812186,,6699.23394606512,88.7,0.69,0.40841282497021186,0.4090400156163871,False,2008–2014
GAB,Gabon,2012,False,False,True,40.6293332424739,17.464232259916145,,6803.22668079211,89.3,0.699,0.42984294513745647,0.4365511143073462,False,2008–2014
GAB,Gabon,2013,False,False,True,32.806984483505,15.465132856882969,,6938.25753862236,86.4,0.707,0.47139757281437045,0.4984684662461254,False,2008–2014
GAB,Gabon,2014,False,False,True,24.7540184011901,14.707968392331164,,6998.60545439576,87.1,0.716,0.5941648807865494,0.5434823951329565,False,2008–2014
GAB,Gabon,2015,False,False,True,12.5534347249347,7.091243607737805,,7047.12654634355,87.3,0.72,0.5648847317979496,0.5318306139791598,False,2015–2021
GAB,Gabon,2016,False,False,True,11.6621945364629,5.0898741826420135,,6991.3251446736,88.1,0.724,0.43644222935298016,0.4584710044228981,False,2015–2021
GAB,Gabon,2017,False,False,True,17.699784026005,6.621242329625283,,6840.05959347802,86.3,0.726,0.3740860521177646,0.36846357305018657,False,2015–2021
GAB,Gabon,2018,False,False,True,21.16026297404,6.239366722471363,,6724.5961429108,89.6,0.727,0.29486243767981485,0.3543214762268309,False,2015–2021
GAB,Gabon,2019,False,False,True,19.1754988018892,7.555452163974552,,6817.56879468764,90.3,0.73,0.39401593888291325,0.34008017576223004,False,2015–2021
GAB,Gabon,2020,False,False,True,13.4988249621846,4.472999671715796,,6534.27966529444,91.1,0.732,0.33136215072396213,0.3411161763804324,False,2015–2021
GAB,Gabon,2021,False,False,True,18.4933440925176,5.51046986770877,,6479.0490069252,91.8,0.72,0.2979704395344217,0.3146662951291919,False,2015–2021
GHA,Ghana,2000,False,False,False,13.7597235776938,0.117536,,1022.27520714566,43.7,0.487,0.008542032064549631,0.0070079640354990275,False,2000–2007
GHA,Ghana,2001,False,False,False,12.746063574387,0.06977062649777473,,1035.22666053257,44.8,0.486,0.005473896006448424,0.009663458103876442,False,2000–2007
GHA,Ghana,2002,False,False,False,13.4249078896054,0.20103056147832268,,1052.46591644399,46.8,0.493,0.014974446240631272,0.007769995167441348,False,2000–2007
GHA,Ghana,2003,False,False,False,15.6197723814453,0.044698216283814915,,1077.69990866645,48.3,0.495,0.0028616432552443496,0.008575646044597863,False,2000–2007
GHA,Ghana,2004,False,False,False,12.3974101450175,0.09782608695652173,,1108.30475353633,50.8,0.503,0.007890848637917967,0.005896032931630488,False,2000–2007
GHA,Ghana,2005,False,False,False,11.7318044619005,0.08136718399569391,,1143.31178934301,41.2,0.515,0.006935606901729147,0.006956606278596168,False,2000–2007
GHA,Ghana,2006,False,False,False,7.57618461499477,0.04578563602705051,,1185.26570738595,55.1,0.524,0.006043363296141394,0.008785893266408247,False,2000–2007
GHA,Ghana,2007,False,False,False,8.82815308813168,0.11810929648241207,,1205.31705804209,56.9,0.534,0.013378709601354203,0.01208722997189353,False,2000–2007
GHA,Ghana,2008,False,False,False,9.16190193076971,0.1542829196723316,,1282.63416886747,60.5,0.546,0.016839617018184996,0.032205261858579505,False,2008–2014
GHA,Ghana,2009,False,False,False,10.8115826827154,0.717861617427151,,1311.63053760125,61.1,0.551,0.0663974589561993,0.04618926434999419,False,2008–2014
GHA,Ghana,2010,False,False,False,10.1146292384946,0.5596496887197188,,1381.2279503506,64.2,0.558,0.05533071707559827,0.06419734405924739,False,2008–2014
GHA,Ghana,2011,False,False,False,16.0706874677608,1.1388308848818356,,1537.81834019283,64.1,0.568,0.07086385614594458,0.06853297419258814,False,2008–2014
GHA,Ghana,2012,False,False,False,15.8226771827735,1.2563893867716627,,1640.54072088003,56.5,0.575,0.07940434935622157,0.11260362250933463,False,2008–2014
GHA,Ghana,2013,False,False,False,10.8892140729202,2.0421921946046693,0.33643053390960653,1718.59704769958,70.7,0.582,0.18754266202583775,0.14941299945209482,False,2008–2014
GHA,Ghana,2014,False,False,False,12.249534681472,2.2207424819137405,0.5020310806382496,1726.36930134647,78.3,0.58,0.1812919869742251,0.16890319856084982,False,2008–2014
GHA,Ghana,2015,False,False,False,10.5635168212992,1.4564443185161775,0.02443904405915238,1722.77282833606,74.0,0.588,0.13787494668248662,0.13876439586406494,False,2015–2021
GHA,Ghana,2016,False,False,False,8.64980290681468,0.8401229536191626,0.019133860060566044,1740.81101902928,79.3,0.59,0.09712625393548312,0.12099172651364581,False,2015–2021
GHA,Ghana,2017,False,False,False,10.3700404312643,1.3270953355809405,0.0855200572302681,1841.44636153249,79.0,0.594,0.12797397892296772,0.13433156348782715,False,2015–2021
GHA,Ghana,2018,False,False,False,9.7904078745383,1.7416592985730117,0.238422877306734,1915.4532323781,80.4,0.6,0.17789445760503064,0.15986965481534615,False,2015–2021
GHA,Ghana,2019,False,False,False,9.76736656039863,1.6969874225726698,0.25961676826812574,1999.55372220211,83.5,0.609,0.17374052791804012,0.17130528881041626,False,2015–2021
GHA,Ghana,2020,False,False,False,8.48657958474163,1.3772096109092313,0.24263753260814447,1970.19411460398,85.4,0.614,0.16228088090817802,0.1437209403760775,False,2015–2021
GHA,Ghana,2021,False,False,False,13.3474845007777,1.2698985260832367,0.20212023088835704,2030.04866500967,86.3,0.618,0.09514141230201431,0.12871114660509617,False,2015–2021
GIN,Guinea,2000,False,False,False,12.3846874448677,2.0750346122576717,2.0750346122576717,614.137235083638,15.2,0.359,0.16754840374413973,0.1766388687715722,False,2000–2007
GIN,Guinea,2001,False,False,False,12.0823443635609,2.2440457693743245,2.2440457693743245,628.320554864936,16.4,0.366,0.18572933379900464,0.1681114564483824,False,2000–2007
GIN,Guinea,2002,False,False,False,12.1114517779361,1.829515111807406,1.829515111807406,650.554963973291,17.7,0.377,0.15105663180200282,0.13734782925868524,False,2000–2007
GIN,Guinea,2003,False,False,False,14.8963920119094,1.1210655521644823,1.1210655521644823,644.071217908894,18.9,0.384,0.07525752217504819,0.1112315135003691,False,2000–2007
GIN,Guinea,2004,False,False,False,14.1598705167376,1.520492369217872,1.520492369217872,645.182843390689,20.2,0.391,0.10738038652405628,0.09751307923757296,False,2000–2007
GIN,Guinea,2005,False,False,False,21.0874675395337,2.3175407081262076,2.3175407081262076,651.359606871604,20.2,0.401,0.10990132901361442,0.13064989249228925,False,2000–2007
GIN,Guinea,2006,False,False,False,17.7856920060446,3.1065905743740796,3.1065905743740796,645.472001923653,22.8,0.409,0.17466796193919706,0.1392348591504459,False,2000–2007
GIN,Guinea,2007,False,False,False,16.2933051533271,2.1692138495961166,2.1692138495961166,673.698997420626,24.1,0.416,0.13313528649852618,0.15302464092895093,False,2000–2007
GIN,Guinea,2008,False,False,False,15.2239654800407,2.3029395244336266,2.3029395244336266,684.775780377366,25.4,0.422,0.15127067434912955,0.14288506916337326,False,2008–2014
GIN,Guinea,2009,False,False,False,15.5855333124984,2.2482014388489207,2.2482014388489207,660.756701330284,26.7,0.424,0.144249246642464,0.155829009310634,False,2008–2014
GIN,Guinea,2010,False,False,False,15.2920806038969,2.6297348605501547,2.6297348605501547,675.736917327708,28.1,0.43,0.17196710694030842,0.15794861763877296,False,2008–2014
GIN,Guinea,2011,False,False,False,18.1995114826407,2.8687798831237825,2.8687798831237825,696.199991395571,29.5,0.436,0.15762949933354642,0.17227738737140605,False,2008–2014
GIN,Guinea,2012,False,False,False,16.6316633604097,3.114038733836114,3.114038733836114,719.505916794546,26.2,0.44,0.18723555584036325,0.17514727360767926,False,2008–2014
GIN,Guinea,2013,False,False,False,14.2501576757042,2.5732473830687614,2.5732473830687614,729.833143236326,32.2,0.445,0.1805767656491281,0.171476078615169,False,2008–2014
GIN,Guinea,2014,False,False,False,14.9319543061707,2.189262133721463,2.189262133721463,738.272274481308,33.5,0.451,0.14661591435601568,0.1649604152643592,False,2008–2014
GIN,Guinea,2015,False,False,False,14.1138586026586,2.366732706813512,2.366732706813512,747.356966759448,34.9,0.465,0.16768856578793379,0.1446741147141077,False,2015–2021
GIN,Guinea,2016,False,False,False,18.1063644814226,2.167655280491934,2.167655280491934,807.236421043888,33.5,0.482,0.11971786399837366,0.13615572152102967,False,2015–2021
GIN,Guinea,2017,False,False,False,18.9531246230915,2.2944791931873687,2.2944791931873687,867.907502577607,35.4,0.482,0.12106073477678159,0.14485734945967735,False,2015–2021
GIN,Guinea,2018,False,False,False,13.7023759938136,2.655430711610487,2.655430711610487,899.907328045175,45.0,0.479,0.1937934496038768,0.2424553901649064,False,2015–2021
GIN,Guinea,2019,False,False,False,4.65794341633325,1.9214574898785426,1.9214574898785426,926.42221954853,42.2,0.486,0.4125119861140608,0.31960321889192245,False,2015–2021
GIN,Guinea,2020,False,False,False,4.8276880509577,1.7017804154302671,1.7017804154302671,945.570903389665,44.7,0.488,0.3525042209578297,0.4134388725126143,False,2015–2021
GIN,Guinea,2021,False,False,False,4.51955879028644,2.148148148148148,2.0778405524168235,973.646890096159,46.8,0.49,0.47530041046595234,0.413902315711891,False,2015–2021
GMB,"Gambia, The",2000,False,False,False,2.25584549955561,,,659.911237641141,34.3,0.403,,,False,2000–2007
GMB,"Gambia, The",2001,False,False,False,2.48956240559623,,,679.539755947951,29.9,0.41,,,False,2000–2007
GMB,"Gambia, The",2002,False,False,False,3.54757628277213,,,640.03893213613,31.5,0.415,,,False,2000–2007
GMB,"Gambia, The",2003,False,False,False,6.12286065692919,,,665.834222326194,27.8,0.422,,,False,2000–2007
GMB,"Gambia, The",2004,False,False,False,2.5497949802114,,,693.563314497133,34.8,0.432,,,False,2000–2007
GMB,"Gambia, The",2005,False,False,False,2.63182573752435,,,658.676285443081,30.5,0.436,,,False,2000–2007
GMB,"Gambia, The",2006,False,False,False,2.72961175784069,,,636.596026908866,38.1,0.441,,,False,2000–2007
GMB,"Gambia, The",2007,False,False,False,3.04093237747013,,,637.20930597537,39.8,0.447,,,False,2000–2007
GMB,"Gambia, The",2008,False,False,False,3.18489288621072,,,657.675679192228,41.5,0.455,,,False,2008–2014
GMB,"Gambia, The",2009,False,False,False,3.29749846666455,,,681.433469086571,43.2,0.459,,,False,2008–2014
GMB,"Gambia, The",2010,False,False,False,3.03032430579774,,,701.014524591061,46.8,0.463,,,False,2008–2014
GMB,"Gambia, The",2011,False,False,False,4.46743879941924,,,625.464360270983,48.3,0.463,,,False,2008–2014
GMB,"Gambia, The",2012,False,False,False,5.78123297887422,,,639.139881889048,49.9,0.469,,,False,2008–2014
GMB,"Gambia, The",2013,False,False,False,5.90666401996967,,,638.522368532214,51.5,0.474,,,False,2008–2014
GMB,"Gambia, The",2014,False,False,False,5.2409154628157,,,611.879472952196,53.0,0.477,,,False,2008–2014
GMB,"Gambia, The",2015,False,False,False,5.55888177634649,,,619.536364296461,54.7,0.482,,,False,2015–2021
GMB,"Gambia, The",2016,False,False,False,6.56105812711213,,,615.193365494386,56.4,0.487,,,False,2015–2021
GMB,"Gambia, The",2017,False,False,False,6.49323709656864,,,628.777299272925,56.2,0.493,,,False,2015–2021
GMB,"Gambia, The",2018,False,False,False,2.72252448983926,,,658.127833258563,60.3,0.5,,,False,2015–2021
GMB,"Gambia, The",2019,False,False,False,2.81390983977653,,,682.797642940426,62.1,0.508,,,False,2015–2021
GMB,"Gambia, The",2020,False,False,False,3.03439304457224,,,670.758642891251,62.2,0.512,,,False,2015–2021
GMB,"Gambia, The",2021,False,False,False,2.85673041093642,,,689.49323955737,63.7,0.513,,,False,2015–2021
GNB,Guinea-Bissau,2000,False,False,False,11.8568115340533,,,571.094015178625,,,,,False,2000–2007
GNB,Guinea-Bissau,2001,False,False,False,11.0270151878701,,,585.837980688333,,,,,False,2000–2007
GNB,Guinea-Bissau,2002,False,False,False,12.5778661904573,,,594.040535151552,1.3,,,,False,2000–2007
GNB,Guinea-Bissau,2003,False,False,False,17.8267671662477,,,579.092506821836,2.6,,,,False,2000–2007
GNB,Guinea-Bissau,2004,False,False,False,14.1311490985512,,,572.526464627294,3.9,,,,False,2000–2007
GNB,Guinea-Bissau,2005,False,False,False,13.3963690749939,,,595.94255560187,5.2,0.412,,,False,2000–2007
GNB,Guinea-Bissau,2006,False,False,False,13.3637311240334,,,597.257151722046,14.5,0.424,,,False,2000–2007
GNB,Guinea-Bissau,2007,False,False,False,16.7234362875899,,,597.482020935948,7.9,0.431,,,False,2000–2007
GNB,Guinea-Bissau,2008,False,False,False,15.9806489073256,,,608.958620496925,9.3,0.436,,,False,2008–2014
GNB,Guinea-Bissau,2009,False,False,False,17.1974480172831,,,608.202131879882,4.7,0.444,,,False,2008–2014
GNB,Guinea-Bissau,2010,False,False,False,14.9307329026999,,,625.904027290582,6.0,0.452,,,False,2008–2014
GNB,Guinea-Bissau,2011,False,False,False,13.2487755763413,,,658.953470528116,13.5,0.46,,,False,2008–2014
GNB,Guinea-Bissau,2012,False,False,False,17.1198567468218,,,630.66862302825,14.9,0.462,,,False,2008–2014
GNB,Guinea-Bissau,2013,False,False,False,16.9399233052409,,,634.095456089352,16.3,0.469,,,False,2008–2014
GNB,Guinea-Bissau,2014,False,False,False,18.6987838921976,,,623.610159103365,17.2,0.476,,,False,2008–2014
GNB,Guinea-Bissau,2015,False,False,False,19.8714177012089,,,645.066837207039,20.1,0.481,,,False,2015–2021
GNB,Guinea-Bissau,2016,False,False,False,18.7015046109056,,,663.242608032005,22.9,0.486,,,False,2015–2021
GNB,Guinea-Bissau,2017,False,False,False,15.9857332638944,,,677.466131311367,26.0,0.491,,,False,2015–2021
GNB,Guinea-Bissau,2018,False,False,False,9.88886799180997,,,686.456819839526,28.4,0.493,,,False,2015–2021
GNB,Guinea-Bissau,2019,False,False,False,9.94740073583492,,,706.298562874985,30.9,0.501,,,False,2015–2021
GNB,Guinea-Bissau,2020,False,False,False,11.1515860354561,,,710.275830755611,33.4,0.498,,,False,2015–2021
GNB,Guinea-Bissau,2021,False,False,False,10.4285037712862,,,729.396882757942,35.8,0.502,,,False,2015–2021
GNQ,Equatorial Guinea,2000,False,False,True,88.5923456549581,17.908002673634318,3.838245123655587,3839.08642737128,64.8,0.508,0.2021393895967139,,False,2000–2007
GNQ,Equatorial Guinea,2001,False,False,True,,24.780135434288596,5.7668057116662395,5882.85050306586,64.9,0.521,,,False,2000–2007
GNQ,Equatorial Guinea,2002,False,False,True,,25.23062531581783,10.412418061369234,6604.0054631081,64.9,0.536,,,False,2000–2007
GNQ,Equatorial Guinea,2003,False,False,True,,18.92334175961675,6.0090963215185225,7082.65489186921,64.9,0.541,,,False,2000–2007
GNQ,Equatorial Guinea,2004,False,False,True,,23.989156173207395,5.43596642348542,9208.60566707162,64.9,0.552,,,False,2000–2007
GNQ,Equatorial Guinea,2005,False,False,True,56.289114416548,32.467464774016946,7.2301789197079485,10212.4545051498,65.0,0.566,0.5767982870320676,0.6234516134564041,False,2000–2007
GNQ,Equatorial Guinea,2006,False,False,True,53.9325201023447,36.14044814079853,8.154874741806541,10521.9996774827,65.1,0.591,0.6701049398807407,0.638184665651486,False,2000–2007
GNQ,Equatorial Guinea,2007,False,False,True,50.1443326959341,33.478902337665076,6.311413170741284,11594.9172068456,65.1,0.603,0.6676507700416497,0.6797867451114037,False,2000–2007
GNQ,Equatorial Guinea,2008,False,False,True,46.4378660078331,32.58101694156346,6.940214540597485,13048.0703050168,65.2,0.613,0.7016045254118206,0.8186792273890701,False,2008–2014
GNQ,Equatorial Guinea,2009,False,False,True,27.7370036664958,30.144087044962042,10.52717766366837,12627.862381545,65.4,0.615,1.0867823867137394,0.8103799029183906,False,2008–2014
GNQ,Equatorial Guinea,2010,False,False,True,36.311150239718,23.33909336541674,5.401191458238694,10984.3243932426,66.1,0.612,0.6427527966296117,0.8036985602458149,False,2008–2014
GNQ,Equatorial Guinea,2011,False,False,True,37.6841563581666,25.68403235134882,5.057320103224971,11203.9073679091,66.1,0.624,0.6815604973940935,0.6504900346546915,False,2008–2014
GNQ,Equatorial Guinea,2012,False,False,True,39.0027634245776,24.460848688217002,6.386416145349933,11650.7196270884,65.7,0.635,0.6271568099403693,0.6496992795123123,False,2008–2014
GNQ,Equatorial Guinea,2013,False,False,True,33.3474569225038,21.355062178284605,5.7654055556923876,10731.6455729191,65.9,0.644,0.6403805312024741,0.6848836899955736,False,2008–2014
GNQ,Equatorial Guinea,2014,False,False,True,27.1072398964958,21.336480673596323,7.444040357120392,10363.4872473549,66.0,0.652,0.7871137288438772,0.8987781337819635,False,2008–2014
GNQ,Equatorial Guinea,2015,False,False,True,17.5005073478909,22.20534621611151,8.492165912805211,9068.91003238645,66.1,0.656,1.2688401412995391,0.943725622405304,False,2015–2021
GNQ,Equatorial Guinea,2016,False,False,True,16.4599653575836,12.760143676215407,3.692935699234106,7971.83401904573,66.2,0.659,0.7752229970724954,0.8930506148605382,False,2015–2021
GNQ,Equatorial Guinea,2017,False,False,True,21.9589067386853,13.945853670448468,3.8534595668344456,7259.10936454803,66.4,0.661,0.6350887062095797,0.6612404341948169,False,2015–2021
GNQ,Equatorial Guinea,2018,False,False,True,27.8023533090755,15.942136270620063,3.5457043318357013,6578.90039765711,66.5,0.663,0.5734095993023758,0.5964906516770019,False,2015–2021
GNQ,Equatorial Guinea,2019,False,False,True,25.4372801609757,14.778389488960588,6.3979613031475715,6018.12066321865,66.6,0.667,0.5809736495190503,0.5995371315544386,False,2015–2021
GNQ,Equatorial Guinea,2020,False,False,True,16.6815988795919,10.746755515877629,5.443617990068734,5575.26241511492,66.7,0.668,0.6442281458418894,0.5832426596173174,False,2015–2021
GNQ,Equatorial Guinea,2021,False,False,True,23.500064053404,12.326398909726326,3.3657711993025177,5487.92479201992,66.8,0.671,0.5245261834910122,0.5843771646664508,False,2015–2021
KEN,Kenya,2000,False,False,False,3.31396754858766,,,1195.41296851656,15.2,0.5,,,False,2000–2007
KEN,Kenya,2001,False,False,False,3.14162066789234,,,1202.29348759987,17.0,0.505,,,False,2000–2007
KEN,Kenya,2002,False,False,False,3.73954391156623,,,1171.4262517349,18.9,0.504,,,False,2000–2007
KEN,Kenya,2003,False,False,False,5.08542139634021,,,1169.14433674051,16.0,0.515,,,False,2000–2007
KEN,Kenya,2004,False,False,False,4.12367812938474,,,1191.25443604556,22.6,0.526,,,False,2000–2007
KEN,Kenya,2005,False,False,False,4.07693603995981,,,1223.44738472019,24.5,0.532,,,False,2000–2007
KEN,Kenya,2006,False,False,False,2.95041850869952,,,1263.54164666211,26.4,0.541,,,False,2000–2007
KEN,Kenya,2007,False,False,False,3.63389849443088,,,1309.91092948216,28.3,0.548,,,False,2000–2007
KEN,Kenya,2008,False,False,False,3.63886873395414,,,1273.77226103073,30.3,0.553,,,False,2008–2014
KEN,Kenya,2009,False,False,False,3.24572373518734,,,1276.73503486074,23.0,0.553,,,False,2008–2014
KEN,Kenya,2010,False,False,False,2.67307931109746,,,1340.16467408856,19.2,0.552,,,False,2008–2014
KEN,Kenya,2011,False,False,False,2.9431872828815,,,1370.58000874482,36.2,0.56,,,False,2008–2014
KEN,Kenya,2012,False,False,False,2.90888320855534,,,1396.30178709756,38.1,0.565,,,False,2008–2014
KEN,Kenya,2013,False,False,False,2.66940200706872,,,1413.94142522583,40.1,0.57,,,False,2008–2014
KEN,Kenya,2014,False,False,False,2.64310943602707,,,1450.59338202277,36.0,0.576,,,False,2008–2014
KEN,Kenya,2015,False,False,False,2.70967011611946,,,1489.11959777284,41.6,0.583,,,False,2015–2021
KEN,Kenya,2016,False,False,False,2.65839831359762,,,1517.97796057742,53.1,0.594,,,False,2015–2021
KEN,Kenya,2017,False,False,False,2.31435620783369,,,1542.33773973372,55.8,0.599,,,False,2015–2021
KEN,Kenya,2018,False,False,False,1.36132463517161,,,1596.69045914945,61.2,0.605,,,False,2015–2021
KEN,Kenya,2019,False,False,False,1.22718421158535,,,1645.70961777862,69.7,0.611,,,False,2015–2021
KEN,Kenya,2020,False,False,False,1.26881196888613,,,1609.33414078281,71.5,0.6,,,False,2015–2021
KEN,Kenya,2021,False,False,False,1.22792857770901,,,1698.89578271444,76.5,0.608,,,False,2015–2021
LBR,Liberia,2000,False,False,False,17.8409546807596,,,754.850917360951,,0.443,,,False,2000–2007
LBR,Liberia,2001,False,False,False,17.2522953084162,,,754.422355762017,,0.448,,,False,2000–2007
LBR,Liberia,2002,False,False,False,23.8997704226428,,,762.716393927064,,0.453,,,False,2000–2007
LBR,Liberia,2003,False,False,False,34.1776687503452,,,528.567395543421,,0.429,,,False,2000–2007
LBR,Liberia,2004,False,False,False,19.7880546295418,,,535.995882066218,,0.442,,,False,2000–2007
LBR,Liberia,2005,False,False,False,20.0544068144487,,,539.665378841936,,0.446,,,False,2000–2007
LBR,Liberia,2006,False,False,False,17.6485875136497,,,551.377446611852,,0.45,,,False,2000–2007
LBR,Liberia,2007,False,False,False,21.5770270088301,,,574.609394348543,3.0,0.455,,,False,2000–2007
LBR,Liberia,2008,False,False,False,21.7673829953965,,,591.185378141907,1.3,0.459,,,False,2008–2014
LBR,Liberia,2009,False,False,False,22.0777491215739,,,603.256211077605,1.9,0.463,,,False,2008–2014
LBR,Liberia,2010,False,False,False,18.3646624868945,,,621.783295071575,5.3,0.467,,,False,2008–2014
LBR,Liberia,2011,False,False,False,23.2729658968842,,,646.908727016597,4.1,0.471,,,False,2008–2014
LBR,Liberia,2012,False,False,False,26.7116015359801,1.6672897196261682,,674.360011422232,9.3,0.475,0.06241818624691431,0.053209543894214624,False,2008–2014
LBR,Liberia,2013,False,False,False,28.3711783328734,1.2483574244415243,,717.007280358975,9.8,0.481,0.04400090154151494,0.047422208023943264,False,2008–2014
LBR,Liberia,2014,False,False,False,26.1806367790867,0.9385113268608414,,707.157694930142,9.4,0.479,0.035847536283400545,0.03881238411442114,False,2008–2014
LBR,Liberia,2015,False,False,False,19.4462580281234,0.7115135834411385,,692.590082351257,15.2,0.48,0.03658871451834792,0.03621812540087423,False,2015–2021
LBR,Liberia,2016,False,False,False,20.1143619477823,,,668.031513175601,17.7,0.485,,,False,2015–2021
LBR,Liberia,2017,False,False,False,21.3240563239483,,,671.260899835355,24.2,0.491,,,False,2015–2021
LBR,Liberia,2018,False,False,False,14.0250297312743,,,665.875439637137,22.8,0.495,,,False,2015–2021
LBR,Liberia,2019,False,False,False,14.2604895547102,,,636.699384824869,23.1,0.497,,,False,2015–2021
LBR,Liberia,2020,False,False,False,17.4661654481066,,,605.025475431411,27.6,0.498,,,False,2015–2021
LBR,Liberia,2021,False,False,False,21.9156000871056,,,621.927983063426,29.8,0.503,,,False,2015–2021
LSO,Lesotho,2000,False,False,False,3.45870923985656,,,725.263668707773,4.3,0.462,,,False,2000–2007
LSO,Lesotho,2001,False,False,False,3.61294719864822,,,752.243212493971,1.3,0.457,,,False,2000–2007
LSO,Lesotho,2002,False,False,False,4.64972989607064,,,760.033443180306,3.4,0.455,,,False,2000–2007
LSO,Lesotho,2003,False,False,False,5.46817367450901,,,798.540500554454,5.4,0.456,,,False,2000–2007
LSO,Lesotho,2004,False,False,False,3.85504573954824,,,817.793597897186,6.8,0.454,,,False,2000–2007
LSO,Lesotho,2005,False,False,False,3.46065787841255,,,853.960500629797,9.6,0.454,,,False,2000–2007
LSO,Lesotho,2006,False,False,False,3.06843905736909,,,893.750686627156,9.7,0.451,,,False,2000–2007
LSO,Lesotho,2007,False,False,False,5.0525676359588,,,927.26863327342,13.9,0.458,,,False,2000–2007
LSO,Lesotho,2008,False,False,False,5.45904125705999,,,971.881366821351,16.0,0.463,,,False,2008–2014
LSO,Lesotho,2009,False,False,False,5.90302783789186,,,952.747929746529,17.0,0.468,,,False,2008–2014
LSO,Lesotho,2010,False,False,False,3.93439968984273,,,995.233432451681,17.0,0.478,,,False,2008–2014
LSO,Lesotho,2011,False,False,False,3.88951380908295,,,1031.99721564343,22.5,0.485,,,False,2008–2014
LSO,Lesotho,2012,False,False,False,4.7058759222187,,,1086.39034816283,20.6,0.496,,,False,2008–2014
LSO,Lesotho,2013,False,False,False,5.10158145699247,,,1093.95323489272,26.9,0.502,,,False,2008–2014
LSO,Lesotho,2014,False,False,False,5.59052228450031,,,1100.04993684215,27.8,0.509,,,False,2008–2014
LSO,Lesotho,2015,False,False,False,6.21135692867531,,,1121.19851342518,31.8,0.517,,,False,2015–2021
LSO,Lesotho,2016,False,False,False,7.27012601835192,,,1147.58748801671,35.1,0.526,,,False,2015–2021
LSO,Lesotho,2017,False,False,False,6.29773888103094,,,1097.82166812752,33.7,0.531,,,False,2015–2021
LSO,Lesotho,2018,False,False,False,3.60958084633478,,,1068.44462913373,47.0,0.538,,,False,2015–2021
LSO,Lesotho,2019,False,False,False,3.73425482845294,,,1040.99351014117,44.6,0.541,,,False,2015–2021
LSO,Lesotho,2020,False,False,False,4.55548495060365,,,944.834128375429,47.5,0.537,,,False,2015–2021
LSO,Lesotho,2021,False,False,False,4.31788190525398,,,955.221236301503,50.4,0.532,,,False,2015–2021
MDG,Madagascar,2000,False,False,False,3.28334073398533,1.3596156068275562,1.2694576220763691,465.529509827021,12.6,0.443,0.4140951905339566,0.35692260682965093,False,2000–2007
MDG,Madagascar,2001,False,False,False,2.78738585949357,0.8355189758424579,0.7594104730825828,478.40561494987,14.8,0.451,0.2997500231253452,0.3131096108316998,False,2000–2007
MDG,Madagascar,2002,False,False,False,3.50534579179508,0.7903980544047892,0.697707684275102,406.70122213637,14.0,0.448,0.22548361883579768,0.2401841037775149,False,2000–2007
MDG,Madagascar,2003,False,False,False,5.21855839818452,1.0192818823703544,0.9288778623187579,433.601040301214,20.3,0.458,0.1953186693714018,0.22261603543884192,False,2000–2007
MDG,Madagascar,2004,False,False,False,6.16053834340743,1.521935235040963,1.4412401884680461,443.278654985967,15.3,0.465,0.24704581810932638,0.2365863927972999,False,2000–2007
MDG,Madagascar,2005,False,False,False,5.46552559841922,1.4614525280564037,1.3158185109765292,450.955230911228,16.0,0.47,0.26739469091117163,0.21460743518434489,False,2000–2007
MDG,Madagascar,2006,False,False,False,5.6245995828571,0.7277207988062078,0.6541232646301374,461.540337897729,16.8,0.474,0.12938179653253665,0.1687307916369837,False,2000–2007
MDG,Madagascar,2007,False,False,False,6.43424742692885,0.7040088924012439,0.627328458438441,473.785462328449,17.5,0.482,0.10941588746724284,0.11583705974994081,False,2000–2007
MDG,Madagascar,2008,False,False,False,5.80936537783052,0.6315564154085422,0.549897306657515,490.963935389518,18.3,0.49,0.10871349525004295,0.1081118136456277,False,2008–2014
MDG,Madagascar,2009,False,False,False,6.87903891334948,0.7305956073260703,0.481905846487109,457.789754866068,17.4,0.493,0.10620605821959732,0.16286992706156952,False,2008–2014
MDG,Madagascar,2010,False,False,False,5.80844502636667,1.5897146419367496,0.4330892516054575,447.417143030687,12.3,0.493,0.2736902277150683,0.14993044915535755,False,2008–2014
MDG,Madagascar,2011,False,False,False,5.89544167157359,0.4120622583894575,0.3717481494558707,441.755158414121,14.3,0.494,0.06989506153140708,0.13288384162506037,False,2008–2014
MDG,Madagascar,2012,False,False,False,6.69129717051904,0.3684645466534931,0.30130860057639697,442.641500123543,18.7,0.496,0.05506623562870568,0.05810151893371985,False,2008–2014
MDG,Madagascar,2013,False,False,False,6.77436297702956,0.3342691512782643,0.29050549268746795,440.674658903628,12.9,0.497,0.04934325964104679,0.05071192299398727,False,2008–2014
MDG,Madagascar,2014,False,False,False,7.17890334828133,0.3426223061535708,0.28951156637562736,443.343869908205,23.0,0.5,0.04772627371220933,0.048763191402715955,False,2008–2014
MDG,Madagascar,2015,False,False,False,8.60993537983163,0.4237813711532908,0.38144056523771663,445.320069480568,23.8,0.501,0.04922004085489176,0.046289784297078064,False,2015–2021
MDG,Madagascar,2016,False,False,False,8.77277190379424,0.3677812527316441,0.335834467616019,451.15659433146,22.9,0.501,0.041923038324133105,0.04568146467745587,False,2015–2021
MDG,Madagascar,2017,False,False,False,7.63973631390415,0.3506739419410304,0.3296455841264491,456.851859574031,24.1,0.505,0.045901314853342735,0.0638938558273436,False,2015–2021
MDG,Madagascar,2018,False,False,False,5.16989441363436,0.5369308320487451,0.5049757618842329,459.330367799543,36.5,0.501,0.10385721430455494,0.09129650852270776,False,2015–2021
MDG,Madagascar,2019,False,False,False,4.7078522848274,0.5843903950677823,0.5590529893308772,467.27741349648,31.0,0.495,0.1241309964102256,0.10725813901393177,False,2015–2021
MDG,Madagascar,2020,False,False,False,5.65950524677075,0.5307835267824642,0.4687817742617276,422.924255422319,32.0,0.483,0.09378620632701477,0.10895860136862019,False,2015–2021
MDG,Madagascar,2021,False,False,False,5.5311886434036,,,431.599103077746,35.1,0.481,,,False,2015–2021
MLI,Mali,2000,True,True,False,5.46367811888986,,,682.497420451512,9.6,0.32,,,False,2000–2007
MLI,Mali,2001,True,True,False,5.3525949253061,,,766.960343250964,10.8,0.332,,,False,2000–2007
MLI,Mali,2002,True,True,False,6.81256049490343,,,766.073669039402,13.0,0.34,,,False,2000–2007
MLI,Mali,2003,True,True,False,5.30099092296633,,,814.808466518784,14.7,0.352,,,False,2000–2007
MLI,Mali,2004,True,True,False,3.89561485181635,,,800.501816705242,16.4,0.359,,,False,2000–2007
MLI,Mali,2005,True,True,False,2.79148479768263,,,794.373328212082,18.2,0.368,,,False,2000–2007
MLI,Mali,2006,True,True,False,7.41659931305695,,,797.10053288464,16.6,0.377,,,False,2000–2007
MLI,Mali,2007,True,True,False,7.86264147796427,,,784.893915013531,21.7,0.386,,,False,2000–2007
MLI,Mali,2008,True,True,False,6.91973321599543,,,787.156518982091,23.4,0.395,,,False,2008–2014
MLI,Mali,2009,True,True,False,8.60703288880241,,,803.486738930068,24.0,0.403,,,False,2008–2014
MLI,Mali,2010,True,True,False,7.66975245102324,,,821.181286586904,27.0,0.41,,,False,2008–2014
MLI,Mali,2011,True,True,False,8.91011559605289,,,818.399030997125,28.8,0.415,,,False,2008–2014
MLI,Mali,2012,True,True,False,12.1110881558093,,,786.323471337187,25.6,0.411,,,False,2008–2014
MLI,Mali,2013,True,True,False,8.51315574828752,2.197059578996294,1.931027312646012,788.819448208696,32.4,0.409,0.2580781609027002,0.24116244288947455,False,2008–2014
MLI,Mali,2014,True,True,False,7.24892090404468,1.6255467716189969,1.5240382134606552,813.97566128646,34.2,0.414,0.22424672487624892,0.21957132370457244,False,2008–2014
MLI,Mali,2015,True,True,False,7.42711000514874,1.3100611404888916,1.3100611404888916,838.11986940103,37.6,0.413,0.17638908533476816,0.1910402863368219,False,2015–2021
MLI,Mali,2016,True,True,False,8.99083015150657,1.550783777430165,1.550783777430165,860.75307554569,38.8,0.411,0.17248504879944865,0.1744370670671084,False,2015–2021
MLI,Mali,2017,True,True,False,7.81614668872422,,,878.561348378099,34.8,0.416,,,False,2015–2021
MLI,Mali,2018,True,True,False,7.74269774600288,,,892.978322787306,50.9,0.421,,,False,2015–2021
MLI,Mali,2019,True,True,False,7.85842877214771,,,909.751069706998,47.9,0.425,,,False,2015–2021
MLI,Mali,2020,True,True,False,9.46967710138959,,,872.389426815267,50.6,0.414,,,False,2015–2021
MLI,Mali,2021,True,True,False,18.4178821970492,,,872.332509422409,53.4,0.414,,,False,2015–2021
MOZ,Mozambique,2000,False,False,False,6.21223527949675,,,287.390630344484,6.1,0.311,,,False,2000–2007
MOZ,Mozambique,2001,False,False,False,6.28945069549311,,,317.185703581034,5.7,0.326,,,False,2000–2007
MOZ,Mozambique,2002,False,False,False,7.15607959007746,,,340.13537022259,8.4,0.335,,,False,2000–2007
MOZ,Mozambique,2003,False,False,False,10.0969874352829,,,356.521157404125,8.1,0.35,,,False,2000–2007
MOZ,Mozambique,2004,False,False,False,7.99532685365388,,,377.064958084878,10.7,0.36,,,False,2000–2007
MOZ,Mozambique,2005,False,False,False,7.51808300528586,,,391.699758163976,11.8,0.371,,,False,2000–2007
MOZ,Mozambique,2006,False,False,False,8.50524215312992,,,420.526462764726,13.0,0.379,,,False,2000–2007
MOZ,Mozambique,2007,False,False,False,9.80505322870557,,,442.049574057751,12.4,0.392,,,False,2000–2007
MOZ,Mozambique,2008,False,False,False,10.2039173979552,,,460.94729485679,13.6,0.403,,,False,2008–2014
MOZ,Mozambique,2009,False,False,False,10.0220013623256,,,475.788178051193,15.0,0.411,,,False,2008–2014
MOZ,Mozambique,2010,False,False,False,10.2684840762505,,,494.162859074785,18.9,0.419,,,False,2008–2014
MOZ,Mozambique,2011,False,False,False,11.3709466025082,,,514.869957191994,20.2,0.424,,,False,2008–2014
MOZ,Mozambique,2012,False,False,False,11.9192598207508,,,540.2945177803,21.2,0.431,,,False,2008–2014
MOZ,Mozambique,2013,False,False,False,11.6325534065914,,,559.393953685688,22.4,0.443,,,False,2008–2014
MOZ,Mozambique,2014,False,False,False,11.9039028509476,,,585.266716133984,24.8,0.45,,,False,2008–2014
MOZ,Mozambique,2015,False,False,False,12.2160721685778,,,610.563774706589,24.0,0.457,,,False,2015–2021
MOZ,Mozambique,2016,False,False,False,16.3133886142564,,,620.779714954555,26.2,0.46,,,False,2015–2021
MOZ,Mozambique,2017,False,False,False,18.0510410834352,,,618.397694360334,24.3,0.461,,,False,2015–2021
MOZ,Mozambique,2018,False,False,False,16.3975888133586,,,621.153734194787,31.1,0.469,,,False,2015–2021
MOZ,Mozambique,2019,False,False,False,12.6767242973038,,,617.13932000195,29.7,0.475,,,False,2015–2021
MOZ,Mozambique,2020,False,False,False,11.8639361284365,,,591.804059985932,30.6,0.477,,,False,2015–2021
MOZ,Mozambique,2021,False,False,False,14.9074768559672,,,588.215854695416,31.5,0.478,,,False,2015–2021
MRT,Mauritania,2000,True,True,False,3.27487284480144,2.775360444057671,,1307.91078676112,19.1,0.468,0.8474712074587265,0.5528981586090111,False,2000–2007
MRT,Mauritania,2001,True,True,False,6.76491230332295,1.7475467132679123,,1265.81694335882,22.2,0.47,0.2583251097592959,0.7419118235962063,False,2000–2007
MRT,Mauritania,2002,True,True,False,7.673552402895,8.593911782977843,,1255.23785465583,21.7,0.475,1.1199391535705965,0.9110221194709093,False,2000–2007
MRT,Mauritania,2003,True,True,False,4.46007581951187,6.042520064502975,,1311.83928290699,23.0,0.482,1.3548020950828354,1.044577852350119,False,2000–2007
MRT,Mauritania,2004,True,True,False,8.86006911174684,5.8387173965063415,,1342.01926086998,24.3,0.494,0.6589923083969248,0.7490987798598301,False,2000–2007
MRT,Mauritania,2005,True,True,False,19.3863218849001,4.526743693976738,,1422.08355395812,18.2,0.5,0.23350193609972988,0.4209376722701852,False,2000–2007
MRT,Mauritania,2006,True,True,False,25.6238205360937,9.488981762917934,,1641.14052210995,27.0,0.512,0.37031877231390065,0.257932594177436,False,2000–2007
MRT,Mauritania,2007,True,True,False,32.0888421353342,5.4543674980202335,,1567.52103874761,33.0,0.512,0.1699770741186772,0.27014792321628905,False,2000–2007
MRT,Mauritania,2008,True,True,False,38.3954688806903,,,1518.05671993749,30.0,0.512,,,False,2008–2014
MRT,Mauritania,2009,True,True,False,20.8447858815571,,,1472.73229282851,31.1,0.522,,,False,2008–2014
MRT,Mauritania,2010,True,True,False,33.2699514566613,,,1463.84763242531,34.2,0.525,,,False,2008–2014
MRT,Mauritania,2011,True,True,False,30.8504418081025,,,1476.23923867862,35.3,0.53,,,False,2008–2014
MRT,Mauritania,2012,True,True,False,21.4879263870309,7.896899364640331,,1492.69966692583,36.4,0.538,0.3675040216726788,0.360089945437277,False,2008–2014
MRT,Mauritania,2013,True,True,False,16.9330193063232,5.971867302069664,,1506.66419033006,37.6,0.544,0.35267586920187494,0.379324839021435,False,2008–2014
MRT,Mauritania,2014,True,True,False,13.1805355570468,5.50675692603709,,1524.45340969502,38.8,0.547,0.41779462618975105,0.39987651037570204,False,2008–2014
MRT,Mauritania,2015,True,True,False,6.19132704450206,2.6570639443415027,,1558.84205473416,39.5,0.551,0.4291590357354799,0.3282553149482485,False,2015–2021
MRT,Mauritania,2016,True,True,False,8.04558334879584,1.1087802087167866,,1531.87725661699,41.2,0.548,0.13781228291951442,0.25372514382782047,False,2015–2021
MRT,Mauritania,2017,True,True,False,9.09659277147784,1.766595728946698,,1580.01453100123,42.9,0.551,0.19420411282846683,0.4534417974867382,False,2015–2021
MRT,Mauritania,2018,True,True,False,2.808310001036,2.8878104396222595,,1606.91539159026,43.6,0.561,1.0283089967122332,0.6101707235351695,False,2015–2021
MRT,Mauritania,2019,True,True,False,2.61191416207025,1.5880413581205874,,1609.15396170643,44.9,0.566,0.6079990610648083,0.8346331222769575,False,2015–2021
MRT,Mauritania,2020,True,True,False,2.43870903966116,2.115802768121037,,1557.19511875153,45.4,0.554,0.8675913090538311,0.6065400724682792,False,2015–2021
MRT,Mauritania,2021,True,True,False,11.4487520863931,3.9387124318993614,,1524.11753502309,47.7,0.553,0.34402984728619823,0.6058105781700147,False,2015–2021
MUS,Mauritius,2000,False,False,False,0.0117784211704657,,,5724.49584395791,99.0,0.683,,,False,2000–2007
MUS,Mauritius,2001,False,False,False,0.0117589422349643,,,5869.56961565396,99.2,0.697,,,False,2000–2007
MUS,Mauritius,2002,False,False,False,0.0113185119211624,,,5923.09482066607,99.4,0.701,,,False,2000–2007
MUS,Mauritius,2003,False,False,False,0.010684499152159,,,6228.82545560651,99.1,0.709,,,False,2000–2007
MUS,Mauritius,2004,False,False,False,0.0068195340773382,,,6457.90977761094,99.0,0.716,,,False,2000–2007
MUS,Mauritius,2005,False,False,False,0.0065760658381496,,,6533.89994300683,99.0,0.723,,,False,2000–2007
MUS,Mauritius,2006,False,False,False,0.0081643474543589,,,6819.92708580325,99.0,0.729,,,False,2000–2007
MUS,Mauritius,2007,False,False,False,0.0083790947356066,,,7180.23173197486,99.0,0.736,,,False,2000–2007
MUS,Mauritius,2008,False,False,False,0.0085716280757638,,,7545.15683789094,99.0,0.742,,,False,2008–2014
MUS,Mauritius,2009,False,False,False,0.0114110119806519,,,7778.25811331163,99.0,0.748,,,False,2008–2014
MUS,Mauritius,2010,False,False,False,0.0974197638212974,,,8100.95282599507,99.4,0.755,,,False,2008–2014
MUS,Mauritius,2011,False,False,False,0.11394942379722,,,8423.28220250903,99.6,0.762,,,False,2008–2014
MUS,Mauritius,2012,False,False,False,0.0967703151522881,,,8694.84560747968,99.4,0.778,,,False,2008–2014
MUS,Mauritius,2013,False,False,False,0.0778091714247043,,,8968.51243536773,99.4,0.781,,,False,2008–2014
MUS,Mauritius,2014,False,False,False,0.0835433781723541,,,9297.64820128968,99.5,0.79,,,False,2008–2014
MUS,Mauritius,2015,False,False,False,0.0279823507404004,,,9630.5437837507,99.6,0.792,,,False,2015–2021
MUS,Mauritius,2016,False,False,False,0.0271234375700913,,,9997.89198315532,99.7,0.795,,,False,2015–2021
MUS,Mauritius,2017,False,False,False,0.0033925221114426,,,10383.8832682578,99.6,0.799,,,False,2015–2021
MUS,Mauritius,2018,False,False,False,0.0024072017824738,,,10805.4615213739,99.8,0.801,,,False,2015–2021
MUS,Mauritius,2019,False,False,False,0.0023597874187131,,,11111.3423669526,100.0,0.803,,,False,2015–2021
MUS,Mauritius,2020,False,False,False,0.0026299613568509,,,9533.5982796049,99.5,0.795,,,False,2015–2021
MUS,Mauritius,2021,False,False,False,0.0027152691322786,,,9849.34891121846,99.6,0.789,,,False,2015–2021
MWI,Malawi,2000,False,False,False,10.1509116653401,,,418.592985038462,4.8,0.394,,,False,2000–2007
MWI,Malawi,2001,False,False,False,9.93791742339101,,,388.260039763569,5.2,0.4,,,False,2000–2007
MWI,Malawi,2002,False,False,False,5.80694889486208,,,385.308980237095,5.6,0.407,,,False,2000–2007
MWI,Malawi,2003,False,False,False,8.64215061116182,,,397.224846758815,6.2,0.414,,,False,2000–2007
MWI,Malawi,2004,False,False,False,6.39211290059216,,,408.064916052765,6.9,0.421,,,False,2000–2007
MWI,Malawi,2005,False,False,False,6.82450197846741,,,410.267979592536,6.6,0.427,,,False,2000–2007
MWI,Malawi,2006,False,False,False,6.78461168008871,,,417.877689776503,3.7,0.436,,,False,2000–2007
MWI,Malawi,2007,False,False,False,7.97931680799651,,,445.254305419586,7.4,0.444,,,False,2000–2007
MWI,Malawi,2008,False,False,False,8.72702659415971,,,465.55147298007,7.8,0.455,,,False,2008–2014
MWI,Malawi,2009,False,False,False,7.04042216088488,,,489.631418790158,8.3,0.465,,,False,2008–2014
MWI,Malawi,2010,False,False,False,6.02572508561474,,,508.088650552846,8.7,0.475,,,False,2008–2014
MWI,Malawi,2011,False,False,False,5.97687719996186,,,517.833736624232,7.6,0.483,,,False,2008–2014
MWI,Malawi,2012,False,False,False,8.95123535585595,,,512.74031797451,7.4,0.488,,,False,2008–2014
MWI,Malawi,2013,False,False,False,10.1501360274794,,,525.357645516557,9.0,0.494,,,False,2008–2014
MWI,Malawi,2014,False,False,False,9.61846301856776,,,539.562601918057,11.9,0.5,,,False,2008–2014
MWI,Malawi,2015,False,False,False,8.89901041042248,,,539.605363240686,10.8,0.504,,,False,2015–2021
MWI,Malawi,2016,False,False,False,10.9739875833904,,,538.221990810959,11.0,0.506,,,False,2015–2021
MWI,Malawi,2017,False,False,False,7.00371862797528,,,544.795729220349,12.7,0.508,,,False,2015–2021
MWI,Malawi,2018,False,False,False,5.20814805353589,,,553.528790902088,18.0,0.51,,,False,2015–2021
MWI,Malawi,2019,False,False,False,4.24376277062568,,,569.866249371948,11.2,0.513,,,False,2015–2021
MWI,Malawi,2020,False,False,False,4.09928170325885,,,559.447086086067,11.5,0.512,,,False,2015–2021
MWI,Malawi,2021,False,False,False,4.22250421289741,,,569.968967322435,14.2,0.509,,,False,2015–2021
NAM,Namibia,2000,False,False,False,0.592005978212752,2.619544140782205,1.7414846522518568,3083.59657884697,36.5,0.561,,,False,2000–2007
NAM,Namibia,2001,False,False,False,0.634861422008575,3.7560515969717647,2.8300354160574455,3055.40444831936,36.0,0.555,,,False,2000–2007
NAM,Namibia,2002,False,False,False,0.598634291159831,5.37574196438571,4.034606338895733,3145.94566281247,36.9,0.555,,,False,2000–2007
NAM,Namibia,2003,False,False,False,0.930610729240151,1.275781416117372,0.47576015309376996,3232.30589658857,37.8,0.558,,,False,2000–2007
NAM,Namibia,2004,False,False,False,0.794488876889435,1.6124160683998978,0.7179201226737297,3582.89503259701,38.7,0.563,,,False,2000–2007
NAM,Namibia,2005,False,False,False,1.18277131353143,1.2983947119924457,0.42922139239419693,3627.75059772278,39.6,0.564,1.0977563432070365,0.9781665560885271,False,2000–2007
NAM,Namibia,2006,False,False,False,2.66281251772741,2.2862289678433174,1.3625388064849948,3834.99894666178,40.5,0.569,0.8585767689700176,0.804235639296071,False,2000–2007
NAM,Namibia,2007,False,False,False,5.84952043001738,2.669567900232207,1.625448581589075,3987.61796106565,43.7,0.576,0.456373805711159,0.8089861948894198,False,2000–2007
NAM,Namibia,2008,False,False,False,2.25103912617622,2.503173539102281,1.7543609419349318,4036.38187484707,42.4,0.581,1.112008009987083,0.7670473197646634,False,2008–2014
NAM,Namibia,2009,False,False,False,1.93055021806173,1.414630255005717,0.7604967160369079,3989.20711387651,44.1,0.585,0.7327601435957486,0.8594973979491992,False,2008–2014
NAM,Namibia,2010,False,False,False,2.39089689019764,1.7542585261322776,0.6864489884865435,4165.12990200988,44.4,0.591,0.7337240402647662,0.808059345443381,False,2008–2014
NAM,Namibia,2011,False,False,False,2.071941381811,1.9842855240378214,0.9444222488569273,4302.72451368462,42.3,0.598,0.9576938524696282,0.9131122009124472,False,2008–2014
NAM,Namibia,2012,False,False,False,1.73059224032469,1.813519988022159,0.9301542147027999,4420.96741373862,46.4,0.607,1.047918710002947,0.8977594027915768,False,2008–2014
NAM,Namibia,2013,False,False,False,1.17402632983259,0.8073375744104647,0.5578123536274835,4549.26759093897,47.4,0.616,0.6876656459021553,1.0640598324645498,False,2008–2014
NAM,Namibia,2014,False,False,False,1.64153563776896,2.39105283455457,1.4684505621644073,4701.95694189098,48.4,0.624,1.4565951414885467,1.2255408346778678,False,2008–2014
NAM,Namibia,2015,False,False,False,1.8752743624842,2.8735986412727113,1.5059684013724242,4774.10650865775,51.6,0.63,1.5323617166429013,1.3113567277803269,True,2015–2021
NAM,Namibia,2016,False,False,False,2.60379046438201,2.4608770639409543,1.0215081035838385,4648.62713460213,49.7,0.634,0.9451133252095326,1.0844425997431102,False,2015–2021
NAM,Namibia,2017,False,False,False,3.35579400030648,2.603602028326631,0.9640380019816983,4476.73324402105,52.5,0.638,0.7758527573768972,1.2115840931269695,False,2015–2021
NAM,Namibia,2018,False,False,False,1.26282912430688,2.416784947008566,0.8262135010797108,4400.47537705743,52.3,0.642,1.9137861967944787,1.3346222993666732,True,2015–2021
NAM,Namibia,2019,False,False,False,1.43731396410693,1.8889581758281784,0.6307564110346502,4243.09274481966,53.3,0.647,1.3142279439286433,1.4637074148314297,False,2015–2021
NAM,Namibia,2020,False,False,False,1.93029383948291,2.245140407362132,0.7845365380531787,3787.49943973286,52.3,0.647,1.1631081037711668,0.9839237489823555,False,2015–2021
NAM,Namibia,2021,False,False,False,4.03058059383138,1.9122493071165136,0.5090238526504157,3809.80753359714,55.2,0.631,0.47443519924725586,0.8187716515092115,False,2015–2021
NER,Niger,2000,True,True,False,7.26831682770737,0.29294798086002705,0.008201668514059617,392.898616941042,6.5,0.266,0.040304789651338165,0.03892514809199099,False,2000–2007
NER,Niger,2001,True,True,False,6.55942488973714,0.24627693004801227,0.005409607150027205,406.923493665264,8.4,0.272,0.037545506532643824,0.036128407239411,False,2000–2007
NER,Niger,2002,True,True,False,7.01295308601143,0.2141400002565548,0.008529051097924699,412.123793192578,8.8,0.278,0.030534925534251002,0.03023493263095305,False,2000–2007
NER,Niger,2003,True,True,False,9.26317259194414,0.20957340542919053,0.004588390072284882,406.333757497876,9.3,0.284,0.02262436582596434,0.028133159606224128,False,2000–2007
NER,Niger,2004,True,True,False,7.50759997659221,0.2345388306318483,0.00961855584031817,393.398781453199,9.7,0.292,0.03124018745845704,0.027961479019258162,False,2000–2007
NER,Niger,2005,True,True,False,7.20852272920724,0.21639901450837543,0.011025872717030233,407.190931059924,7.1,0.302,0.0300198837733531,0.03384394814979191,False,2000–2007
NER,Niger,2006,True,True,False,6.89459669021653,0.27765763433497836,0.011843126998810198,415.852022114801,9.3,0.309,0.04027177321756558,0.0363392934041585,False,2000–2007
NER,Niger,2007,True,True,False,8.30057946231934,0.32145009312604883,0.013523465854406539,413.419126261066,11.2,0.313,0.03872622322155682,0.04014925937582236,False,2000–2007
NER,Niger,2008,True,True,False,7.94563898176327,0.32934500116848875,0.011761180146702127,429.195542798877,11.8,0.323,0.041449781688344664,0.04109140808178406,False,2008–2014
NER,Niger,2009,True,True,False,7.96220358501721,0.34315679650058367,0.004991480753753907,421.650901333136,12.3,0.329,0.04309821933545071,0.04749247836329682,False,2008–2014
NER,Niger,2010,True,True,False,6.88472156897825,0.3988280241935484,0.02770668387096774,441.079166112039,13.6,0.339,0.05792943406609511,0.0514627640717241,False,2008–2014
NER,Niger,2011,True,True,False,8.1477117559769,0.43476710416822184,0.02682438321184512,434.986264873953,14.3,0.346,0.053360638813626494,0.053300469620818546,False,2008–2014
NER,Niger,2012,True,True,False,10.3335481762903,0.5023275822914162,0.023314082722446585,463.066265496402,14.4,0.356,0.04861133598273402,0.045029368780937995,False,2008–2014
NER,Niger,2013,True,True,False,11.466881046248,0.37973874115508255,0.012216738468179722,469.690214200878,15.2,0.362,0.03311613154645345,0.0475163738980739,False,2008–2014
NER,Niger,2014,True,True,False,10.2730531340882,0.6248240849405337,0.012480046000352409,482.74524741946,15.7,0.369,0.060821654165034246,0.050374599578851875,False,2008–2014
NER,Niger,2015,True,True,False,9.74015905746736,0.5570008627265618,0.005157354582363662,485.662574175279,16.6,0.374,0.05718601302506792,0.049050064270536244,False,2015–2021
NER,Niger,2016,True,True,False,9.68635453036973,0.28228483508029617,0.0019578316689512192,488.184823801581,17.0,0.38,0.029142525621506578,0.03596139880661954,False,2015–2021
NER,Niger,2017,True,True,False,9.37929042574549,0.20217677457361008,0.0003919502991746656,497.172608329608,17.6,0.384,0.02155565777328412,0.04082126205286182,False,2015–2021
NER,Niger,2018,True,True,False,6.79609733342576,0.487726021574718,4.1745548652469154e-05,513.423699765289,17.6,0.391,0.07176560276379478,0.04134639056348632,False,2015–2021
NER,Niger,2019,True,True,False,5.81263963543114,0.1785521478877892,3.19771667173192e-05,526.60361746086,18.5,0.4,0.03071791115338006,0.04579689802904819,False,2015–2021
NER,Niger,2020,True,True,False,5.56826403591678,0.1943723959357099,,532.208221196997,18.7,0.404,0.03490718016996974,0.03063306350938987,False,2015–2021
NER,Niger,2021,True,True,False,6.40907047167716,0.16839255338352702,,520.912751008043,18.6,0.413,0.026274099204819813,0.030590639687394776,False,2015–2021
NGA,Nigeria,2000,False,False,True,24.9357339994509,24.226928029678078,4.821208667162886,1421.67987952016,43.2,0.435,0.9715746899694859,1.0844261521097631,False,2000–2007
NGA,Nigeria,2001,False,False,True,18.1012267482663,21.672193576163288,4.990581674133547,1465.45720342369,43.9,0.438,1.1972776142500403,1.0420680047226742,False,2000–2007
NGA,Nigeria,2002,False,False,True,13.6048166584392,13.024594491492556,1.9766501859780221,1644.39518877708,44.6,0.451,0.9573517099484963,1.0584256017091844,False,2000–2007
NGA,Nigeria,2003,False,False,True,15.512504112848,15.832798245679323,3.292576456639406,1717.21451111739,52.2,0.464,1.0206474809290167,1.044177511331122,False,2000–2007
NGA,Nigeria,2004,False,False,True,16.775506962461,19.367882135833376,4.767790168113874,1824.80269456838,46.1,0.477,1.1545333431158535,1.0924705807619304,False,2000–2007
NGA,Nigeria,2005,False,False,True,19.3875677161802,21.369576566263333,5.891339452602962,1889.25175325842,46.8,0.484,1.1022309182409207,1.1314590756006657,False,2000–2007
NGA,Nigeria,2006,False,False,True,16.6989726330047,18.996967776921103,5.030969244135947,1949.15856804582,47.6,0.489,1.1376129654452232,1.0373114664297745,False,2000–2007
NGA,Nigeria,2007,False,False,True,15.8610116948726,13.832237866969512,3.6459645385548476,2020.83316299437,50.1,0.492,0.87209051560318,0.9861528339023451,False,2000–2007
NGA,Nigeria,2008,False,False,True,17.590261235625,16.68884866199614,,2098.2833922073,50.3,0.497,0.9487550206586325,0.8325194678532036,False,2008–2014
NGA,Nigeria,2009,False,False,True,10.6511450158162,7.207766883657634,,2204.60725603823,50.0,0.499,0.6767128672977983,0.751189141088762,False,2008–2014
NGA,Nigeria,2010,False,False,True,13.8029914948457,8.669652543798465,,2315.46676509642,48.0,0.502,0.628099535309855,0.6982259834657573,False,2008–2014
NGA,Nigeria,2011,False,False,True,17.5539035632028,13.865223653795317,,2370.97657091881,55.9,0.508,0.7898655477896185,0.7024895839169268,False,2008–2014
NGA,Nigeria,2012,False,False,True,15.1485150031193,10.444956669270123,,2403.65387896987,53.0,0.512,0.6895036686513071,0.6975364785049697,False,2008–2014
NGA,Nigeria,2013,False,False,True,11.6227181116144,7.127518201001568,,2495.34106573862,55.6,0.517,0.6132402190739833,0.682275995310213,False,2008–2014
NGA,Nigeria,2014,False,False,True,8.78193552361452,6.534498574586226,,2583.61556958171,54.2,0.524,0.7440840982053486,0.7061426136793129,False,2008–2014
NGA,Nigeria,2015,False,False,True,4.55410681800406,3.466146746755985,,2585.73360671797,52.5,0.53,0.7611035237586066,0.6542771012699953,False,2015–2021
NGA,Nigeria,2016,False,False,True,4.65772615666869,2.1315789473684212,,2481.81490350403,59.3,0.532,0.4576436818460307,0.5174973638453585,False,2015–2021
NGA,Nigeria,2017,False,False,True,7.80498492445019,2.604873803307224,,2441.71236404537,54.4,0.534,0.33374488593143825,0.359080404890157,False,2015–2021
NGA,Nigeria,2018,False,False,True,9.79850822600435,2.8009295120061966,,2431.77857832597,56.5,0.537,0.285852646893002,0.38295210599449964,False,2015–2021
NGA,Nigeria,2019,False,False,True,8.35322267194456,4.421016483516484,,2431.53528475874,55.4,0.544,0.5292587851590587,0.4289100470226157,False,2015–2021
NGA,Nigeria,2020,False,False,True,5.07484002483035,2.393389500972132,,2228.68631426529,55.4,0.547,0.4716187090157866,0.42460683384724485,False,2015–2021
NGA,Nigeria,2021,False,False,True,8.55295423830806,2.3344690516751845,,2206.66406255564,59.5,0.554,0.27294300736688937,0.372280858191338,False,2015–2021
RWA,Rwanda,2000,False,False,False,5.03496552984893,,,331.096659537835,6.2,0.34,,,False,2000–2007
RWA,Rwanda,2001,False,False,False,5.37510520142139,,,356.017640545099,4.7,0.37,,,False,2000–2007
RWA,Rwanda,2002,False,False,False,6.4377693588679,,,397.558649363458,6.0,0.385,,,False,2000–2007
RWA,Rwanda,2003,False,False,False,9.07682974388652,,,397.480382602602,7.4,0.398,,,False,2000–2007
RWA,Rwanda,2004,False,False,False,7.02043949824649,,,415.943819000396,8.7,0.417,,,False,2000–2007
RWA,Rwanda,2005,False,False,False,5.9570253928291,,,443.00802474736,4.8,0.433,,,False,2000–2007
RWA,Rwanda,2006,False,False,False,5.2964919730077,,,471.150850642442,11.4,0.452,,,False,2000–2007
RWA,Rwanda,2007,False,False,False,6.22572427896954,,,493.803359157317,12.8,0.467,,,False,2000–2007
RWA,Rwanda,2008,False,False,False,8.30580145177946,,,534.678298622161,6.0,0.479,,,False,2008–2014
RWA,Rwanda,2009,False,False,False,6.935422955435,,,553.621518556047,15.6,0.493,,,False,2008–2014
RWA,Rwanda,2010,False,False,False,6.48655252910732,,,579.419162804581,9.7,0.504,,,False,2008–2014
RWA,Rwanda,2011,False,False,False,6.99565680326328,,,610.376236415572,10.8,0.512,,,False,2008–2014
RWA,Rwanda,2012,False,False,False,6.39423290634701,,,647.436613845487,17.5,0.521,,,False,2008–2014
RWA,Rwanda,2013,False,False,False,6.50475580749802,,,661.893969452494,15.2,0.499,,,False,2008–2014
RWA,Rwanda,2014,False,False,False,6.4521550362679,,,682.709499066795,19.8,0.525,,,False,2008–2014
RWA,Rwanda,2015,False,False,False,5.77813915585401,,,725.691418696952,22.8,0.525,,,False,2015–2021
RWA,Rwanda,2016,False,False,False,5.99862102587479,,,748.798132068173,29.4,0.534,,,False,2015–2021
RWA,Rwanda,2017,False,False,False,6.01492971463291,,,765.845359390541,34.1,0.539,,,False,2015–2021
RWA,Rwanda,2018,False,False,False,4.71387568610559,,,808.704812752127,38.0,0.54,,,False,2015–2021
RWA,Rwanda,2019,False,False,False,3.81709032313618,,,863.872077583172,46.6,0.55,,,False,2015–2021
RWA,Rwanda,2020,False,False,False,4.10481845130795,,,821.257133282758,45.2,0.555,,,False,2015–2021
RWA,Rwanda,2021,False,False,False,4.01723634071877,,,871.041835304187,48.7,0.562,,,False,2015–2021
SDN,Sudan,2000,False,True,False,10.7834600175368,4.172218767581652,,1111.11865234375,23.0,,0.38690909604120616,0.45986203509810386,False,2000–2007
SDN,Sudan,2001,False,True,False,6.91016926563004,3.681841658673356,,1150.17626953125,29.4,,0.5328149741550016,0.5101886848149811,False,2000–2007
SDN,Sudan,2002,False,True,False,7.22283531579549,4.412011056202362,,1185.21533203125,29.7,,0.6108419842487358,0.7419670320239834,False,2000–2007
SDN,Sudan,2003,False,True,False,7.00622430942374,7.582445186062367,,1226.42077636719,29.9,,1.082244137668213,0.8412387955147628,False,2000–2007
SDN,Sudan,2004,False,True,False,10.1433483895059,8.425372156982581,,1255.67114257813,30.2,,0.8306302646273394,0.9184038485109284,False,2000–2007
SDN,Sudan,2005,False,True,False,12.4802287524508,10.51256023428658,,1290.24438476563,30.5,,0.8423371432372327,0.7953880309362659,False,2000–2007
SDN,Sudan,2006,False,True,False,12.5389562552987,8.94274203393969,,1336.1240234375,30.8,,0.7131966849442253,0.7400398043190072,False,2000–2007
SDN,Sudan,2007,False,True,False,13.677466454982,9.089847042232366,,1372.10961914063,31.1,,0.6645855847755635,0.7127826673343293,False,2000–2007
SDN,Sudan,2008,False,True,False,17.9797789026983,13.674803707420747,,1381.62561035156,20.0,0.456,0.7605657322831991,0.7407756389447342,False,2008–2014
SDN,Sudan,2009,False,True,False,9.8427070618575,7.84636590545021,,1301.34729003906,29.0,0.469,0.79717559977544,0.8022175213357537,False,2008–2014
SDN,Sudan,2010,False,True,False,11.9428584964653,10.138426719222423,,1311.22314453125,36.0,0.479,0.8489112319486218,0.7262842889874941,False,2008–2014
SDN,Sudan,2011,False,True,False,16.7759073133375,8.937633626854035,,1388.21813964844,38.3,0.476,0.5327660352384201,0.5932651976019582,False,2008–2014
SDN,Sudan,2012,False,True,False,6.64669345938477,2.6461704709519127,,1288.25854492188,40.7,0.482,0.39811832561883287,0.40064597177399847,False,2008–2014
SDN,Sudan,2013,False,True,False,7.51778871746273,2.037723353583209,,1283.45922851563,43.1,0.488,0.2710535544647423,0.3633905318162311,False,2008–2014
SDN,Sudan,2014,False,True,False,5.17423775201674,2.1783526208304966,,1307.3896484375,44.9,0.496,0.4209997153651182,0.41209103366995015,False,2008–2014
SDN,Sudan,2015,False,True,False,2.97569090164715,1.6194300001382438,,1292.37963867188,48.0,0.498,0.5442198311799898,0.4034870740204728,False,2015–2021
SDN,Sudan,2016,False,True,False,2.74050635867162,0.6720863711637309,,1297.15454101563,50.5,0.502,0.24524167551631046,0.364744948804337,False,2015–2021
SDN,Sudan,2017,False,True,False,2.48029512284545,0.7559278280726773,,1261.87353515625,53.0,0.506,0.3047733397167108,0.2541739008410281,False,2015–2021
SDN,Sudan,2018,False,True,False,6.14770644131694,1.3064287302760456,,1185.94445800781,55.3,0.515,0.21250668729006308,0.22591098244883234,False,2015–2021
SDN,Sudan,2019,False,True,False,8.25976911220096,1.3253040753844871,,1126.55297851563,57.6,0.517,0.16045292033972322,0.16609085437000143,False,2015–2021
SDN,Sudan,2020,False,True,False,9.29265238055366,1.1644897340574625,,1056.86474609375,59.7,0.513,0.12531295548021798,0.1428829379099706,False,2015–2021
SDN,Sudan,2021,False,True,False,12.7502116848016,,,1009.54888916016,61.8,0.512,,,False,2015–2021
SEN,Senegal,2000,False,True,False,2.30805328155825,,,1048.37474052363,37.7,0.398,,,False,2000–2007
SEN,Senegal,2001,False,True,False,2.05976120051983,,,1067.36886550595,38.9,0.404,,,False,2000–2007
SEN,Senegal,2002,False,True,False,2.2894897302113,,,1042.25509944289,36.8,0.409,,,False,2000–2007
SEN,Senegal,2003,False,True,False,2.68475374294378,,,1074.38578467686,41.9,0.416,,,False,2000–2007
SEN,Senegal,2004,False,True,False,1.97163158742871,,,1098.20064546027,36.8,0.423,,,False,2000–2007
SEN,Senegal,2005,False,True,False,1.9916257642601,0.25152443620194653,,1119.0505307548,47.1,0.43,0.12629101346024676,0.09434135949551037,False,2000–2007
SEN,Senegal,2006,False,True,False,1.9932129479554,0.12435995530895921,,1118.7830430051,49.9,0.438,0.06239170553077397,0.10621103241942202,False,2000–2007
SEN,Senegal,2007,False,True,False,2.3034822903582,0.29933839496394876,,1123.99862153285,48.1,0.45,0.12995037826724534,0.07248522408054413,False,2000–2007
SEN,Senegal,2008,False,True,False,3.07242721618133,0.07715967263013378,,1138.66883930214,49.7,0.462,0.025113588443613086,0.05890049234593486,False,2008–2014
SEN,Senegal,2009,False,True,False,3.83444920218272,0.08296793421037903,,1142.65317233964,53.5,0.47,0.02163751032694615,0.04408867090303394,False,2008–2014
SEN,Senegal,2010,False,True,False,2.97597316384999,0.25449008899004416,,1153.53431121583,56.5,0.477,0.08551491393854257,0.052907352705173515,False,2008–2014
SEN,Senegal,2011,False,True,False,3.6495940769705,0.18820823025061356,,1139.74447892639,56.5,0.491,0.051569633850031826,0.07457601343245225,False,2008–2014
SEN,Senegal,2012,False,True,False,4.86398118749562,0.421432317581635,,1154.05677992367,56.5,0.499,0.08664349250878235,0.09338801182139177,False,2008–2014
SEN,Senegal,2013,False,True,False,3.42436224964169,0.48609133444271746,,1147.3859217191,57.0,0.504,0.14195090910536112,0.10341846516707358,False,2008–2014
SEN,Senegal,2014,False,True,False,3.1569476524477,0.2577994829483545,,1180.7987108505,61.0,0.508,0.08166099388707725,0.1071678401921219,False,2008–2014
SEN,Senegal,2015,False,True,False,3.47911885653568,0.3405765726330214,,1218.00613555438,60.5,0.509,0.09789161758392735,0.08356285973269702,False,2015–2021
SEN,Senegal,2016,False,True,False,3.9796411050175,0.28309562121191173,,1257.40906916238,64.5,0.516,0.0711359677270865,0.0777721931256501,False,2015–2021
SEN,Senegal,2017,False,True,False,3.21232528542185,0.20651716121234312,,1312.10932775878,61.7,0.517,0.06428899406593651,0.08460501118792753,False,2015–2021
SEN,Senegal,2018,False,True,False,2.88655464408866,0.3417394114838759,,1355.09610863533,66.0,0.522,0.1183900717707596,0.11801476987653303,False,2015–2021
SEN,Senegal,2019,False,True,False,2.75988310568798,0.472948041246135,,1379.60875249843,70.4,0.52,0.171365243792903,0.14698906888995328,False,2015–2021
SEN,Senegal,2020,False,True,False,2.86963190075436,0.43392246649173816,,1361.7914374888,64.3,0.522,0.15121189110619726,0.15066398725982885,False,2015–2021
SEN,Senegal,2021,False,True,False,4.40159712005452,0.5696319292890628,,1414.53951093499,68.0,0.522,0.12941482688038636,0.1403133589932918,False,2015–2021
SLE,Sierra Leone,2000,False,False,False,14.2566872840621,0.02368520422179058,0.02368520422179058,727.240914632596,7.7,0.318,0.0016613399557601893,0.0029841962747753836,False,2000–2007
SLE,Sierra Leone,2001,False,False,False,8.05230833851418,0.034681715515398996,0.034681715515398996,642.036645844304,8.5,0.33,0.004307052593790578,0.00390826694833871,False,2000–2007
SLE,Sierra Leone,2002,False,False,False,8.43552502197745,0.04855832621311662,0.04855832621311662,766.788693742901,9.2,0.345,0.005756408295465362,0.004858991764604592,False,2000–2007
SLE,Sierra Leone,2003,False,False,False,12.876788824159,0.05811957184229101,0.05811957184229101,806.066489012144,9.9,0.354,0.004513514404557837,0.007066422429069166,False,2000–2007
SLE,Sierra Leone,2004,False,False,False,11.1023236756794,0.12134112116995474,0.12134112116995474,829.759768928304,16.8,0.363,0.010929344587184298,0.009367552215787896,False,2000–2007
SLE,Sierra Leone,2005,False,False,False,9.90200209747713,0.12535734293960063,0.12535734293960063,842.906030904902,11.3,0.37,0.012659797655621549,0.013029445879283967,False,2000–2007
SLE,Sierra Leone,2006,False,False,False,9.42718135843611,0.146113725898937,0.146113725898937,859.824260714965,12.2,0.372,0.015499195395046059,0.014194022090140599,False,2000–2007
SLE,Sierra Leone,2007,False,False,False,12.2555158372532,0.17676220226655995,0.17676220226655995,872.68836234614,13.0,0.391,0.014423073219754189,0.01464437290161868,False,2000–2007
SLE,Sierra Leone,2008,False,False,False,11.6115795671527,0.1626881006241315,0.1626881006241315,882.54147817868,12.1,0.4,0.0140108500900558,0.013706826470009136,False,2008–2014
SLE,Sierra Leone,2009,False,False,False,12.2691742280754,0.15565356714782036,0.15565356714782036,872.23959352481,14.6,0.406,0.012686556100217423,0.013475063327968379,False,2008–2014
SLE,Sierra Leone,2010,False,False,False,10.5288662404631,0.1445379993411476,0.1445379993411476,902.769891411394,11.5,0.41,0.013727783793631921,0.03816909611181825,False,2008–2014
SLE,Sierra Leone,2011,False,False,False,10.9869587677677,0.9678735922590045,0.9678735922590045,950.760763054593,14.2,0.416,0.08809294844160541,0.06428320870341696,False,2008–2014
SLE,Sierra Leone,2012,False,False,False,9.77051963302454,0.8893995947783271,0.8893995947783271,1025.04366004502,17.2,0.418,0.09102889387501355,0.09681491260977254,False,2008–2014
SLE,Sierra Leone,2013,False,False,False,7.22686963531629,0.8045160532962101,0.8045160532962101,1146.81973456475,13.5,0.436,0.11132289551269868,0.09372767891920737,False,2008–2014
SLE,Sierra Leone,2014,False,False,False,8.02771244072182,0.6328345852290451,0.6328345852290451,1032.23789355905,18.8,0.438,0.07883124736990993,0.0713911003927132,False,2008–2014
SLE,Sierra Leone,2015,False,False,False,10.5713602396516,0.2539151749952741,0.2539151749952741,964.575980888989,19.7,0.432,0.02401915829553098,0.04361763525731729,False,2015–2021
SLE,Sierra Leone,2016,False,False,False,14.6732645434772,0.4108880919415837,0.4108880919415837,1002.77862282013,20.3,0.441,0.028002500106510952,0.025075338547769537,False,2015–2021
SLE,Sierra Leone,2017,False,False,False,14.9365306672881,0.34659259354888833,0.34659259354888833,1010.54694071207,23.4,0.445,0.02320435724126667,0.03421044078266342,False,2015–2021
SLE,Sierra Leone,2018,False,False,False,8.55532841443589,0.4399531866134832,0.4399531866134832,1015.6678297205,26.1,0.451,0.05142446500021265,0.04516544307561049,False,2015–2021
SLE,Sierra Leone,2019,False,False,False,7.49079656656829,0.4559461123414473,0.4559461123414473,1046.96778078594,22.7,0.455,0.06086750698535215,0.053324354999001594,False,2015–2021
SLE,Sierra Leone,2020,False,False,False,8.22978194152241,0.3924049982175991,0.3924049982175991,1010.25294614757,26.3,0.454,0.04768109301143998,0.059457884125059236,False,2015–2021
SLE,Sierra Leone,2021,False,False,False,9.03701414128967,0.6310099857597623,0.6310099857597623,1045.7661615758,27.5,0.458,0.06982505237838557,0.058753072694912784,False,2015–2021
SOM,"Somalia, Fed. Rep.",2000,False,False,False,,,,233.032393086303,2.1,,,,False,2000–2007
SOM,"Somalia, Fed. Rep.",2001,False,False,False,,,,239.839074088089,4.7,,,,False,2000–2007
SOM,"Somalia, Fed. Rep.",2002,False,False,False,,,,248.636454000924,7.4,,,,False,2000–2007
SOM,"Somalia, Fed. Rep.",2003,False,False,False,,,,257.910337235953,9.8,,,,False,2000–2007
SOM,"Somalia, Fed. Rep.",2004,False,False,False,,,,266.257271856551,12.4,,,,False,2000–2007
SOM,"Somalia, Fed. Rep.",2005,False,False,False,,,,275.457040797983,15.0,,,,False,2000–2007
SOM,"Somalia, Fed. Rep.",2006,False,False,False,,,,284.47078986532,15.2,,,,False,2000–2007
SOM,"Somalia, Fed. Rep.",2007,False,False,False,,,,294.210404466601,20.2,,,,False,2000–2007
SOM,"Somalia, Fed. Rep.",2008,False,False,False,,,,304.741448811237,22.9,,,,False,2008–2014
SOM,"Somalia, Fed. Rep.",2009,False,False,False,,,,317.038184814662,25.5,,,,False,2008–2014
SOM,"Somalia, Fed. Rep.",2010,False,False,False,,,,329.970504936872,52.3,,,,False,2008–2014
SOM,"Somalia, Fed. Rep.",2011,False,False,False,,,,349.577449077711,52.0,,,,False,2008–2014
SOM,"Somalia, Fed. Rep.",2012,False,False,False,,,,369.617204753489,51.8,,,,False,2008–2014
SOM,"Somalia, Fed. Rep.",2013,False,False,False,17.8127642098138,,,397.108796344814,51.5,,,,False,2008–2014
SOM,"Somalia, Fed. Rep.",2014,False,False,False,18.2921917574279,,,417.516796906402,51.4,,,,False,2008–2014
SOM,"Somalia, Fed. Rep.",2015,False,False,False,18.8761765982543,,,445.583080073396,51.2,,,,False,2015–2021
SOM,"Somalia, Fed. Rep.",2016,False,False,False,19.5454511774019,,,458.92147682461,51.1,,,,False,2015–2021
SOM,"Somalia, Fed. Rep.",2017,False,False,False,18.697269661953,,,506.501098879426,52.1,,,,False,2015–2021
SOM,"Somalia, Fed. Rep.",2018,False,False,False,11.735774261604,,,498.981065013918,50.7,,,,False,2015–2021
SOM,"Somalia, Fed. Rep.",2019,False,False,False,10.7304105687897,,,494.444039712384,49.2,,,,False,2015–2021
SOM,"Somalia, Fed. Rep.",2020,False,False,False,11.455284804417,,,462.867053737278,49.9,,,,False,2015–2021
SOM,"Somalia, Fed. Rep.",2021,False,False,False,11.2356934915275,,,461.627830726021,49.3,,,,False,2015–2021
SSD,South Sudan,2000,False,False,True,,,,,,,,,False,2000–2007
SSD,South Sudan,2001,False,False,True,,,,,,,,,False,2000–2007
SSD,South Sudan,2002,False,False,True,,,,,,,,,False,2000–2007
SSD,South Sudan,2003,False,False,True,,,,,,,,,False,2000–2007
SSD,South Sudan,2004,False,False,True,,,,,,,,,False,2000–2007
SSD,South Sudan,2005,False,False,True,,,,,,,,,False,2000–2007
SSD,South Sudan,2006,False,False,True,,,,,,,,,False,2000–2007
SSD,South Sudan,2007,False,False,True,,,,,0.8,,,,False,2000–2007
SSD,South Sudan,2008,False,False,True,58.2776601424041,,,2289.18415375563,1.3,,,,False,2008–2014
SSD,South Sudan,2009,False,False,True,35.188657039956,,,2293.80166888543,3.0,,,,False,2008–2014
SSD,South Sudan,2010,False,False,True,43.7092935094988,,,2295.07026096006,1.5,0.42,,,False,2008–2014
SSD,South Sudan,2011,False,False,True,51.7868586633182,,,2073.23981819145,2.8,0.422,,,False,2008–2014
SSD,South Sudan,2012,False,False,True,5.60460947133863,30.03279477690526,,1069.19619080938,3.3,0.389,5.358588306730334,2.7251664343470874,True,2008–2014
SSD,South Sudan,2013,False,False,True,14.7084526216951,1.3494205429433244,,1165.16202707495,3.8,0.391,0.09174456196384091,2.065306905807482,False,2008–2014
SSD,South Sudan,2014,False,False,True,28.4570049428564,21.21719709659408,,1197.09491969479,4.3,0.343,0.7455878487282711,0.5822835840718809,False,2008–2014
SSD,South Sudan,2015,False,False,True,13.0532234224485,11.87214611872146,,1080.14718624765,4.8,0.317,0.9095183415235303,0.8275530951259008,False,2015–2021
SSD,South Sudan,2016,False,False,True,,9.696827227515483,,,5.3,0.297,,,False,2015–2021
SSD,South Sudan,2017,False,False,True,,44.24411826399153,,,4.2,0.292,,,False,2015–2021
SSD,South Sudan,2018,False,False,True,,29.483106609827402,,,6.3,0.371,,,False,2015–2021
SSD,South Sudan,2019,False,False,True,,31.01294344440828,,,6.8,0.403,,,False,2015–2021
SSD,South Sudan,2020,False,False,True,,22.350603277347535,,,7.3,0.398,,,False,2015–2021
SSD,South Sudan,2021,False,False,True,,16.002986208375095,,,7.7,0.393,,,False,2015–2021
STP,Sao Tome and Principe,2000,False,False,False,,,,959.938180991352,52.9,,,,False,2000–2007
STP,Sao Tome and Principe,2001,False,False,False,2.97851781674319,,,973.424252100436,51.5,,,,False,2000–2007
STP,Sao Tome and Principe,2002,False,False,False,3.20434365847031,,,982.32906557627,52.5,,,,False,2000–2007
STP,Sao Tome and Principe,2003,False,False,False,4.00630925326351,,,1036.86196260207,53.6,,,,False,2000–2007
STP,Sao Tome and Principe,2004,False,False,False,3.05849147819464,,,1047.05796134884,54.7,,,,False,2000–2007
STP,Sao Tome and Principe,2005,False,False,False,2.74523195490654,40.84465138744516,,1089.14778798762,55.8,0.535,14.878397184049861,7.631526270087622,True,2000–2007
STP,Sao Tome and Principe,2006,False,False,False,2.68486078996349,1.032746083310479,,1157.0861446542,56.9,0.546,0.3846553561253813,6.896553863597554,False,2000–2007
STP,Sao Tome and Principe,2007,False,False,False,3.62146494582258,19.652274451494545,,1170.51612474435,58.0,0.552,5.426609050617422,1.9576616938080489,True,2000–2007
STP,Sao Tome and Principe,2008,False,False,False,3.51834389031727,0.21715455867136157,,1214.14114724792,59.1,0.557,0.06172067468134261,2.7441648626493826,False,2008–2014
STP,Sao Tome and Principe,2009,False,False,False,3.5091899751829,,,1225.60541902997,56.9,0.561,,,False,2008–2014
STP,Sao Tome and Principe,2010,False,False,False,3.97441398723173,,,1216.3502521663,61.4,0.564,,,False,2008–2014
STP,Sao Tome and Principe,2011,False,False,False,3.82221922487921,,,1214.96130276731,62.6,0.569,,,False,2008–2014
STP,Sao Tome and Principe,2012,False,False,False,3.81740404574064,0.7890480135716258,,1225.6945255615,57.9,0.574,0.2066975368908159,0.34180551258683023,False,2008–2014
STP,Sao Tome and Principe,2013,False,False,False,3.33902231905861,1.5924247816365151,,1263.70423995281,65.0,0.585,0.47691348828284463,0.34180551258683023,False,2008–2014
STP,Sao Tome and Principe,2014,False,False,False,3.04723492306762,,,1301.32146445028,68.6,0.596,,,False,2008–2014
STP,Sao Tome and Principe,2015,False,False,False,3.41287577328636,,,1298.10946596396,67.3,0.608,,,False,2015–2021
STP,Sao Tome and Principe,2016,False,False,False,3.27531389837999,0.9612886464016628,,1342.533807689,69.4,0.613,0.29349512023172125,0.2459513934060092,False,2015–2021
STP,Sao Tome and Principe,2017,False,False,False,3.15239782697584,0.6254598969830758,,1375.59403284199,74.3,0.617,0.19840766658029718,0.5409184065422218,False,2015–2021
STP,Sao Tome and Principe,2018,False,False,False,2.33693840944991,2.642732485664423,,1413.84348618541,71.0,0.621,1.1308524328146472,0.5682871161562265,False,2015–2021
STP,Sao Tome and Principe,2019,False,False,False,2.04664899329107,0.7687239182956292,,1420.66008316091,75.1,0.625,0.3756012490737355,0.5532564672871919,False,2015–2021
STP,Sao Tome and Principe,2020,False,False,False,1.98018939747641,0.3035941631573793,,1430.84119299096,76.8,0.628,0.15331571997319313,0.18923867361411517,False,2015–2021
STP,Sao Tome and Principe,2021,False,False,False,1.88439596006627,0.07311277645768598,,1428.28676097975,78.5,0.631,0.038799051795417115,0.09605738588430501,False,2015–2021
SWZ,Eswatini,2000,False,False,False,2.96474122584246,,,2273.04683761056,20.4,0.493,,,False,2000–2007
SWZ,Eswatini,2001,False,False,False,3.46238536598299,,,2283.98316815361,26.9,0.484,,,False,2000–2007
SWZ,Eswatini,2002,False,False,False,4.47317674745905,,,2358.56935643468,25.9,0.473,,,False,2000–2007
SWZ,Eswatini,2003,False,False,False,2.85629396804877,,,2448.83792077995,28.7,0.469,,,False,2000–2007
SWZ,Eswatini,2004,False,False,False,2.36992798917747,,,2522.14342097167,31.4,0.467,,,False,2000–2007
SWZ,Eswatini,2005,False,False,False,2.05352202116111,,,2658.75180508187,34.2,0.472,,,False,2000–2007
SWZ,Eswatini,2006,False,False,False,2.01403860027349,,,2823.48728215402,35.2,0.485,,,False,2000–2007
SWZ,Eswatini,2007,False,False,False,2.65465043431262,,,2928.46845823015,39.8,0.497,,,False,2000–2007
SWZ,Eswatini,2008,False,False,False,3.77519043420084,,,2950.67334362132,42.6,0.507,,,False,2008–2014
SWZ,Eswatini,2009,False,False,False,2.67177186311795,,,2973.83456912379,38.6,0.519,,,False,2008–2014
SWZ,Eswatini,2010,False,False,False,2.3895930131961,,,3069.52175725884,45.6,0.534,,,False,2008–2014
SWZ,Eswatini,2011,False,False,False,2.64276236861755,,,3108.70225253092,51.2,0.545,,,False,2008–2014
SWZ,Eswatini,2012,False,False,False,4.18067033297096,,,3218.50138205493,54.3,0.562,,,False,2008–2014
SWZ,Eswatini,2013,False,False,False,4.50064467722075,,,3332.11983927912,57.5,0.578,,,False,2008–2014
SWZ,Eswatini,2014,False,False,False,3.43977917921013,,,3381.79292071291,65.0,0.592,,,False,2008–2014
SWZ,Eswatini,2015,False,False,False,3.40740844429257,,,3419.82276559528,64.1,0.607,,,False,2015–2021
SWZ,Eswatini,2016,False,False,False,4.60471033148777,,,3500.17688847942,63.4,0.619,,,False,2015–2021
SWZ,Eswatini,2017,False,False,False,4.03940046980401,,,3596.23605400492,73.5,0.631,,,False,2015–2021
SWZ,Eswatini,2018,False,False,False,3.14380015317315,,,3565.54285067501,74.0,0.643,,,False,2015–2021
SWZ,Eswatini,2019,False,False,False,3.2760764754406,,,3759.67106964666,77.0,0.653,,,False,2015–2021
SWZ,Eswatini,2020,False,False,False,3.38164464300091,,,3609.3669136859,80.0,0.657,,,False,2015–2021
SWZ,Eswatini,2021,False,False,False,2.99915237990705,,,3719.03838239806,82.9,0.658,,,False,2015–2021
SYC,Seychelles,2000,False,False,False,0.106839697103305,,,11703.7535246117,94.1,,,,False,2000–2007
SYC,Seychelles,2001,False,False,False,0.100866292801415,,,11427.9413083015,94.4,,,,False,2000–2007
SYC,Seychelles,2002,False,False,False,0.104835241294799,,,11218.2606464315,96.1,,,,False,2000–2007
SYC,Seychelles,2003,False,False,False,0.118386036607082,,,10677.9692081272,94.9,,,,False,2000–2007
SYC,Seychelles,2004,False,False,False,0.0655728027215241,,,10412.0868936027,95.2,,,,False,2000–2007
SYC,Seychelles,2005,False,False,False,0.0909496426772842,,,11297.3118190493,95.5,,,,False,2000–2007
SYC,Seychelles,2006,False,False,False,0.102807711673663,,,12105.4475265558,99.0,,,,False,2000–2007
SYC,Seychelles,2007,False,False,False,0.108712512691565,,,13112.8210098816,96.1,,,,False,2000–2007
SYC,Seychelles,2008,False,False,False,0.178453829903448,,,12473.2921769121,96.5,,,,False,2008–2014
SYC,Seychelles,2009,False,False,False,0.160955511131527,,,12116.3783687977,96.8,,,,False,2008–2014
SYC,Seychelles,2010,False,False,False,0.146953956678162,,,12313.5566919249,97.0,0.758,,,False,2008–2014
SYC,Seychelles,2011,False,False,False,0.149780680938161,,,13843.7116081878,98.1,0.772,,,False,2008–2014
SYC,Seychelles,2012,False,False,False,0.1644793129234,,,14135.0010570653,98.3,0.797,,,False,2008–2014
SYC,Seychelles,2013,False,False,False,0.136887236537623,,,14050.3135581314,98.0,0.797,,,False,2008–2014
SYC,Seychelles,2014,False,False,False,0.122451367247677,,,14395.6158118771,100.0,0.814,,,False,2008–2014
SYC,Seychelles,2015,False,False,False,0.100073979606541,,,15333.1051727105,100.0,0.819,,,False,2015–2021
SYC,Seychelles,2016,False,False,False,0.0990332020466637,,,16962.6753972731,100.0,0.836,,,False,2015–2021
SYC,Seychelles,2017,False,False,False,0.11671286310133,,,17921.5731976918,100.0,0.844,,,False,2015–2021
SYC,Seychelles,2018,False,False,False,0.121453194976473,,,18628.1862276696,100.0,0.847,,,False,2015–2021
SYC,Seychelles,2019,False,False,False,0.0974947166802459,,,19481.6461053742,100.0,0.85,,,False,2015–2021
SYC,Seychelles,2020,False,False,False,0.13148617576909,,,17048.361729788,100.0,0.853,,,False,2015–2021
SYC,Seychelles,2021,False,False,False,0.120645132507182,,,17005.0422063679,100.0,0.838,,,False,2015–2021
TCD,Chad,2000,True,True,True,10.5734977135563,,,530.600331266396,3.1,0.303,,,False,2000–2007
TCD,Chad,2001,True,True,True,8.36504776729485,,,572.806706826392,3.4,0.313,,,False,2000–2007
TCD,Chad,2002,True,True,True,8.65186088391704,,,600.171451974963,3.8,0.32,,,False,2000–2007
TCD,Chad,2003,True,True,True,14.3393379007977,,,661.55691667897,4.1,0.32,,,False,2000–2007
TCD,Chad,2004,True,True,True,34.9264279168197,1.604433017841184,,845.518131165737,3.5,0.338,0.045937506740233496,0.06041610568046575,False,2000–2007
TCD,Chad,2005,True,True,True,36.3205988355502,2.7202205214354005,,952.871910087319,4.8,0.339,0.07489470462069801,0.11358620643195357,False,2000–2007
TCD,Chad,2006,True,True,True,34.2599109523942,7.534659151930594,4.284707014013084,914.21066458867,5.1,0.339,0.21992640793492915,0.19721307489255424,False,2000–2007
TCD,Chad,2007,True,True,True,33.0605206762299,9.812961332890078,7.41896117816867,920.35281567764,5.5,0.35,0.29681811212203546,0.29143284234367134,False,2000–2007
TCD,Chad,2008,True,True,True,33.9195928441547,12.128086336355802,7.06912025220172,916.08727463451,5.9,0.354,0.35755400697404927,0.29787996462060706,False,2008–2014
TCD,Chad,2009,True,True,True,19.3963985864073,4.6409331282389505,3.170214883374494,871.485311278207,6.3,0.369,0.23926777476573644,0.33306808554657047,False,2008–2014
TCD,Chad,2010,True,True,True,23.7814056347722,9.569220855918676,6.639000860097425,956.953018707396,6.4,0.375,0.4023824748999257,0.3711367226602127,False,2008–2014
TCD,Chad,2011,True,True,True,28.1688125971144,13.288916729844555,9.917687116963636,965.286963559567,9.0,0.384,0.47175991831497593,0.45755590518142136,False,2008–2014
TCD,Chad,2012,True,True,True,24.7933556227023,12.360115603434172,8.143134985791926,1016.42152061942,7.8,0.391,0.49852532232936236,0.47248882159715616,False,2008–2014
TCD,Chad,2013,True,True,True,20.0436304196548,8.963135187413892,,1008.61711428961,8.1,0.396,0.44718122414713024,0.4586892124940114,False,2008–2014
TCD,Chad,2014,True,True,True,15.6882203824047,6.751599639707058,,993.321157706456,8.4,0.401,0.4303610910055414,0.3749802258772032,False,2008–2014
TCD,Chad,2015,True,True,True,11.9712071081449,2.961657035451268,,993.990730610869,7.7,0.396,0.2473983624789377,0.28065698214258133,False,2015–2021
TCD,Chad,2016,True,True,True,13.110061160108,2.152822715678844,,923.565872051196,9.2,0.396,0.16421149294326476,0.1878873138602938,False,2015–2021
TCD,Chad,2017,True,True,True,16.8846139020106,2.5673407677845437,,879.075895464417,10.9,0.397,0.15205208615867893,0.15456589838571155,False,2015–2021
TCD,Chad,2018,True,True,True,20.9399413766231,3.0872617471099435,1.3617420862029515,898.834794005046,10.1,0.402,0.14743411605519088,0.1631037135165832,False,2015–2021
TCD,Chad,2019,True,True,True,19.6499588651766,3.7300522298847207,,917.203710060136,8.4,0.406,0.18982493833587968,0.2724833178539115,False,2015–2021
TCD,Chad,2020,True,True,True,13.9330901678111,6.690543095907149,,884.980541934939,10.9,0.408,0.48019089917066393,0.3140688768067132,False,2015–2021
TCD,Chad,2021,True,True,True,21.3429312625159,5.8093493834445775,,857.52763057976,11.3,0.408,0.2721907929135959,0.37619084604212993,False,2015–2021
TGO,Togo,2000,False,False,False,7.14401583181283,0.13993597928947507,0.04198079378684252,730.148392769906,17.0,0.448,0.019587859627400298,0.01749642118541895,False,2000–2007
TGO,Togo,2001,False,False,False,6.64861942296073,0.10242186747839412,,718.084179469825,19.6,0.452,0.015404982743437603,0.01749642118541895,False,2000–2007
TGO,Togo,2002,False,False,False,6.84815672076429,,,727.322768684689,21.3,0.455,,,False,2000–2007
TGO,Togo,2003,False,False,False,9.30157253117212,,,757.076842057466,23.0,0.46,,,False,2000–2007
TGO,Togo,2004,False,False,False,6.31025984592111,,,731.610797958447,24.8,0.461,,,False,2000–2007
TGO,Togo,2005,False,False,False,6.87103075962386,,,680.485159475257,26.5,0.46,,,False,2000–2007
TGO,Togo,2006,False,False,False,8.39328796217993,,,678.890227390526,27.9,0.465,,,False,2000–2007
TGO,Togo,2007,False,False,False,10.5484843902413,,,650.046681355874,30.0,0.458,,,False,2000–2007
TGO,Togo,2008,False,False,False,15.1545627268664,,,654.896723036341,31.8,0.465,,,False,2008–2014
TGO,Togo,2009,False,False,False,14.6752963580582,,,668.669623161752,33.7,0.473,,,False,2008–2014
TGO,Togo,2010,False,False,False,11.3076284343152,,,686.014185396121,30.8,0.483,,,False,2008–2014
TGO,Togo,2011,False,False,False,17.924810571738,,,706.442158827353,39.7,0.495,,,False,2008–2014
TGO,Togo,2012,False,False,False,20.9936889901917,,,733.683602929868,39.1,0.5,,,False,2008–2014
TGO,Togo,2013,False,False,False,15.5653200902369,,,759.841612443554,41.0,0.507,,,False,2008–2014
TGO,Togo,2014,False,False,False,13.3950715961836,,,786.587399651446,45.7,0.514,,,False,2008–2014
TGO,Togo,2015,False,False,False,12.7280087175611,,,813.894676975085,44.7,0.523,,,False,2015–2021
TGO,Togo,2016,False,False,False,9.003109569313,,,832.959515987733,46.8,0.528,,,False,2015–2021
TGO,Togo,2017,False,False,False,7.77733835842081,,,851.735728621337,48.0,0.534,,,False,2015–2021
TGO,Togo,2018,False,False,False,4.87362329556752,,,876.562800915869,50.0,0.542,,,False,2015–2021
TGO,Togo,2019,False,False,False,4.32587635811955,,,900.166602437871,52.5,0.549,,,False,2015–2021
TGO,Togo,2020,False,False,False,4.73168572169493,,,899.748802355348,54.1,0.554,,,False,2015–2021
TGO,Togo,2021,False,False,False,7.86417419787513,,,928.301087692897,55.7,0.56,,,False,2015–2021
TZA,Tanzania,2000,False,False,False,3.75533581161388,,,555.348083496094,8.7,0.414,,,False,2000–2007
TZA,Tanzania,2001,False,False,False,4.04412476360876,,,573.400146484375,9.7,0.422,,,False,2000–2007
TZA,Tanzania,2002,False,False,False,4.85747358130828,,,598.421569824219,10.7,0.433,,,False,2000–2007
TZA,Tanzania,2003,False,False,False,6.86273700817164,,,621.720703125,11.1,0.444,,,False,2000–2007
TZA,Tanzania,2004,False,False,False,5.35429372711806,,,650.516540527344,11.4,0.455,,,False,2000–2007
TZA,Tanzania,2005,False,False,False,4.99358813102763,,,680.051208496094,13.8,0.465,,,False,2000–2007
TZA,Tanzania,2006,False,False,False,5.52196373960203,,,704.502746582031,14.9,0.477,,,False,2000–2007
TZA,Tanzania,2007,False,False,False,6.20610344090512,,,731.52001953125,15.9,0.486,,,False,2000–2007
TZA,Tanzania,2008,False,False,False,5.0765951351817,,,752.540466308594,11.5,0.495,,,False,2008–2014
TZA,Tanzania,2009,False,False,False,5.53625650735826,,,772.929565429688,11.2,0.504,,,False,2008–2014
TZA,Tanzania,2010,False,False,False,5.55945838220369,,,801.29931640625,14.8,0.513,,,False,2008–2014
TZA,Tanzania,2011,False,False,False,7.33646177996057,,,838.999267578125,14.2,0.516,,,False,2008–2014
TZA,Tanzania,2012,False,False,False,6.8325198508577,,,851.910705566406,15.3,0.519,,,False,2008–2014
TZA,Tanzania,2013,False,False,False,5.76723525319283,,,882.8115234375,16.4,0.521,,,False,2008–2014
TZA,Tanzania,2014,False,False,False,5.04690559304949,,,913.811218261719,23.5,0.521,,,False,2008–2014
TZA,Tanzania,2015,False,False,False,5.30193884393363,,,939.127319335938,26.2,0.52,,,False,2015–2021
TZA,Tanzania,2016,False,False,False,5.61603835789229,,,970.156127929688,32.8,0.52,,,False,2015–2021
TZA,Tanzania,2017,False,False,False,5.13616759488345,,,1001.55895996094,32.1,0.528,,,False,2015–2021
TZA,Tanzania,2018,False,False,False,3.61159728659091,,,1024.01525878906,34.9,0.537,,,False,2015–2021
TZA,Tanzania,2019,False,False,False,3.53145044367484,,,1051.7666015625,37.7,0.546,,,False,2015–2021
TZA,Tanzania,2020,False,False,False,3.85169508025186,,,1041.25964355469,39.9,0.554,,,False,2015–2021
TZA,Tanzania,2021,False,False,False,6.69370906979479,,,1054.31726074219,42.7,0.548,,,False,2015–2021
UGA,Uganda,2000,False,False,False,12.0494143938765,,,509.19755319016,7.4,0.407,,,False,2000–2007
UGA,Uganda,2001,False,False,False,12.4643931713023,,,519.456547890884,8.6,0.418,,,False,2000–2007
UGA,Uganda,2002,False,False,False,14.2481201571521,,,547.405338919875,7.8,0.432,,,False,2000–2007
UGA,Uganda,2003,False,False,False,20.8852302359366,0.013028744490312986,,564.720539196569,10.5,0.446,0.0006238257535650629,0.0006289543819077687,False,2000–2007
UGA,Uganda,2004,False,False,False,15.1925629839147,0.009633346070260562,,585.339489080616,11.6,0.461,0.0006340830102504744,0.0006733992042413419,False,2000–2007
UGA,Uganda,2005,False,False,False,13.9239561199514,0.01061407648293005,,604.404813057618,8.9,0.47,0.0007622888489084881,0.0008044553269670563,False,2000–2007
UGA,Uganda,2006,False,False,False,13.2519669621419,0.013477172502020237,,650.270540867444,9.0,0.481,0.0010169941217422064,0.0009519158928856232,False,2000–2007
UGA,Uganda,2007,False,False,False,16.1640796388529,0.017400061268626345,,684.542241787248,14.8,0.492,0.001076464708006175,0.0009031556526480226,False,2000–2007
UGA,Uganda,2008,False,False,False,16.4379945980784,0.010125938283653083,,722.565167003452,15.9,0.502,0.0006160081281956866,0.0007855623825282482,False,2008–2014
UGA,Uganda,2009,False,False,False,9.46245873827469,0.006285100514832067,,749.342865535423,10.0,0.509,0.000664214311382883,0.00073755227342345,False,2008–2014
UGA,Uganda,2010,False,False,False,8.10229439370414,0.007554857855176006,,768.624091660131,12.1,0.514,0.0009324343806917806,0.0010117334442860013,False,2008–2014
UGA,Uganda,2011,False,False,False,9.15620849237058,0.013171678750054051,,816.516366587228,14.6,0.522,0.0014385516407833402,0.0010995010463065913,False,2008–2014
UGA,Uganda,2012,False,False,False,10.6585708011681,0.009886006865579187,,823.580468285493,20.5,0.526,0.0009275171174446535,0.0010669639318028918,False,2008–2014
UGA,Uganda,2013,False,False,False,10.6586103842094,0.008898053493071248,,828.988669729986,13.9,0.532,0.0008348230371806821,0.0008815731422448717,False,2008–2014
UGA,Uganda,2014,False,False,False,10.3312319703494,0.00911606494598902,,845.978664791099,20.4,0.539,0.0008823792721092794,0.0008471337871283033,False,2008–2014
UGA,Uganda,2015,False,False,False,10.7947576138514,0.008897028992931051,,862.934610355811,18.5,0.547,0.0008241990520949484,0.00084515513838473,False,2015–2021
UGA,Uganda,2016,False,False,False,12.7336513052995,0.01055475918762089,,874.648370639216,26.7,0.553,0.0008288870909499621,0.0009587457418048544,False,2015–2021
UGA,Uganda,2017,False,False,False,12.1305147407764,0.014837452234881681,,871.093880017151,32.4,0.557,0.0012231510823696528,0.0012403034955515272,False,2015–2021
UGA,Uganda,2018,False,False,False,8.38888217833344,0.013999973207249803,,895.07512785438,41.9,0.563,0.001668872313334967,0.0015079997291375842,False,2015–2021
UGA,Uganda,2019,False,False,False,7.38833937837014,0.012057591006423982,,920.939101515671,41.3,0.569,0.0016319757917081328,0.0015166509631996652,False,2015–2021
UGA,Uganda,2020,False,False,False,7.56349041713714,0.00944759206798867,,917.0350317644,42.1,0.571,0.0012491047845558957,0.0013344626021570948,False,2015–2021
UGA,Uganda,2021,False,False,False,7.47552032336567,0.008389830508474576,,919.401675217265,45.2,0.573,0.001122307230207256,0.0011857060073815757,False,2015–2021
ZAF,South Africa,2000,False,False,False,3.71688450048923,,,4700.87555500704,72.4,0.618,,,False,2000–2007
ZAF,South Africa,2001,False,False,False,4.94658656928292,,,4786.482450463,70.2,0.613,,,False,2000–2007
ZAF,South Africa,2002,False,False,False,4.67923392268105,,,4916.81498068625,76.7,0.614,,,False,2000–2007
ZAF,South Africa,2003,False,False,False,2.99086668200306,,,5011.62223150169,78.8,0.61,,,False,2000–2007
ZAF,South Africa,2004,False,False,False,4.77963979439938,,,5187.35683424034,80.6,0.613,,,False,2000–2007
ZAF,South Africa,2005,False,False,False,4.56849246597233,,,5406.07581377638,80.8,0.616,,,False,2000–2007
ZAF,South Africa,2006,False,False,False,5.2274047401405,,,5650.9883176549,80.7,0.622,,,False,2000–2007
ZAF,South Africa,2007,False,False,False,6.3657074741337,,,5891.42069421698,82.0,0.632,,,False,2000–2007
ZAF,South Africa,2008,False,False,False,11.9900580422374,,,6009.71963138635,81.9,0.643,,,False,2008–2014
ZAF,South Africa,2009,False,False,False,4.93797499670312,,,5847.05811084505,82.6,0.657,,,False,2008–2014
ZAF,South Africa,2010,False,False,False,6.84683101275869,,,5953.94506512821,82.8,0.669,,,False,2008–2014
ZAF,South Africa,2011,False,False,False,7.81466074244917,,,6067.12482726885,83.6,0.683,,,False,2008–2014
ZAF,South Africa,2012,False,False,False,6.40436399402211,,,6121.55783860713,85.2,0.696,,,False,2008–2014
ZAF,South Africa,2013,False,False,False,6.11153096342063,,,6170.87670863373,85.2,0.705,,,False,2008–2014
ZAF,South Africa,2014,False,False,False,4.66573419871465,,,6155.00589462516,85.9,0.713,,,False,2008–2014
ZAF,South Africa,2015,False,False,False,2.80794769347075,,,6112.27382485974,85.3,0.722,,,False,2015–2021
ZAF,South Africa,2016,False,False,False,3.56159906611897,,,6095.295060428,83.9,0.722,,,False,2015–2021
ZAF,South Africa,2017,False,False,False,3.8355856656622,,,6125.6920507497,84.4,0.726,,,False,2015–2021
ZAF,South Africa,2018,False,False,False,3.86949148830953,,,6117.2701406047,84.7,0.732,,,False,2015–2021
ZAF,South Africa,2019,False,False,False,4.18782227881945,,,6032.82972598668,85.0,0.742,,,False,2015–2021
ZAF,South Africa,2020,False,False,False,4.01777511009808,,,5569.58483319272,90.0,0.724,,,False,2015–2021
ZAF,South Africa,2021,False,False,False,7.32857859192335,,,5750.90937479584,89.3,0.721,,,False,2015–2021
ZMB,Zambia,2000,False,False,False,9.12122495945449,2.249799125078118,2.249799125078118,804.48463418783,16.7,0.429,0.2466553708606997,0.2626481804123836,False,2000–2007
ZMB,Zambia,2001,False,False,False,6.91796764834799,1.927629354075076,1.927629354075076,822.020935308251,20.2,0.437,0.2786409899640675,0.1757304662648911,False,2000–2007
ZMB,Zambia,2002,False,False,False,8.58178422740853,0.01626280696048138,0.01626280696048138,833.021177549004,17.4,0.445,0.0018950379699062083,0.09464871213381164,False,2000–2007
ZMB,Zambia,2003,False,False,False,12.6388158009955,0.043099732781656755,0.043099732781656755,863.650190656785,18.5,0.458,0.0034101084674611677,0.0020939429513683275,False,2000–2007
ZMB,Zambia,2004,False,False,False,13.7756377211636,0.013454423141607804,0.013454423141607804,895.475258534826,20.3,0.468,0.0009766824167376069,0.003940978193875607,False,2000–2007
ZMB,Zambia,2005,False,False,False,14.1027021273131,0.10486971954072441,0.10486971954072441,929.079255855905,23.3,0.48,0.007436143697428047,0.005032596187817754,False,2000–2007
ZMB,Zambia,2006,False,False,False,19.2015029596777,0.12836132625533025,0.12836132625533025,968.563565019492,24.1,0.492,0.006684962449287606,0.02238218865529716,False,2000–2007
ZMB,Zambia,2007,False,False,False,21.7874311599282,1.1552885555338321,1.1552885555338321,1013.08567432637,18.5,0.504,0.05302545981917583,0.04392194907105861,False,2000–2007
ZMB,Zambia,2008,False,False,False,16.052538455331,1.1566724798402124,1.1566724798402124,1053.58612301068,25.7,0.514,0.0720554249447124,0.0580113137267429,False,2008–2014
ZMB,Zambia,2009,False,False,False,16.7968643399172,0.8222578476495837,0.8222578476495837,1110.71918102486,26.6,0.526,0.04895305641634044,0.06789181773999116,False,2008–2014
ZMB,Zambia,2010,False,False,False,18.6647201093496,1.5429558920342332,1.5429558920342332,1183.41712409199,22.0,0.533,0.08266697185892063,0.12935296408636746,False,2008–2014
ZMB,Zambia,2011,False,False,False,17.4237334954232,4.468122423923529,3.7069192317811104,1208.46424569634,28.3,0.538,0.2564388639838413,0.18914556177326206,False,2008–2014
ZMB,Zambia,2012,False,False,False,13.5753487511819,3.0996709123042234,1.9882381619842768,1258.78938578996,29.2,0.551,0.22833084947702423,0.2136909101319532,False,2008–2014
ZMB,Zambia,2013,False,False,False,12.023594729012,1.8793241305482682,0.7156498007678532,1280.77012176778,30.1,0.557,0.15630301693499407,0.18572279051785504,False,2008–2014
ZMB,Zambia,2014,False,False,False,10.842259058696,1.870663801308567,0.902707523959462,1299.01241762504,27.9,0.559,0.17253450514154678,0.17808451483645307,False,2008–2014
ZMB,Zambia,2015,False,False,False,11.1602533885932,2.292494860427198,0.24811730768182091,1295.87788680068,31.1,0.565,0.20541602243281837,0.16631233867576597,False,2015–2021
ZMB,Zambia,2016,False,False,False,11.6772125402718,1.4127849401660357,,1303.57513869133,35.4,0.565,0.12098648845293276,0.133721235257425,False,2015–2021
ZMB,Zambia,2017,False,False,False,13.2264399699464,0.988824456248071,,1308.76829240086,40.3,0.57,0.07476119488652382,0.13111471943190736,False,2015–2021
ZMB,Zambia,2018,False,False,False,11.7483463033985,2.3214318161170167,0.8907059144180977,1321.25045711573,40.2,0.575,0.19759647495626553,0.19591265314956388,False,2015–2021
ZMB,Zambia,2019,False,False,False,7.91506539515975,2.4962556165751373,1.0753869196205692,1301.18132976178,43.0,0.578,0.3153802896059023,0.23609057338281794,False,2015–2021
ZMB,Zambia,2020,False,False,False,16.2222307618142,3.168119836138987,1.5929262054393922,1228.73500113195,44.6,0.578,0.195294955586286,0.22358444320995297,False,2015–2021
ZMB,Zambia,2021,False,False,False,35.2641479964325,5.645017260595429,2.87156624926244,1269.10821808895,46.7,0.574,0.16007808443767046,0.17768652001197827,False,2015–2021
ZWE,Zimbabwe,2000,False,False,False,3.90170876645193,,,1677.34896793251,33.7,0.458,,,False,2000–2007
ZWE,Zimbabwe,2001,False,False,False,4.02799179313518,,,1690.14666163116,34.2,0.456,,,False,2000–2007
ZWE,Zimbabwe,2002,False,False,False,5.17219377081197,,,1525.07935706564,34.2,0.459,,,False,2000–2007
ZWE,Zimbabwe,2003,False,False,False,6.98217572203532,,,1250.91948331231,35.1,0.45,,,False,2000–2007
ZWE,Zimbabwe,2004,False,False,False,8.43730994677101,,,1165.54447081543,35.6,0.453,,,False,2000–2007
ZWE,Zimbabwe,2005,False,False,False,8.5582074673681,,,1088.63148420699,36.1,0.455,,,False,2000–2007
ZWE,Zimbabwe,2006,False,False,False,11.4813042316831,,,1038.22375658033,37.2,0.457,,,False,2000–2007
ZWE,Zimbabwe,2007,False,False,False,15.559238462362,,,987.200362596937,37.2,0.459,,,False,2000–2007
ZWE,Zimbabwe,2008,False,False,False,18.3230470823159,,,803.044944654991,37.7,0.456,,,False,2008–2014
ZWE,Zimbabwe,2009,False,False,False,6.76260898727295,,,896.915532877845,43.4,0.488,,,False,2008–2014
ZWE,Zimbabwe,2010,False,False,False,7.09847064162797,,,1056.20884563889,38.9,0.512,,,False,2008–2014
ZWE,Zimbabwe,2011,False,False,False,7.87938898914128,1.3782402336619204,,1184.93421020563,36.9,0.529,0.17491714593114985,0.14657486743554682,False,2008–2014
ZWE,Zimbabwe,2012,False,False,False,5.96773281078297,0.7055805003207184,,1360.15230034275,44.0,0.545,0.1182325889399438,0.18395570107984502,False,2008–2014
ZWE,Zimbabwe,2013,False,False,False,5.04283935109174,1.3046701260192735,,1367.81831689463,40.6,0.554,0.25871736836844134,0.1884749786541926,False,2008–2014
ZWE,Zimbabwe,2014,False,False,False,5.62126327970579,,,1381.25404125871,32.3,0.56,,,False,2008–2014
ZWE,Zimbabwe,2015,False,False,False,4.60618520596556,,,1387.12632595026,33.7,0.567,,,False,2015–2021
ZWE,Zimbabwe,2016,False,False,False,4.49541367401877,,,1378.34256192374,42.5,0.57,,,False,2015–2021
ZWE,Zimbabwe,2017,False,False,False,6.09544838030308,,,1422.91948946927,44.0,0.575,,,False,2015–2021
ZWE,Zimbabwe,2018,False,False,False,3.37818944674235,,,1472.14603844842,45.4,0.586,,,False,2015–2021
ZWE,Zimbabwe,2019,False,False,False,4.71576545765887,,,1357.53087818754,46.7,0.584,,,False,2015–2021
ZWE,Zimbabwe,2020,False,False,False,4.74666809490234,,,1230.81933361016,52.7,0.582,,,False,2015–2021
ZWE,Zimbabwe,2021,False,False,False,6.39845161112644,,,1312.20001358807,49.0,0.581,,,False,2015–2021
