iso3,country,year,sahel,sahel_ext,oil_state,rents_pct_gdp,res_rev_pct_gdp,res_tax_pct_gdp,gdppc_const,elec_access_pct,hdi,capture_ratio,capture_ratio_3y,flag_ratio_high,period
AGO,Angola,2000,False,False,True,19.579,4.748,3.245,1304.38,34.74,0.4575,0.24250472444966545,0.22698233889668343,False,2000–2007
AGO,Angola,2001,False,False,True,20.576,4.351,3.334,1355.53,34.84,0.4508,0.2114599533437014,0.24819399869985595,False,2000–2007
AGO,Angola,2002,False,False,True,21.561,6.266,3.755,1187.44,32.7,0.4594,0.290617318306201,0.25348060280990226,False,2000–2007
AGO,Angola,2003,False,False,True,24.837,6.417,5.29,1309.29,31.32,0.4546,0.2583645367798043,0.26527529550059026,False,2000–2007
AGO,Angola,2004,False,False,True,24.319,6.003,3.484,1300.94,35.14,0.4763,0.24684403141576547,0.25478890343409605,False,2000–2007
AGO,Angola,2005,False,False,True,28.936,7.499,5.237,1306.52,31.79,0.4876,0.2591581421067183,0.2593920535280371,False,2000–2007
AGO,Angola,2006,False,False,True,23.496,6.395,4.068,1386.66,34.1,0.4809,0.2721739870616275,0.2656660645841729,False,2000–2007
AGO,Angola,2007,False,False,True,24.947,,,1187.45,38.97,0.4862,,0.2708014237708579,False,2000–2007
AGO,Angola,2008,False,False,True,21.746,5.859,4.653,1370.44,42.09,0.497,0.2694288604800883,0.2845844709442764,False,2008–2014
AGO,Angola,2009,False,False,True,20.391,6.112,4.127,1340.38,38.5,0.486,0.29974008140846453,0.2848946581444124,False,2008–2014
AGO,Angola,2010,False,False,True,19.358,5.527,2.851,1583.88,38.31,0.4983,0.28551503254468436,0.26734234449047783,False,2008–2014
AGO,Angola,2011,False,False,True,20.427,4.428,3.44,1428.25,40.32,0.5015,0.21677191951828462,0.27172155423073013,False,2008–2014
AGO,Angola,2012,False,False,True,22.504,7.041,4.65,1557.88,45.63,0.5188,0.3128777106292215,0.3527221458465241,False,2008–2014
AGO,Angola,2013,False,False,True,12.554,6.635,3.026,1566.7,44.69,0.5257,0.5285168073920662,0.35978923471372043,False,2008–2014
AGO,Angola,2014,False,False,True,15.216,3.621,2.666,1587.65,46.7,0.5366,0.23797318611987384,0.3533599448628881,False,2008–2014
AGO,Angola,2015,False,False,True,13.151,3.861,2.366,1474.17,48.9,0.5345,0.2935898410767242,0.2811573142716662,False,2015–2021
AGO,Angola,2016,False,False,True,10.891,3.397,1.975,1597.44,45.7,0.5413,0.3119089156184005,0.29013620137641466,False,2015–2021
AGO,Angola,2017,False,False,True,11.536,3.056,1.566,1519.32,51.45,0.5467,0.26490984743411927,0.2840240212119596,False,2015–2021
AGO,Angola,2018,False,False,True,13.028,3.586,2.353,1581.95,51.79,0.5601,0.2752533005833589,0.29474944256445235,False,2015–2021
AGO,Angola,2019,False,False,True,12.773,4.395,2.825,1656.69,51.58,0.5552,0.34408517967587876,0.31290492503389195,False,2015–2021
AGO,Angola,2020,False,False,True,9.171,2.929,2.484,1860.11,50.43,0.5629,0.3193762948424381,0.2946694469091288,False,2015–2021
AGO,Angola,2021,False,False,True,17.774,3.92,2.307,1673.71,52.81,0.5741,0.2205468662090694,0.2699615805257538,False,2015–2021
BDI,Burundi,2000,False,False,False,11.471,4.01,3.387,2789.19,75.48,0.3132,0.34957719466480686,0.8256607660384696,False,2000–2007
BDI,Burundi,2001,False,False,False,11.523,15.0,6.876,2788.79,,0.3271,1.3017443374121322,0.6505956311301625,False,2000–2007
BDI,Burundi,2002,False,False,False,11.389,3.422,2.598,2659.67,72.18,0.3136,0.3004653613135482,0.6569040049106188,False,2000–2007
BDI,Burundi,2003,False,False,False,13.601,5.012,4.293,2835.22,77.55,0.323,0.36850231600617595,0.34851598514955834,False,2000–2007
BDI,Burundi,2004,False,False,False,12.656,4.766,2.611,2758.63,,0.3256,0.3765802781289507,0.3736603714065645,False,2000–2007
BDI,Burundi,2005,False,False,False,11.825,4.445,3.991,2999.19,76.86,0.3317,0.37589852008456665,0.3934978346986235,False,2000–2007
BDI,Burundi,2006,False,False,False,13.6,5.821,4.831,2739.57,81.49,0.3356,0.4280147058823529,0.4182850667817389,False,2000–2007
BDI,Burundi,2007,False,False,False,13.27,5.984,3.932,2923.12,79.86,,0.4509419743782969,0.3907530735587848,False,2000–2007
BDI,Burundi,2008,False,False,False,12.99,3.81,2.17,3226.82,81.69,0.3542,0.29330254041570436,0.41909297521287714,False,2008–2014
BDI,Burundi,2009,False,False,False,9.59,4.92,3.044,3149.89,85.0,0.373,0.5130344108446299,0.3903993834279181,False,2008–2014
BDI,Burundi,2010,False,False,False,11.059,4.035,1.854,3160.73,85.26,0.3521,0.3648611990234199,0.43774249782526525,False,2008–2014
BDI,Burundi,2011,False,False,False,9.657,4.204,2.455,3160.16,84.48,0.3741,0.43533188360774566,0.3975844769567281,False,2008–2014
BDI,Burundi,2012,False,False,False,10.108,3.968,2.068,3212.73,86.17,0.373,0.3925603482390186,0.47756760504332924,False,2008–2014
BDI,Burundi,2013,False,False,False,8.315,5.029,4.417,3358.4,87.93,0.3741,0.6048105832832231,0.3895933511246139,False,2008–2014
BDI,Burundi,2014,False,False,False,7.345,1.259,0.704,3521.67,86.32,0.387,0.17140912185159973,0.3771438407677206,False,2008–2014
BDI,Burundi,2015,False,False,False,7.176,2.549,1.306,3211.64,89.81,0.4034,0.3552118171683389,0.3220336383702645,False,2015–2021
BDI,Burundi,2016,False,False,False,6.692,2.941,2.384,3588.36,93.79,0.3974,0.4394799760908547,0.37798149182138374,False,2015–2021
BDI,Burundi,2017,False,False,False,5.406,1.834,0.884,3928.66,92.02,0.3985,0.33925268220495747,0.3507426354826238,False,2015–2021
BDI,Burundi,2018,False,False,False,5.682,1.554,1.329,3964.62,91.96,0.4095,0.2734952481520591,0.3724074010958885,False,2015–2021
BDI,Burundi,2019,False,False,False,5.364,2.706,2.257,3940.73,94.51,0.4235,0.5044742729306487,0.3569923493605754,False,2015–2021
BDI,Burundi,2020,False,False,False,9.167,2.686,2.215,4054.93,93.42,0.4088,0.2930075269990182,0.3987408999648336,False,2015–2021
BDI,Burundi,2021,False,False,False,9.636,,,4137.65,98.8,0.4184,,,False,2015–2021
BEN,Benin,2000,False,False,False,19.548,,,2491.81,22.82,0.5348,,,False,2000–2007
BEN,Benin,2001,False,False,False,18.893,3.464,2.172,2616.19,21.85,0.5193,0.18334833006933784,0.18770536726942358,False,2000–2007
BEN,Benin,2002,False,False,False,18.973,3.644,2.718,2619.64,22.11,0.5426,0.1920624044695093,0.18434997072600826,False,2000–2007
BEN,Benin,2003,False,False,False,21.645,3.845,3.382,2861.28,21.65,0.5515,0.17763917763917766,0.1989722680034709,False,2000–2007
BEN,Benin,2004,False,False,False,19.761,4.49,2.391,2804.23,30.3,0.5437,0.22721522190172563,0.21113456419586052,False,2000–2007
BEN,Benin,2005,False,False,False,20.652,4.72,3.293,2584.55,27.05,0.5522,0.22854929304667826,0.2369243053791651,False,2000–2007
BEN,Benin,2006,False,False,False,23.211,5.919,3.069,3117.65,32.5,0.5674,0.2550084011890914,0.2466477387306331,False,2000–2007
BEN,Benin,2007,False,False,False,23.843,6.113,4.9,2600.7,31.57,0.5476,0.2563855219561297,0.2283400989238649,False,2000–2007
BEN,Benin,2008,False,False,False,18.655,3.239,1.972,2945.9,28.77,0.5563,0.17362637362637362,0.2364194030241332,False,2008–2014
BEN,Benin,2009,False,False,False,18.31,5.113,3.754,3132.49,30.86,0.5524,0.27924631348989626,0.2604738471583247,False,2008–2014
BEN,Benin,2010,False,False,False,15.188,4.99,4.208,3173.81,34.59,0.5754,0.32854885435870423,0.2759691044754186,False,2008–2014
BEN,Benin,2011,False,False,False,18.904,4.161,1.994,3082.96,32.07,0.5734,0.2201121455776555,0.2461163655633399,False,2008–2014
BEN,Benin,2012,False,False,False,15.71,2.98,1.502,3231.71,34.47,0.5913,0.18968809675366008,0.2329405669314993,False,2008–2014
BEN,Benin,2013,False,False,False,11.231,3.246,1.775,3331.97,37.57,0.588,0.2890214584631823,0.23935477760842122,False,2008–2014
BEN,Benin,2014,False,False,False,11.549,,,3276.64,38.16,0.598,,0.27183712506909363,False,2008–2014
BEN,Benin,2015,False,False,False,9.994,2.545,1.327,3244.25,38.68,0.6142,0.254652791675005,0.219306459272029,False,2015–2021
BEN,Benin,2016,False,False,False,11.035,2.03,1.453,3569.47,42.35,0.6134,0.183960126869053,0.22433324890151415,False,2015–2021
BEN,Benin,2017,False,False,False,10.568,2.477,1.165,3202.19,41.16,0.6298,0.23438682816048448,0.20167450103970966,False,2015–2021
BEN,Benin,2018,False,False,False,12.144,2.267,1.898,3327.53,40.31,0.616,0.18667654808959155,0.21820993660550322,False,2015–2021
BEN,Benin,2019,False,False,False,12.155,2.839,1.798,3331.29,44.93,0.6243,0.23356643356643358,0.20038194846705884,False,2015–2021
BEN,Benin,2020,False,False,False,12.117,2.192,1.31,3768.43,45.54,0.6374,0.18090286374515144,0.2072346486557925,False,2015–2021
BEN,Benin,2021,False,False,False,15.92,,,3630.44,44.74,0.6435,,,False,2015–2021
BFA,Burkina Faso,2000,True,True,False,13.437,15.0,13.329,900.93,33.78,0.3,1.1163206072784104,0.7168329906386941,False,2000–2007
BFA,Burkina Faso,2001,True,True,False,11.738,3.725,2.614,950.55,35.81,0.3,0.3173453739989777,0.7168329906386941,False,2000–2007
BFA,Burkina Faso,2002,True,True,False,15.541,,,1069.14,40.05,0.3173,,0.3163804702259443,False,2000–2007
BFA,Burkina Faso,2003,True,True,False,15.906,5.017,3.518,1008.92,40.49,0.3322,0.31541556645291086,0.2926584850575303,False,2000–2007
BFA,Burkina Faso,2004,True,True,False,20.589,5.557,4.137,1098.71,41.86,0.3199,0.2699014036621497,0.3135853331735924,False,2000–2007
BFA,Burkina Faso,2005,True,True,False,19.452,6.914,5.904,1008.91,43.53,0.3365,0.3554390294057166,0.3151965213354842,False,2000–2007
BFA,Burkina Faso,2006,True,True,False,20.712,6.633,5.884,1142.11,43.78,0.3264,0.3202491309385863,0.33784408017215145,False,2000–2007
BFA,Burkina Faso,2007,True,True,False,14.366,,,1045.66,45.92,0.3469,,0.27397126431355656,False,2000–2007
BFA,Burkina Faso,2008,True,True,False,22.583,5.142,4.016,1143.37,50.74,0.3343,0.2276933976885268,0.3724944388517345,False,2008–2014
BFA,Burkina Faso,2009,True,True,False,13.385,6.924,4.075,1149.0,46.96,,0.5172954800149422,0.33454319309228353,False,2008–2014
BFA,Burkina Faso,2010,True,True,False,15.508,4.011,1.909,1120.44,47.77,0.3509,0.2586407015733815,0.38641894044820235,False,2008–2014
BFA,Burkina Faso,2011,True,True,False,13.13,5.033,3.899,1250.05,53.71,0.3557,0.38332063975628333,0.32857559841095973,False,2008–2014
BFA,Burkina Faso,2012,True,True,False,14.155,4.866,2.517,1201.9,49.39,0.3659,0.3437654539032144,0.36109899243053944,False,2008–2014
BFA,Burkina Faso,2013,True,True,False,9.427,3.358,1.809,1181.97,54.47,0.3756,0.35621088363212056,0.3338285603635591,False,2008–2014
BFA,Burkina Faso,2014,True,True,False,8.348,2.517,1.91,1240.21,52.74,0.3825,0.30150934355534253,0.2869588069139945,False,2008–2014
BFA,Burkina Faso,2015,True,True,False,10.519,2.137,1.746,1296.19,53.74,0.386,0.2031561935545204,0.6908517192268583,False,2015–2021
BFA,Burkina Faso,2016,True,True,False,9.567,15.0,12.857,1197.34,53.38,0.3836,1.5678896205707118,0.6866253429321126,True,2015–2021
BFA,Burkina Faso,2017,True,True,False,8.711,2.516,1.298,1223.44,54.01,0.3708,0.2888302146711055,0.72753459761794,False,2015–2021
BFA,Burkina Faso,2018,True,True,False,9.531,3.106,2.165,1345.32,53.58,0.4006,0.3258839576120029,0.3377260477898743,False,2015–2021
BFA,Burkina Faso,2019,True,True,False,8.854,3.528,2.995,1261.39,58.08,0.4035,0.3984639710865146,0.6587767446717564,False,2015–2021
BFA,Burkina Faso,2020,True,True,False,11.981,15.0,11.42,1364.38,57.34,0.4246,1.2519823053167516,0.6416057616991934,False,2015–2021
BFA,Burkina Faso,2021,True,True,False,12.997,3.566,1.709,1300.07,61.91,0.4248,0.2743710086943141,0.7631766570055328,False,2015–2021
BWA,Botswana,2000,False,False,False,3.932,1.911,1.177,5192.36,23.07,,0.4860122075279756,0.3842267039261938,False,2000–2007
BWA,Botswana,2001,False,False,False,4.932,1.393,0.697,5214.21,20.62,0.4229,0.282441200324412,0.4052284139208074,False,2000–2007
BWA,Botswana,2002,False,False,False,4.624,2.068,1.21,5519.91,21.87,0.4115,0.4472318339100346,0.37144512044321526,False,2000–2007
BWA,Botswana,2003,False,False,False,4.916,1.891,0.878,5393.35,22.64,0.4401,0.3846623270951993,0.4324896953893716,False,2000–2007
BWA,Botswana,2004,False,False,False,5.679,2.644,2.085,5585.32,25.03,0.4356,0.4655749251628808,0.35563244116292947,False,2000–2007
BWA,Botswana,2005,False,False,False,5.054,1.095,0.573,5484.37,26.47,0.4444,0.21666007123070832,0.3374866334659925,False,2000–2007
BWA,Botswana,2006,False,False,False,5.469,1.806,1.543,5543.12,31.06,0.4417,0.33022490400438836,0.33116347124560247,False,2000–2007
BWA,Botswana,2007,False,False,False,5.553,2.48,1.324,6075.19,28.41,0.436,0.4466054385017108,0.436900154427758,False,2000–2007
BWA,Botswana,2008,False,False,False,5.713,3.05,2.341,6137.96,31.37,0.4643,0.5338701207771748,0.4633368446261128,False,2008–2014
BWA,Botswana,2009,False,False,False,5.118,2.096,1.632,5902.21,29.91,0.4753,0.40953497459945293,0.5167524831109176,False,2008–2014
BWA,Botswana,2010,False,False,False,4.057,2.462,1.135,5655.82,30.4,0.4605,0.6068523539561252,0.4560706127175698,False,2008–2014
BWA,Botswana,2011,False,False,False,4.741,1.668,0.864,5780.65,28.52,0.4795,0.3518245095971314,0.483447843406641,False,2008–2014
BWA,Botswana,2012,False,False,False,4.32,2.124,1.504,6469.51,30.16,0.4935,0.49166666666666664,0.4519365196937444,False,2008–2014
BWA,Botswana,2013,False,False,False,3.166,1.622,1.268,6222.89,36.11,0.4886,0.5123183828174352,0.5019925247420509,False,2008–2014
BWA,Botswana,2014,False,False,False,2.892,,,6441.11,30.02,0.4907,,0.47126397590851987,False,2008–2014
BWA,Botswana,2015,False,False,False,2.529,1.088,0.618,7064.43,36.61,0.4917,0.4302095689996046,,False,2015–2021
BWA,Botswana,2016,False,False,False,2.957,,,6717.38,40.09,0.4973,,0.446745763647581,False,2015–2021
BWA,Botswana,2017,False,False,False,2.206,1.022,0.883,6175.68,33.94,0.5023,0.46328195829555757,,False,2015–2021
BWA,Botswana,2018,False,False,False,2.879,,,6708.34,39.6,0.5291,,,False,2015–2021
BWA,Botswana,2019,False,False,False,3.108,,,6898.48,42.83,0.5161,,,False,2015–2021
BWA,Botswana,2020,False,False,False,3.872,1.089,0.798,7149.42,41.27,0.5369,0.28125,0.32805886243386234,False,2015–2021
BWA,Botswana,2021,False,False,False,3.78,1.417,0.75,7043.34,44.16,0.5379,0.3748677248677249,0.32805886243386234,False,2015–2021
CAF,Central African Republic,2000,False,False,False,13.008,5.399,4.221,3723.93,53.89,0.5618,0.41505227552275525,0.5098687439107188,False,2000–2007
CAF,Central African Republic,2001,False,False,False,15.026,9.086,7.437,3471.38,53.86,0.5739,0.6046852122986823,0.505146688758122,False,2000–2007
CAF,Central African Republic,2002,False,False,False,15.009,7.44,6.384,3313.09,53.7,0.5843,0.49570257845292826,0.5059591675619223,False,2000–2007
CAF,Central African Republic,2003,False,False,False,14.58,6.087,4.552,3292.92,55.54,0.5775,0.41748971193415635,0.5763434760335208,False,2000–2007
CAF,Central African Republic,2004,False,False,False,18.386,15.0,11.056,3802.53,59.27,0.5987,0.8158381377134777,0.5718779782624523,False,2000–2007
CAF,Central African Republic,2005,False,False,False,15.316,7.387,5.563,3420.67,57.42,0.5763,0.4823060851397231,0.5491602959117031,False,2000–2007
CAF,Central African Republic,2006,False,False,False,16.809,5.872,2.718,3784.49,59.66,0.595,0.34933666488190845,0.3928142140003692,False,2000–2007
CAF,Central African Republic,2007,False,False,False,18.515,6.421,4.665,3463.35,60.86,0.6124,0.3467998919794761,0.37853542088037545,False,2000–2007
CAF,Central African Republic,2008,False,False,False,17.198,7.558,3.744,3851.1,61.64,,0.4394697057797418,0.39682447063131754,False,2008–2014
CAF,Central African Republic,2009,False,False,False,16.937,6.846,4.124,4138.26,64.42,0.6222,0.4042038141347346,0.4703534372140026,False,2008–2014
CAF,Central African Republic,2010,False,False,False,13.007,7.38,4.858,3971.79,63.87,0.6225,0.5673867917275314,0.43537819764954194,False,2008–2014
CAF,Central African Republic,2011,False,False,False,12.39,4.145,2.29,3885.04,65.25,0.626,0.3345439870863599,0.44593767184200117,False,2008–2014
CAF,Central African Republic,2012,False,False,False,10.122,4.412,2.436,3889.14,68.37,0.6225,0.43588223671211224,0.437262630810956,False,2008–2014
CAF,Central African Republic,2013,False,False,False,12.705,6.878,5.675,4020.04,68.79,0.6297,0.5413616686343959,0.5405235010446119,False,2008–2014
CAF,Central African Republic,2014,False,False,False,10.937,7.047,4.168,4085.95,68.59,0.6482,0.6443265977873275,0.5293071508690432,False,2008–2014
CAF,Central African Republic,2015,False,False,False,7.702,3.098,1.768,4532.54,71.04,0.6568,0.4022331861854064,0.5339302143731439,False,2015–2021
CAF,Central African Republic,2016,False,False,False,8.555,4.75,4.02,4499.76,73.48,0.652,0.5552308591466979,0.4597699465748759,False,2015–2021
CAF,Central African Republic,2017,False,False,False,8.56,3.611,2.819,4368.2,74.52,0.6664,0.42184579439252334,0.45195994734754846,False,2015–2021
CAF,Central African Republic,2018,False,False,False,8.907,3.374,2.386,4520.18,70.26,0.6717,0.37880318850342426,0.38054038098441295,False,2015–2021
CAF,Central African Republic,2019,False,False,False,11.171,3.809,1.77,4704.3,70.22,0.6873,0.34097216005729125,0.4616402509778201,False,2015–2021
CAF,Central African Republic,2020,False,False,False,9.422,6.267,2.954,4249.04,75.9,0.6872,0.6651454043727446,0.4888944710677319,False,2015–2021
CAF,Central African Republic,2021,False,False,False,7.988,3.679,2.997,4881.52,77.52,0.6936,0.4605658487731597,0.5628556265729522,False,2015–2021
CIV,Cote d'Ivoire,2000,False,False,False,0.276,,,2172.02,81.88,0.5381,,,False,2000–2007
CIV,Cote d'Ivoire,2001,False,False,False,0.317,0.061,0.039,2237.65,81.37,0.5404,,,False,2000–2007
CIV,Cote d'Ivoire,2002,False,False,False,0.478,0.075,0.048,2400.09,83.28,0.5657,,,False,2000–2007
CIV,Cote d'Ivoire,2003,False,False,False,0.411,,,2408.92,84.79,0.5589,,,False,2000–2007
CIV,Cote d'Ivoire,2004,False,False,False,0.393,,,2229.73,88.03,0.5677,,,False,2000–2007
CIV,Cote d'Ivoire,2005,False,False,False,0.368,,,2524.9,88.37,0.5817,,,False,2000–2007
CIV,Cote d'Ivoire,2006,False,False,False,0.416,,,2399.68,91.16,0.577,,,False,2000–2007
CIV,Cote d'Ivoire,2007,False,False,False,0.485,,,2572.1,91.01,0.5953,,,False,2000–2007
CIV,Cote d'Ivoire,2008,False,False,False,0.336,,,2347.47,92.77,0.5912,,,False,2008–2014
CIV,Cote d'Ivoire,2009,False,False,False,0.402,,,2574.07,89.93,0.6049,,,False,2008–2014
CIV,Cote d'Ivoire,2010,False,False,False,0.309,,,2702.35,93.73,0.6072,,,False,2008–2014
CIV,Cote d'Ivoire,2011,False,False,False,0.329,,,2938.29,96.32,0.5876,,,False,2008–2014
CIV,Cote d'Ivoire,2012,False,False,False,0.279,,,2555.43,100.0,0.6129,,,False,2008–2014
CIV,Cote d'Ivoire,2013,False,False,False,0.318,,,2941.96,94.06,0.6167,,,False,2008–2014
CIV,Cote d'Ivoire,2014,False,False,False,0.236,,,2835.59,98.71,0.6131,,,False,2008–2014
CIV,Cote d'Ivoire,2015,False,False,False,0.221,,,2923.92,99.89,0.6323,,,False,2015–2021
CIV,Cote d'Ivoire,2016,False,False,False,0.213,,,3012.75,100.0,0.6537,,,False,2015–2021
CIV,Cote d'Ivoire,2017,False,False,False,0.157,0.04,0.028,2821.1,99.64,0.6433,,,False,2015–2021
CIV,Cote d'Ivoire,2018,False,False,False,0.246,0.038,0.034,2735.19,100.0,0.6537,,,False,2015–2021
CIV,Cote d'Ivoire,2019,False,False,False,0.215,,,2788.09,,0.652,,,False,2015–2021
CIV,Cote d'Ivoire,2020,False,False,False,0.257,0.058,0.03,3084.71,100.0,0.6588,,,False,2015–2021
CIV,Cote d'Ivoire,2021,False,False,False,0.22,,,3284.35,,0.6723,,,False,2015–2021
CMR,Cameroon,2000,False,False,False,16.021,5.466,3.321,2717.17,49.14,0.5297,0.3411772049185444,,False,2000–2007
CMR,Cameroon,2001,False,False,False,19.546,,,2291.76,52.67,0.5468,,0.3409372849186813,False,2000–2007
CMR,Cameroon,2002,False,False,False,15.028,5.12,4.451,2505.22,52.4,0.5552,0.3406973649188182,0.37599432452450987,False,2000–2007
CMR,Cameroon,2003,False,False,False,16.774,6.899,4.226,2565.41,52.78,0.5595,0.4112912841302015,0.5152271456757399,False,2000–2007
CMR,Cameroon,2004,False,False,False,18.899,15.0,10.752,2627.31,57.12,0.5766,0.7936927879781999,0.46846696555438566,False,2000–2007
CMR,Cameroon,2005,False,False,False,26.39,5.289,4.184,2422.72,57.73,0.5758,0.20041682455475557,0.47218157716675213,False,2000–2007
CMR,Cameroon,2006,False,False,False,22.233,9.392,7.519,2701.19,57.33,0.5984,0.42243511896730085,0.38113202855510336,False,2000–2007
CMR,Cameroon,2007,False,False,False,28.816,15.0,8.011,2692.26,62.28,0.5871,0.5205441421432537,0.4792709085247438,False,2000–2007
CMR,Cameroon,2008,False,False,False,19.065,9.434,5.058,2582.34,58.53,0.6036,0.4948334644636768,0.5018350975620112,False,2008–2014
CMR,Cameroon,2009,False,False,False,16.055,7.869,4.616,3186.28,64.11,0.6024,0.49012768607910306,0.4187723543846796,False,2008–2014
CMR,Cameroon,2010,False,False,False,17.302,4.695,2.984,2848.96,63.47,0.6085,0.27135591261125885,0.3657750004881683,False,2008–2014
CMR,Cameroon,2011,False,False,False,15.284,5.133,3.212,3083.74,62.94,0.601,0.33584140277414287,0.3370013206370272,False,2008–2014
CMR,Cameroon,2012,False,False,False,16.55,6.683,4.297,3060.11,65.37,0.6201,0.4038066465256797,0.3873745676036142,False,2008–2014
CMR,Cameroon,2013,False,False,False,15.608,6.594,4.873,2892.21,67.19,0.6309,0.42247565351102,0.34862428759447256,False,2008–2014
CMR,Cameroon,2014,False,False,False,10.893,2.392,1.558,3040.26,68.59,0.6291,0.21959056274671807,0.3707147260883284,False,2008–2014
CMR,Cameroon,2015,False,False,False,9.107,4.281,2.572,2972.77,68.05,,0.47007796200724716,0.3255015896798374,False,2015–2021
CMR,Cameroon,2016,False,False,False,8.531,2.447,2.078,3143.12,69.48,0.6402,0.2868362442855468,0.3616175164200129,False,2015–2021
CMR,Cameroon,2017,False,False,False,10.38,3.404,2.158,3133.34,68.63,0.6382,0.32793834296724467,0.31837363049306416,False,2015–2021
CMR,Cameroon,2018,False,False,False,10.742,3.656,2.264,3136.76,73.15,0.6533,0.34034630422640105,0.33414232359682283,False,2015–2021
CMR,Cameroon,2019,False,False,False,11.504,,,3003.65,71.25,0.6583,,0.2949537255479577,False,2015–2021
CMR,Cameroon,2020,False,False,False,13.672,3.412,2.618,3255.2,67.58,0.6689,0.24956114686951433,0.2262769368543351,False,2015–2021
CMR,Cameroon,2021,False,False,False,16.774,3.405,2.296,3618.76,73.92,0.6691,0.2029927268391558,0.2262769368543351,False,2015–2021
COD,"Congo, Dem. Rep.",2000,False,False,False,18.154,3.378,2.886,3047.46,82.51,0.381,0.18607469428225185,0.2001338702340164,False,2000–2007
COD,"Congo, Dem. Rep.",2001,False,False,False,15.416,3.302,2.744,2904.7,83.89,0.3857,0.214193046185781,0.19315432162553706,False,2000–2007
COD,"Congo, Dem. Rep.",2002,False,False,False,18.092,3.242,1.504,3181.44,83.26,0.3842,0.17919522440857838,0.19897572051040582,False,2000–2007
COD,"Congo, Dem. Rep.",2003,False,False,False,18.989,3.865,3.464,3098.69,83.8,0.3856,0.20353889093685817,0.16706444110302696,False,2000–2007
COD,"Congo, Dem. Rep.",2004,False,False,False,23.105,2.737,2.412,3036.2,84.75,0.3925,0.11845920796364423,0.15165023628647478,False,2000–2007
COD,"Congo, Dem. Rep.",2005,False,False,False,19.962,2.654,1.778,3206.01,90.35,0.4047,0.13295260995892194,0.12570590896128309,False,2000–2007
COD,"Congo, Dem. Rep.",2006,False,False,False,21.01,,,3228.07,91.48,0.4105,,0.16578298276708542,False,2000–2007
COD,"Congo, Dem. Rep.",2007,False,False,False,19.183,3.81,3.072,3382.1,87.22,0.4339,0.19861335557524892,0.21081943931681715,False,2000–2007
COD,"Congo, Dem. Rep.",2008,False,False,False,18.258,4.072,2.459,3476.68,91.63,0.4085,0.22302552305838538,0.1928993684892207,False,2008–2014
COD,"Congo, Dem. Rep.",2009,False,False,False,18.961,2.978,1.92,3516.15,92.14,0.4424,0.15705922683402776,0.19523275224036815,False,2008–2014
COD,"Congo, Dem. Rep.",2010,False,False,False,18.598,3.824,2.347,3511.55,91.25,0.4281,0.20561350682869126,0.18133636683135954,False,2008–2014
COD,"Congo, Dem. Rep.",2011,False,False,False,12.917,,,3417.41,93.8,0.4337,,0.17523487949678415,False,2008–2014
COD,"Congo, Dem. Rep.",2012,False,False,False,14.435,2.091,1.784,3607.88,,0.4455,0.14485625216487705,0.15364331957094346,False,2008–2014
COD,"Congo, Dem. Rep.",2013,False,False,False,14.006,2.275,1.857,3640.94,99.51,0.4576,0.16243038697700984,0.16593175588713818,False,2008–2014
COD,"Congo, Dem. Rep.",2014,False,False,False,13.212,2.517,1.75,3622.07,97.03,0.4587,0.1905086285195277,0.18997974678907895,False,2008–2014
COD,"Congo, Dem. Rep.",2015,False,False,False,13.341,2.895,1.536,3684.47,92.32,0.4544,0.21700022487069937,0.19821099280085028,False,2015–2021
COD,"Congo, Dem. Rep.",2016,False,False,False,10.143,1.898,1.23,3644.37,94.96,0.4647,0.18712412501232376,0.18842890648712082,False,2015–2021
COD,"Congo, Dem. Rep.",2017,False,False,False,11.597,1.869,1.354,3764.29,100.0,0.4576,0.16116236957833924,0.1803063149739296,False,2015–2021
COD,"Congo, Dem. Rep.",2018,False,False,False,12.08,2.327,1.57,4000.48,,0.4769,0.19263245033112583,0.19356856800786326,False,2015–2021
COD,"Congo, Dem. Rep.",2019,False,False,False,14.195,3.221,2.801,4065.38,100.0,0.4865,0.2269108841141247,0.20562527024761876,False,2015–2021
COD,"Congo, Dem. Rep.",2020,False,False,False,12.446,2.456,1.862,4389.25,100.0,0.4988,0.19733247629760567,0.20173354513601993,False,2015–2021
COD,"Congo, Dem. Rep.",2021,False,False,False,13.622,2.465,2.102,4385.7,100.0,0.5118,0.18095727499632946,0.18914487564696758,False,2015–2021
COG,"Congo, Rep.",2000,False,False,True,29.596,7.203,6.165,4388.45,76.7,0.4052,0.24337748344370863,0.2639021261743736,False,2000–2007
COG,"Congo, Rep.",2001,False,False,True,34.951,9.941,6.136,4712.48,77.12,0.3969,0.2844267689050385,0.2906074690298485,False,2000–2007
COG,"Congo, Rep.",2002,False,False,True,28.202,9.702,6.891,4068.71,80.63,0.3995,0.3440181547407985,0.31314500414459273,False,2000–2007
COG,"Congo, Rep.",2003,False,False,True,38.744,12.049,9.619,4596.63,78.0,0.4216,0.3109900887879413,0.34333608117624664,False,2000–2007
COG,"Congo, Rep.",2004,False,False,True,40.0,15.0,6.82,4462.73,80.03,0.4106,0.375,0.3536633629293138,False,2000–2007
COG,"Congo, Rep.",2005,False,False,True,40.0,15.0,11.731,4655.13,77.99,0.4219,0.375,0.3858474161821442,False,2000–2007
COG,"Congo, Rep.",2006,False,False,True,36.806,15.0,9.181,4843.86,79.61,0.4214,0.4075422485464327,0.3858474161821442,False,2000–2007
COG,"Congo, Rep.",2007,False,False,True,40.0,15.0,10.169,4872.32,83.37,0.4328,0.375,0.3794471217277029,False,2000–2007
COG,"Congo, Rep.",2008,False,False,True,36.678,13.05,10.378,4930.85,83.63,0.4468,0.35579911663667596,0.3528362426962062,False,2008–2014
COG,"Congo, Rep.",2009,False,False,True,35.208,11.538,8.08,5009.32,84.44,0.4367,0.3277096114519428,0.33673232508672796,False,2008–2014
COG,"Congo, Rep.",2010,False,False,True,31.201,10.193,8.755,4685.82,87.64,0.4658,0.32668824717156497,0.3481415516876565,False,2008–2014
COG,"Congo, Rep.",2011,False,False,True,32.467,12.663,7.205,5117.53,87.81,0.46,0.39002679643946164,0.3409123007717399,False,2008–2014
COG,"Congo, Rep.",2012,False,False,True,27.998,8.568,5.112,5283.42,90.51,0.4632,0.30602185870419313,0.41752269947854154,False,2008–2014
COG,"Congo, Rep.",2013,False,False,True,26.513,14.755,7.433,5421.59,88.52,0.4732,0.55651944329197,0.4270606705967628,False,2008–2014
COG,"Congo, Rep.",2014,False,False,True,23.218,9.72,7.8,5218.82,90.7,0.4706,0.41864070979412527,0.43922905211720215,False,2008–2014
COG,"Congo, Rep.",2015,False,False,True,19.905,6.818,4.808,5017.27,92.46,,0.34252700326551117,0.4080371056370269,False,2015–2021
COG,"Congo, Rep.",2016,False,False,True,18.175,8.414,7.347,6172.03,90.43,0.5011,0.46294360385144423,0.394670459883048,False,2015–2021
COG,"Congo, Rep.",2017,False,False,True,19.805,7.497,6.731,5261.09,92.17,0.4822,0.3785407725321888,0.4291331075210898,False,2015–2021
COG,"Congo, Rep.",2018,False,False,True,17.001,7.581,3.592,6127.54,97.78,0.4883,0.4459149461796365,0.4050861638795816,False,2015–2021
COG,"Congo, Rep.",2019,False,False,True,18.897,7.385,5.999,6043.87,97.46,0.4979,0.3908027729269196,0.38845471276805216,False,2015–2021
COG,"Congo, Rep.",2020,False,False,True,26.67,8.765,4.437,6031.49,91.72,0.5099,0.3286464191976003,0.38701263275372244,False,2015–2021
COG,"Congo, Rep.",2021,False,False,True,29.609,13.075,11.248,6371.22,98.11,0.5145,0.4415887061366476,0.3851175626671238,False,2015–2021
COM,Comoros,2000,False,False,False,15.965,3.569,2.097,4687.3,52.04,0.5483,0.2235515189476981,0.20094197839633232,False,2000–2007
COM,Comoros,2001,False,False,False,20.473,3.651,2.708,5078.14,51.81,0.5656,0.17833243784496655,0.22091550839553795,False,2000–2007
COM,Comoros,2002,False,False,False,18.642,4.863,3.028,4474.74,54.37,0.5517,0.26086256839394917,0.2011893990216708,False,2000–2007
COM,Comoros,2003,False,False,False,22.455,3.691,1.795,4846.71,54.18,0.5635,0.16437319082609664,0.21685585534334537,False,2000–2007
COM,Comoros,2004,False,False,False,23.583,5.314,4.098,5160.87,53.65,0.584,0.22533180680999026,0.22490858028714591,False,2000–2007
COM,Comoros,2005,False,False,False,22.658,6.458,4.195,5115.58,59.02,0.5633,0.28502074322535087,0.24070193448081753,False,2000–2007
COM,Comoros,2006,False,False,False,19.518,4.133,2.626,5260.02,54.1,0.5892,0.21175325340711137,0.40798031805530394,False,2000–2007
COM,Comoros,2007,False,False,False,20.628,15.0,11.407,5732.79,57.86,,0.7271669575334497,0.3606520827433706,False,2000–2007
COM,Comoros,2008,False,False,False,21.561,3.084,1.719,5408.51,57.12,0.6022,0.14303603728955058,0.3803953605012538,False,2008–2014
COM,Comoros,2009,False,False,False,18.92,5.127,4.149,4925.75,59.71,0.6097,0.27098308668076104,0.20264844835517462,False,2008–2014
COM,Comoros,2010,False,False,False,16.563,3.212,1.732,5713.52,60.2,0.6033,0.19392622109521224,0.21526823419437024,False,2008–2014
COM,Comoros,2011,False,False,False,18.718,3.386,2.406,5471.03,62.54,0.6104,0.1808953948071375,0.21441206108756675,False,2008–2014
COM,Comoros,2012,False,False,False,14.608,3.921,3.037,5612.12,64.57,0.6122,0.26841456736035046,0.2221957618934591,False,2008–2014
COM,Comoros,2013,False,False,False,16.021,3.481,1.945,5344.96,64.62,0.6238,0.2172773235128893,0.24686908268106955,False,2008–2014
COM,Comoros,2014,False,False,False,13.173,3.358,1.638,5573.23,66.88,0.6444,0.2549153571699689,0.23437701087693197,False,2008–2014
COM,Comoros,2015,False,False,False,11.371,2.626,2.31,5323.96,66.83,0.6261,0.23093835194793771,0.21641706978199596,False,2015–2021
COM,Comoros,2016,False,False,False,10.961,1.791,1.034,5773.56,64.38,0.6537,0.16339750022808136,0.19823897517754674,False,2015–2021
COM,Comoros,2017,False,False,False,12.596,2.524,1.362,6282.56,67.42,0.644,0.20038107335662114,0.21240659735069967,False,2015–2021
COM,Comoros,2018,False,False,False,12.606,3.447,1.781,6512.54,67.48,0.6596,0.2734412184673965,0.2462124605599837,False,2015–2021
COM,Comoros,2019,False,False,False,13.466,3.566,2.591,6331.92,71.5,0.6619,0.26481508985593344,0.24392831838422427,False,2015–2021
COM,Comoros,2020,False,False,False,13.073,2.53,1.479,6142.44,72.31,0.6841,0.1935286468293429,0.22917186834263817,False,2015–2021
COM,Comoros,2021,False,False,False,15.695,,,6900.28,72.2,0.6596,,,False,2015–2021
CPV,Cabo Verde,2000,False,False,False,18.623,8.878,7.681,2653.92,58.8,0.4949,0.4767223325994737,0.5194117169916319,False,2000–2007
CPV,Cabo Verde,2001,False,False,False,17.705,9.952,7.563,2609.0,58.21,0.4968,0.56210110138379,0.48133839566703457,False,2000–2007
CPV,Cabo Verde,2002,False,False,False,18.722,7.586,5.141,2889.42,58.59,0.5071,0.40519175301783994,0.4553927204051551,False,2000–2007
CPV,Cabo Verde,2003,False,False,False,18.301,7.3,5.104,2762.73,61.47,0.5071,0.3988853068138353,0.4208551471800339,False,2000–2007
CPV,Cabo Verde,2004,False,False,False,24.186,11.089,8.401,2829.43,57.79,0.5189,0.4584883817084264,0.4131706056374907,False,2000–2007
CPV,Cabo Verde,2005,False,False,False,23.413,8.947,4.784,2659.28,62.19,0.5316,0.38213812839021055,0.41610197761781215,False,2000–2007
CPV,Cabo Verde,2006,False,False,False,23.283,9.492,6.128,2630.56,63.73,0.5369,0.4076794227547997,0.40412053513045976,False,2000–2007
CPV,Cabo Verde,2007,False,False,False,23.891,10.095,6.892,2888.38,65.13,0.5386,0.422544054246369,0.3586171005737176,False,2000–2007
CPV,Cabo Verde,2008,False,False,False,20.356,5.0,4.358,2991.81,67.4,0.5516,0.24562782471998426,0.3754164931453374,False,2008–2014
CPV,Cabo Verde,2009,False,False,False,18.737,8.583,5.39,2916.27,69.24,0.5362,0.458077600469659,0.40071148698087417,False,2008–2014
CPV,Cabo Verde,2010,False,False,False,18.46,9.201,4.303,2765.53,66.21,0.5604,0.4984290357529794,0.4499962239169624,False,2008–2014
CPV,Cabo Verde,2011,False,False,False,14.974,5.892,2.842,3008.38,70.71,0.558,0.393482035528249,0.4459555356406142,False,2008–2014
CPV,Cabo Verde,2012,False,False,False,16.765,,,3090.95,67.87,0.5548,,0.47579313447857885,False,2008–2014
CPV,Cabo Verde,2013,False,False,False,11.858,6.618,3.392,3123.42,69.32,0.5578,0.5581042334289088,,False,2008–2014
CPV,Cabo Verde,2014,False,False,False,10.428,,,3322.46,74.45,0.5734,,0.46978072118631253,False,2008–2014
CPV,Cabo Verde,2015,False,False,False,10.376,3.958,3.438,3072.88,69.7,0.5831,0.3814572089437163,0.3777445873355918,False,2015–2021
CPV,Cabo Verde,2016,False,False,False,12.138,4.54,3.152,3192.03,74.57,0.5949,0.37403196572746744,0.3777445873355918,False,2015–2021
CPV,Cabo Verde,2017,False,False,False,9.923,,,3267.24,76.66,0.5933,,0.3877119083323609,False,2015–2021
CPV,Cabo Verde,2018,False,False,False,8.909,3.576,1.641,3266.85,77.87,0.6,0.40139185093725444,0.3199477825609512,False,2015–2021
CPV,Cabo Verde,2019,False,False,False,11.308,2.697,1.584,3462.05,74.34,0.6128,0.23850371418464805,0.3835000063308427,False,2015–2021
CPV,Cabo Verde,2020,False,False,False,13.202,6.741,3.453,3635.95,79.67,0.6104,0.5106044538706256,0.40912088672371727,False,2015–2021
CPV,Cabo Verde,2021,False,False,False,13.635,6.521,4.954,3641.75,80.94,0.6009,0.4782544921158783,0.4944294729932519,False,2015–2021
ERI,Eritrea,2000,False,False,False,10.446,2.578,1.712,1135.81,35.34,0.5691,0.24679303082519624,0.23274247523205116,False,2000–2007
ERI,Eritrea,2001,False,False,False,11.299,2.471,1.545,1213.83,38.83,0.5878,0.2186919196389061,0.22209737047687528,False,2000–2007
ERI,Eritrea,2002,False,False,False,19.327,3.881,2.113,1223.71,39.71,0.577,0.20080716096652348,0.22185200816029682,False,2000–2007
ERI,Eritrea,2003,False,False,False,19.528,4.805,3.874,1070.1,37.51,0.5955,0.24605694387546087,0.2297458255889104,False,2000–2007
ERI,Eritrea,2004,False,False,False,17.275,4.187,2.637,1205.77,,0.597,0.24237337192474678,0.27102999845229586,False,2000–2007
ERI,Eritrea,2005,False,False,False,16.602,5.39,4.062,1237.0,39.28,0.6035,0.3246596795566799,0.26741659876861923,False,2000–2007
ERI,Eritrea,2006,False,False,False,17.486,4.113,2.816,1358.16,40.09,0.6137,0.235216744824431,0.2928658048607485,False,2000–2007
ERI,Eritrea,2007,False,False,False,13.573,4.326,3.009,1402.13,44.05,0.6085,0.3187209902011346,0.2526265668444558,False,2000–2007
ERI,Eritrea,2008,False,False,False,18.265,3.725,2.475,1264.3,44.31,0.6174,0.2039419655078018,0.2557401634476023,False,2008–2014
ERI,Eritrea,2009,False,False,False,14.148,3.46,2.077,1295.12,49.54,0.6149,0.2445575346338705,0.2524436564940682,False,2008–2014
ERI,Eritrea,2010,False,False,False,12.965,4.004,2.532,1339.71,43.51,0.6234,0.3088314693405322,0.3097003904348194,False,2008–2014
ERI,Eritrea,2011,False,False,False,12.813,4.814,2.341,1203.71,49.72,0.634,0.3757121673300554,0.3266574224443232,False,2008–2014
ERI,Eritrea,2012,False,False,False,9.647,2.85,1.475,1317.91,45.91,0.6507,0.29542863066238206,0.3142182779625045,False,2008–2014
ERI,Eritrea,2013,False,False,False,10.865,2.95,1.844,1415.25,47.34,0.6512,0.27151403589507594,0.2768600262068857,False,2008–2014
ERI,Eritrea,2014,False,False,False,8.671,2.286,2.028,1425.12,51.13,0.6736,0.2636374120631992,0.26757572397913754,False,2008–2014
ERI,Eritrea,2015,False,False,False,8.363,,,1297.96,54.84,0.649,,0.26459054936219395,False,2015–2021
ERI,Eritrea,2016,False,False,False,7.302,1.939,1.523,1390.2,55.53,0.669,0.2655436866611887,0.2557211173264458,False,2015–2021
ERI,Eritrea,2017,False,False,False,10.606,2.608,2.102,1389.49,51.16,0.6678,0.24589854799170283,0.23544500164603352,False,2015–2021
ERI,Eritrea,2018,False,False,False,9.046,1.763,1.406,1420.98,55.8,0.6806,0.19489277028520893,0.2203956591384559,False,2015–2021
ERI,Eritrea,2019,False,False,False,9.152,,,1496.09,56.93,0.6791,,0.2453122388011411,False,2015–2021
ERI,Eritrea,2020,False,False,False,10.168,3.007,1.579,1442.67,58.41,0.6913,0.2957317073170732,0.2676668332122955,False,2015–2021
ERI,Eritrea,2021,False,False,False,12.863,3.082,1.694,1554.23,57.6,0.6907,0.2396019591075177,0.2676668332122955,False,2015–2021
ETH,Ethiopia,2000,False,False,False,11.274,6.31,3.102,1030.45,74.96,0.336,0.559694873159482,0.40610515637711797,False,2000–2007
ETH,Ethiopia,2001,False,False,False,14.411,3.639,3.097,993.36,77.91,0.3357,0.252515439594754,0.5131845234274128,False,2000–2007
ETH,Ethiopia,2002,False,False,False,20.623,15.0,8.881,1074.32,79.69,0.3495,0.7273432575280027,0.49965512300889675,False,2000–2007
ETH,Ethiopia,2003,False,False,False,17.821,9.251,4.421,1091.34,78.01,0.352,0.5191066719039334,0.6232249647159681,False,2000–2007
ETH,Ethiopia,2004,False,False,False,21.468,,,1023.93,84.1,0.3591,,0.4413595289149883,False,2000–2007
ETH,Ethiopia,2005,False,False,False,18.957,6.893,4.223,1013.77,84.6,0.3643,0.3636123859260431,0.40085000787115155,False,2000–2007
ETH,Ethiopia,2006,False,False,False,16.273,7.129,4.852,1105.82,83.57,0.3725,0.43808762981626004,0.41104059168655266,False,2000–2007
ETH,Ethiopia,2007,False,False,False,15.938,6.876,4.557,1044.82,85.19,0.3829,0.43142175931735477,0.42113714535797375,False,2000–2007
ETH,Ethiopia,2008,False,False,False,18.662,7.351,5.308,1080.46,82.32,0.387,0.3939020469403065,0.41932057837510833,False,2008–2014
ETH,Ethiopia,2009,False,False,False,15.914,6.885,5.662,1109.72,86.32,0.3819,0.43263792886766367,0.4443765676525486,False,2008–2014
ETH,Ethiopia,2010,False,False,False,14.037,7.111,5.009,1038.27,87.06,0.4023,0.5065897271496758,0.5214056008321525,False,2008–2014
ETH,Ethiopia,2011,False,False,False,11.517,7.198,5.588,1119.13,90.72,0.3913,0.6249891464791179,0.4691323154265497,False,2008–2014
ETH,Ethiopia,2012,False,False,False,13.324,3.675,2.265,1262.6,85.82,0.4034,0.27581807265085556,0.4397187302638091,False,2008–2014
ETH,Ethiopia,2013,False,False,False,10.551,4.414,2.669,1250.34,91.67,,0.41834897166145385,0.41052965843480854,False,2008–2014
ETH,Ethiopia,2014,False,False,False,9.767,5.249,2.471,1255.05,92.99,0.3961,0.5374219309921163,0.4417554006701081,False,2008–2014
ETH,Ethiopia,2015,False,False,False,8.084,2.987,2.465,1270.55,91.11,0.423,0.3694952993567541,0.4433444833389381,False,2015–2021
ETH,Ethiopia,2016,False,False,False,7.83,3.313,1.892,1164.5,92.94,0.4387,0.4231162196679438,0.38299595347574783,False,2015–2021
ETH,Ethiopia,2017,False,False,False,8.014,2.856,2.443,1264.46,95.98,0.4318,0.35637634140254554,0.3897462805352446,False,2015–2021
ETH,Ethiopia,2018,False,False,False,7.42,,,1266.74,93.57,,,0.4704947889643278,False,2015–2021
ETH,Ethiopia,2019,False,False,False,7.162,4.187,2.204,1418.28,97.37,0.4265,0.5846132365261101,0.448272794273077,False,2015–2021
ETH,Ethiopia,2020,False,False,False,9.579,2.988,1.391,1276.12,100.0,0.4575,0.3119323520200438,0.448272794273077,False,2015–2021
ETH,Ethiopia,2021,False,False,False,12.773,,,1461.84,96.67,0.4694,,,False,2015–2021
GAB,Gabon,2000,False,False,True,27.806,13.653,7.213,3553.48,37.44,0.5018,0.4910091347191254,0.4502380044245041,False,2000–2007
GAB,Gabon,2001,False,False,True,36.633,15.0,8.981,3811.74,37.01,0.5277,0.40946687412988286,0.4251586696163361,False,2000–2007
GAB,Gabon,2002,False,False,True,40.0,15.0,11.863,3907.42,39.55,0.5147,0.375,0.410675889268119,False,2000–2007
GAB,Gabon,2003,False,False,True,33.515,15.0,12.035,3624.29,37.99,0.5165,0.4475607936744741,0.4023230630512771,False,2000–2007
GAB,Gabon,2004,False,False,True,39.021,15.0,8.921,4014.92,40.68,0.5295,0.38440839547935723,0.4023230630512771,False,2000–2007
GAB,Gabon,2005,False,False,True,40.0,15.0,12.694,4065.35,39.59,0.5488,0.375,0.37813613182645245,False,2000–2007
GAB,Gabon,2006,False,False,True,40.0,15.0,7.908,4104.16,41.74,0.5463,0.375,0.4163395322532353,False,2000–2007
GAB,Gabon,2007,False,False,True,30.059,15.0,9.709,4378.33,40.99,0.5351,0.4990185967597059,0.4208128348582381,False,2000–2007
GAB,Gabon,2008,False,False,True,38.618,15.0,12.81,3966.39,44.7,0.5626,0.3884199078150085,0.4208128348582381,False,2008–2014
GAB,Gabon,2009,False,False,True,40.0,15.0,13.129,4227.43,42.5,0.5711,0.375,0.3820532023852987,False,2008–2014
GAB,Gabon,2010,False,False,True,30.799,11.788,8.261,4414.5,49.32,0.5761,0.3827396993408877,0.40940827222830195,False,2008–2014
GAB,Gabon,2011,False,False,True,27.952,13.151,7.92,4661.95,43.55,0.5685,0.47048511734401827,0.4506474107012175,False,2008–2014
GAB,Gabon,2012,False,False,True,28.848,14.387,11.167,4330.29,49.75,0.5738,0.4987174154187466,0.5181818479224045,False,2008–2014
GAB,Gabon,2013,False,False,True,25.626,15.0,9.496,4177.76,48.17,0.5805,0.5853430110044486,0.634926235413677,False,2008–2014
GAB,Gabon,2014,False,False,True,17.347,14.237,7.567,4204.52,49.16,0.5827,0.8207182798178358,0.6568290203768026,False,2008–2014
GAB,Gabon,2015,False,False,True,20.706,11.687,5.499,4271.38,52.47,0.6001,0.5644257703081232,0.6834757746470759,False,2015–2021
GAB,Gabon,2016,False,False,True,20.722,13.786,9.77,4513.94,52.08,0.616,0.6652832738152687,0.6423515428684234,False,2015–2021
GAB,Gabon,2017,False,False,True,19.59,13.661,11.725,4581.24,54.81,0.6121,0.6973455844818784,0.5760109239983633,False,2015–2021
GAB,Gabon,2018,False,False,True,23.916,8.739,6.927,4404.8,53.78,0.622,0.36540391369794284,0.5796476598915532,False,2015–2021
GAB,Gabon,2019,False,False,True,22.183,15.0,10.274,5123.48,55.37,0.6109,0.6761934814948384,0.5632471808170437,False,2015–2021
GAB,Gabon,2020,False,False,True,23.143,15.0,9.022,4698.56,55.26,0.619,0.6481441472583502,0.601389576068727,False,2015–2021
GAB,Gabon,2021,False,False,True,31.261,15.0,9.312,4803.83,57.12,0.6319,0.47983109945299257,0.5639876233556714,False,2015–2021
GHA,Ghana,2000,False,False,False,3.973,,,1412.99,67.12,0.3295,,,False,2000–2007
GHA,Ghana,2001,False,False,False,4.624,,,1321.85,67.53,0.3285,,,False,2000–2007
GHA,Ghana,2002,False,False,False,3.857,,,1342.55,69.43,0.3424,,,False,2000–2007
GHA,Ghana,2003,False,False,False,4.5,,,1478.25,72.37,0.3339,,,False,2000–2007
GHA,Ghana,2004,False,False,False,4.555,,,1491.01,70.97,0.3547,,,False,2000–2007
GHA,Ghana,2005,False,False,False,4.236,,,1486.46,71.87,0.3678,,,False,2000–2007
GHA,Ghana,2006,False,False,False,5.023,,,1499.19,72.66,0.3652,,,False,2000–2007
GHA,Ghana,2007,False,False,False,4.554,0.799,0.714,1397.57,70.75,0.3493,0.17545015371102327,,False,2000–2007
GHA,Ghana,2008,False,False,False,4.821,,,1489.79,76.67,0.3782,,,False,2008–2014
GHA,Ghana,2009,False,False,False,4.696,,,1468.19,74.95,0.3642,,,False,2008–2014
GHA,Ghana,2010,False,False,False,3.267,,,1518.24,79.44,0.3782,,,False,2008–2014
GHA,Ghana,2011,False,False,False,4.678,,,1551.22,79.49,0.3766,,,False,2008–2014
GHA,Ghana,2012,False,False,False,2.622,,,1714.04,79.65,0.3958,,,False,2008–2014
GHA,Ghana,2013,False,False,False,2.411,,,1798.55,79.64,0.3882,,,False,2008–2014
GHA,Ghana,2014,False,False,False,2.47,,,1581.56,80.36,0.3946,,,False,2008–2014
GHA,Ghana,2015,False,False,False,2.576,0.41,0.354,1676.38,84.07,0.4134,0.1591614906832298,,False,2015–2021
GHA,Ghana,2016,False,False,False,2.37,,,1777.81,87.15,0.4247,,0.181567179450142,False,2015–2021
GHA,Ghana,2017,False,False,False,2.064,0.421,0.225,1786.85,83.66,0.4169,0.20397286821705424,,False,2015–2021
GHA,Ghana,2018,False,False,False,2.56,,,1757.01,83.14,0.4346,,0.2077624794664293,False,2015–2021
GHA,Ghana,2019,False,False,False,2.822,0.597,0.406,1774.44,90.69,0.4291,0.2115520907158044,,False,2015–2021
GHA,Ghana,2020,False,False,False,2.429,,,1747.21,88.75,0.4407,,,False,2015–2021
GHA,Ghana,2021,False,False,False,2.892,,,1875.82,88.35,0.4531,,,False,2015–2021
GIN,Guinea,2000,False,False,False,9.543,,,5329.91,22.66,0.4411,,,False,2000–2007
GIN,Guinea,2001,False,False,False,10.174,4.662,3.599,5603.18,25.17,0.4623,0.4582268527619422,0.3804601730952336,False,2000–2007
GIN,Guinea,2002,False,False,False,12.326,3.731,2.7,5776.27,24.86,0.4617,0.30269349342852503,0.34283100504071323,False,2000–2007
GIN,Guinea,2003,False,False,False,13.245,3.544,1.734,5381.24,28.67,0.4484,0.26757266893167236,0.33787676162290164,False,2000–2007
GIN,Guinea,2004,False,False,False,12.342,5.472,2.716,5659.35,26.89,0.4748,0.44336412250850754,0.37858371595860785,False,2000–2007
GIN,Guinea,2005,False,False,False,12.928,5.492,2.866,5518.24,27.05,0.4672,0.4248143564356435,0.3934568963540146,False,2000–2007
GIN,Guinea,2006,False,False,False,13.402,4.184,3.557,5695.35,28.71,0.4981,0.3121922101178929,0.37522044925096276,False,2000–2007
GIN,Guinea,2007,False,False,False,15.425,5.995,5.039,5762.2,28.51,0.4969,0.3886547811993517,0.32361394378617475,False,2000–2007
GIN,Guinea,2008,False,False,False,15.504,4.186,2.473,6517.82,34.67,0.4868,0.26999484004127966,0.32868692958444057,False,2008–2014
GIN,Guinea,2009,False,False,False,13.396,4.386,3.876,6235.57,32.07,0.5012,0.32741116751269034,0.33481939791056164,False,2008–2014
GIN,Guinea,2010,False,False,False,10.635,4.329,3.016,6685.57,35.11,0.5078,0.40705218617771505,0.31071443851759734,False,2008–2014
GIN,Guinea,2011,False,False,False,12.586,2.488,1.848,6403.92,35.8,0.5031,0.19767996186238676,0.32813660214403295,False,2008–2014
GIN,Guinea,2012,False,False,False,10.796,4.099,2.285,6678.1,36.77,0.5203,0.3796776583919971,0.2886788101271919,False,2008–2014
GIN,Guinea,2013,False,False,False,7.068,,,6397.64,36.18,0.5301,,0.3526760973241604,False,2008–2014
GIN,Guinea,2014,False,False,False,9.488,3.09,2.753,7123.74,37.68,0.5188,0.32567453625632375,0.3867154986656599,False,2008–2014
GIN,Guinea,2015,False,False,False,6.307,2.824,2.38,7320.6,38.3,0.5419,0.447756461074996,0.38199117940671173,False,2015–2021
GIN,Guinea,2016,False,False,False,6.053,2.255,2.015,7001.47,41.11,0.515,0.37254254088881544,0.4070904830965271,False,2015–2021
GIN,Guinea,2017,False,False,False,6.17,2.474,1.994,7126.21,44.1,0.5191,0.40097244732576987,0.41689447972166316,False,2015–2021
GIN,Guinea,2018,False,False,False,4.577,2.184,0.985,7178.59,41.77,0.5484,0.4771684509504042,0.7448256725147672,False,2015–2021
GIN,Guinea,2019,False,False,False,8.854,12.009,8.374,7404.83,40.47,0.5587,1.3563361192681276,0.7411488151254932,False,2015–2021
GIN,Guinea,2020,False,False,False,7.914,3.086,2.75,7124.89,41.28,0.5484,0.3899418751579479,0.7122600372628156,False,2015–2021
GIN,Guinea,2021,False,False,False,9.918,3.873,3.021,7034.22,47.12,0.5742,0.3905021173623715,0.39022199626015963,False,2015–2021
GMB,"Gambia, The",2000,False,False,False,8.791,4.131,2.093,4030.03,25.92,0.463,0.46991241041974746,0.414430364541853,False,2000–2007
GMB,"Gambia, The",2001,False,False,False,8.862,3.181,1.539,3893.91,26.92,0.4713,0.3589483186639585,0.40372709757068787,False,2000–2007
GMB,"Gambia, The",2002,False,False,False,9.084,3.473,2.62,4052.2,29.4,0.4732,0.38232056362835753,0.3708115088213651,False,2000–2007
GMB,"Gambia, The",2003,False,False,False,11.084,4.114,2.121,3751.73,31.44,0.4938,0.37116564417177916,0.3726711154702426,False,2000–2007
GMB,"Gambia, The",2004,False,False,False,9.083,3.311,1.861,3925.63,31.24,0.5036,0.3645271386105912,0.36784639139118513,False,2000–2007
GMB,"Gambia, The",2005,False,False,False,10.426,,,4242.77,33.42,0.497,,0.4312219026386289,False,2000–2007
GMB,"Gambia, The",2006,False,False,False,10.08,5.019,3.422,4035.74,35.57,0.4981,0.4979166666666667,0.42347653461812995,False,2000–2007
GMB,"Gambia, The",2007,False,False,False,10.741,3.749,2.712,4527.95,32.27,,0.3490364025695932,0.40096742236574084,False,2000–2007
GMB,"Gambia, The",2008,False,False,False,8.976,3.195,1.619,4455.87,34.1,0.5185,0.3559491978609625,0.3524928002152779,False,2008–2014
GMB,"Gambia, The",2009,False,False,False,8.944,,,4282.39,35.26,0.5354,,0.3730397120216396,False,2008–2014
GMB,"Gambia, The",2010,False,False,False,7.295,2.846,2.092,4301.01,41.09,0.5303,0.3901302261823167,1.2915563411613338,False,2008–2014
GMB,"Gambia, The",2011,False,False,False,6.84,15.0,8.815,4459.94,37.63,0.5431,2.192982456140351,1.0396489829466748,True,2008–2014
GMB,"Gambia, The",2012,False,False,False,5.358,2.871,2.421,4240.99,44.47,0.543,0.5358342665173572,1.0286870136131754,False,2008–2014
GMB,"Gambia, The",2013,False,False,False,5.632,2.012,1.624,4446.56,40.95,0.5475,0.3572443181818182,0.414970491438738,False,2008–2014
GMB,"Gambia, The",2014,False,False,False,4.883,1.718,1.29,4898.54,41.08,0.5649,0.3518328896170387,0.38031875800209375,False,2008–2014
GMB,"Gambia, The",2015,False,False,False,5.226,2.257,1.779,5023.99,49.01,0.5553,0.43187906620742444,0.3918559779122316,False,2015–2021
GMB,"Gambia, The",2016,False,False,False,4.689,,,4801.27,47.96,0.5482,,0.46712116713477236,False,2015–2021
GMB,"Gambia, The",2017,False,False,False,4.443,2.232,1.638,4970.73,47.59,0.5618,0.5023632680621203,0.4144996592893839,False,2015–2021
GMB,"Gambia, The",2018,False,False,False,5.226,1.707,1.418,4806.82,44.72,0.5763,0.32663605051664757,0.42645063366894065,False,2015–2021
GMB,"Gambia, The",2019,False,False,False,5.247,2.363,1.501,5036.9,48.71,0.5869,0.45035258242805415,0.39035369360139893,False,2015–2021
GMB,"Gambia, The",2020,False,False,False,6.377,2.513,2.249,5306.76,54.26,0.5853,0.3940724478594951,0.4379726707470481,False,2015–2021
GMB,"Gambia, The",2021,False,False,False,6.982,3.278,2.835,5389.43,49.06,0.5858,0.46949298195359496,0.4317827149065451,False,2015–2021
GNB,Guinea-Bissau,2000,False,False,False,8.051,,,816.51,79.43,0.3918,,,False,2000–2007
GNB,Guinea-Bissau,2001,False,False,False,9.054,3.071,1.975,892.02,80.56,0.4091,0.33918709962447535,0.3116455276851111,False,2000–2007
GNB,Guinea-Bissau,2002,False,False,False,9.581,2.722,2.007,865.31,78.87,0.4191,0.2841039557457468,0.3222585717229017,False,2000–2007
GNB,Guinea-Bissau,2003,False,False,False,8.833,3.034,2.622,953.59,80.7,0.4255,0.3434846597984829,0.32826865685711565,False,2000–2007
GNB,Guinea-Bissau,2004,False,False,False,9.588,3.425,1.818,917.57,80.4,0.4246,0.35721735502711727,0.3731969679048297,False,2000–2007
GNB,Guinea-Bissau,2005,False,False,False,9.9,4.147,3.033,899.61,85.0,0.4445,0.4188888888888889,0.39721291535247855,False,2000–2007
GNB,Guinea-Bissau,2006,False,False,False,10.507,4.366,2.332,893.93,85.87,0.4326,0.4155325021414295,0.4042267073232722,False,2000–2007
GNB,Guinea-Bissau,2007,False,False,False,8.132,3.076,1.456,895.72,82.7,0.4395,0.3782587309394983,0.39041455935217595,False,2000–2007
GNB,Guinea-Bissau,2008,False,False,False,10.041,3.79,2.673,958.76,85.73,0.4568,0.37745244497560004,0.40888378228508976,False,2008–2014
GNB,Guinea-Bissau,2009,False,False,False,9.36,4.408,2.261,937.97,85.23,0.4634,0.470940170940171,0.42480245149389506,False,2008–2014
GNB,Guinea-Bissau,2010,False,False,False,8.549,3.642,2.187,957.14,,0.4568,0.42601473856591415,0.42704307381089696,False,2008–2014
GNB,Guinea-Bissau,2011,False,False,False,7.848,3.015,2.073,965.05,87.95,0.4735,0.3841743119266055,0.3915117848394571,False,2008–2014
GNB,Guinea-Bissau,2012,False,False,False,7.427,2.706,1.322,1154.05,88.78,0.4791,0.36434630402585166,0.3833638774346173,False,2008–2014
GNB,Guinea-Bissau,2013,False,False,False,6.238,2.505,2.092,1086.29,90.52,0.4723,0.40157101635139464,0.42035140266177184,False,2008–2014
GNB,Guinea-Bissau,2014,False,False,False,5.552,2.749,2.167,982.83,91.08,0.4953,0.49513688760806923,0.3954046082478191,False,2008–2014
GNB,Guinea-Bissau,2015,False,False,False,4.898,1.418,0.866,1065.2,95.56,0.4841,0.28950592078399345,0.42633585416347447,False,2015–2021
GNB,Guinea-Bissau,2016,False,False,False,3.904,1.93,1.672,1096.44,89.38,0.5169,0.49436475409836067,0.3967293721715623,False,2015–2021
GNB,Guinea-Bissau,2017,False,False,False,5.097,2.071,1.436,1148.87,93.04,0.4811,0.40631744163233274,0.4503410978653467,False,2015–2021
GNB,Guinea-Bissau,2018,False,False,False,5.793,,,1059.53,95.76,0.5042,,0.402893937056237,False,2015–2021
GNB,Guinea-Bissau,2019,False,False,False,5.665,2.263,1.469,1173.93,99.41,0.5156,0.3994704324801412,0.3828510400573626,False,2015–2021
GNB,Guinea-Bissau,2020,False,False,False,6.13,2.245,1.977,1120.77,94.11,,0.36623164763458405,0.3585798896219811,False,2015–2021
GNB,Guinea-Bissau,2021,False,False,False,7.183,2.227,1.847,1219.18,97.34,0.5043,0.3100375887512181,0.338134618192901,False,2015–2021
GNQ,Equatorial Guinea,2000,False,False,True,20.607,8.204,4.975,1153.06,26.32,0.3207,0.39811714465958176,0.32977429698675237,False,2000–2007
GNQ,Equatorial Guinea,2001,False,False,True,26.309,6.878,4.169,1189.22,24.4,0.3344,0.261431449313923,0.40817999823322193,False,2000–2007
GNQ,Equatorial Guinea,2002,False,False,True,26.165,14.783,9.226,1118.52,23.16,0.3323,0.5649914007261609,0.42315423136335295,False,2000–2007
GNQ,Equatorial Guinea,2003,False,False,True,33.857,15.0,8.556,1144.7,27.68,0.3527,0.44303984404997493,0.5138830581128563,False,2000–2007
GNQ,Equatorial Guinea,2004,False,False,True,28.11,15.0,12.64,1306.59,27.6,,0.5336179295624333,0.46715279149742267,False,2000–2007
GNQ,Equatorial Guinea,2005,False,False,True,27.959,11.877,10.207,1292.55,24.19,0.3615,0.4248006008798598,0.43711990230429376,False,2000–2007
GNQ,Equatorial Guinea,2006,False,False,True,33.269,11.742,9.796,1217.13,22.8,0.3548,0.35294117647058826,0.45701642294879136,False,2000–2007
GNQ,Equatorial Guinea,2007,False,False,True,25.282,15.0,12.571,1327.67,33.74,0.3555,0.593307491495926,0.4223017865236122,False,2000–2007
GNQ,Equatorial Guinea,2008,False,False,True,28.872,9.258,8.011,1310.38,29.48,0.3635,0.3206566916043225,0.5052243454143914,False,2008–2014
GNQ,Equatorial Guinea,2009,False,False,True,24.929,15.0,7.082,1425.88,29.97,0.3889,0.601708853142926,0.5488961009894372,False,2008–2014
GNQ,Equatorial Guinea,2010,False,False,True,20.709,15.0,13.222,1267.51,30.7,0.3811,0.7243227582210633,0.6486246333374798,False,2008–2014
GNQ,Equatorial Guinea,2011,False,False,True,16.359,10.14,8.416,1302.63,,0.3962,0.6198422886484504,0.6159698258737478,False,2008–2014
GNQ,Equatorial Guinea,2012,False,False,True,21.098,10.628,9.027,1409.43,35.16,0.3861,0.50374443075173,0.5550804858159013,False,2008–2014
GNQ,Equatorial Guinea,2013,False,False,True,17.465,9.46,4.922,1483.15,38.57,0.3856,0.5416547380475236,0.6275707905651905,False,2008–2014
GNQ,Equatorial Guinea,2014,False,False,True,12.982,10.87,6.018,1453.06,38.89,0.4001,0.8373132028963179,0.6016799713014254,False,2008–2014
GNQ,Equatorial Guinea,2015,False,False,True,15.089,6.429,3.764,1314.45,40.99,,0.42607197296043475,0.6045999846430344,False,2015–2021
GNQ,Equatorial Guinea,2016,False,False,True,11.693,6.436,3.014,1362.65,41.54,0.4221,0.550414778072351,0.4590152432088154,False,2015–2021
GNQ,Equatorial Guinea,2017,False,False,True,15.743,6.306,4.038,1509.26,42.8,0.4205,0.4005589785936607,0.5000481916428278,False,2015–2021
GNQ,Equatorial Guinea,2018,False,False,True,14.653,8.047,6.203,1560.97,39.6,0.4195,0.5491708182624718,0.40936341604296,False,2015–2021
GNQ,Equatorial Guinea,2019,False,False,True,17.639,4.91,4.191,1562.73,39.96,0.4217,0.2783604512727479,0.3804402096423949,False,2015–2021
GNQ,Equatorial Guinea,2020,False,False,True,19.341,6.069,2.771,1639.83,43.36,0.4404,0.31378935939196523,0.47013037910221683,False,2015–2021
GNQ,Equatorial Guinea,2021,False,False,True,18.332,15.0,8.397,1497.32,44.71,0.4344,0.8182413266419376,0.5660153430169512,False,2015–2021
KEN,Kenya,2000,False,False,False,0.207,,,2351.34,73.07,0.3325,,,False,2000–2007
KEN,Kenya,2001,False,False,False,0.248,0.086,0.077,2365.2,73.74,0.3608,,,False,2000–2007
KEN,Kenya,2002,False,False,False,0.322,,,2390.48,78.02,0.3502,,,False,2000–2007
KEN,Kenya,2003,False,False,False,0.232,,,2396.51,78.97,0.3462,,,False,2000–2007
KEN,Kenya,2004,False,False,False,0.332,,,2365.86,80.84,0.3572,,,False,2000–2007
KEN,Kenya,2005,False,False,False,0.381,,,2329.49,81.31,0.3741,,,False,2000–2007
KEN,Kenya,2006,False,False,False,0.299,0.113,0.072,2419.83,86.0,0.3719,,,False,2000–2007
KEN,Kenya,2007,False,False,False,0.354,,,2728.33,84.28,0.3743,,,False,2000–2007
KEN,Kenya,2008,False,False,False,0.249,,,2735.49,82.05,,,,False,2008–2014
KEN,Kenya,2009,False,False,False,0.296,0.104,0.059,2853.15,85.8,0.3948,,,False,2008–2014
KEN,Kenya,2010,False,False,False,0.192,,,2663.43,86.22,0.3846,,,False,2008–2014
KEN,Kenya,2011,False,False,False,0.253,0.098,0.073,2583.69,86.3,0.3936,,,False,2008–2014
KEN,Kenya,2012,False,False,False,0.254,0.076,0.05,2585.46,86.05,0.407,,,False,2008–2014
KEN,Kenya,2013,False,False,False,0.207,,,2839.69,90.23,0.4093,,,False,2008–2014
KEN,Kenya,2014,False,False,False,0.208,,,2492.94,91.34,0.4197,,,False,2008–2014
KEN,Kenya,2015,False,False,False,0.161,,,2616.45,94.4,0.4229,,,False,2015–2021
KEN,Kenya,2016,False,False,False,0.162,0.062,0.041,2911.08,90.86,0.4361,,,False,2015–2021
KEN,Kenya,2017,False,False,False,0.175,,,2847.15,95.83,0.4229,,,False,2015–2021
KEN,Kenya,2018,False,False,False,0.141,,,3044.96,90.53,0.4401,,,False,2015–2021
KEN,Kenya,2019,False,False,False,0.179,,,3162.7,93.85,0.4483,,,False,2015–2021
KEN,Kenya,2020,False,False,False,0.19,,,3038.52,96.66,0.4563,,,False,2015–2021
KEN,Kenya,2021,False,False,False,0.216,0.102,0.089,3114.49,97.65,0.4496,,,False,2015–2021
LBR,Liberia,2000,False,False,False,7.307,2.879,1.429,365.88,84.73,0.5691,0.39400574791296017,0.38734824287327757,False,2000–2007
LBR,Liberia,2001,False,False,False,7.644,2.91,1.739,364.86,84.28,0.5881,0.38069073783359497,0.3905343981484018,False,2000–2007
LBR,Liberia,2002,False,False,False,10.151,4.029,3.262,331.36,84.82,0.5902,0.39690670869865036,0.4121304192366721,False,2000–2007
LBR,Liberia,2003,False,False,False,9.501,4.359,2.528,334.48,90.8,0.5904,0.4587938111777708,0.3824046041033197,False,2000–2007
LBR,Liberia,2004,False,False,False,9.78,2.851,2.376,362.69,91.59,0.6064,0.29151329243353785,0.3966796529033097,False,2000–2007
LBR,Liberia,2005,False,False,False,7.757,3.411,2.573,358.4,88.37,0.6081,0.4397318550986206,0.34128124762867373,False,2000–2007
LBR,Liberia,2006,False,False,False,9.255,2.708,1.398,388.76,89.41,0.6073,0.2925985953538628,0.37384155831726157,False,2000–2007
LBR,Liberia,2007,False,False,False,10.735,4.178,3.163,408.33,,0.6078,0.38919422449930136,0.3913626782587054,False,2000–2007
LBR,Liberia,2008,False,False,False,8.631,4.249,3.361,438.67,93.26,,0.4922952149229521,0.4407447197111267,False,2008–2014
LBR,Liberia,2009,False,False,False,7.904,,,375.86,95.45,0.6329,,0.5042823755885577,False,2008–2014
LBR,Liberia,2010,False,False,False,7.806,4.03,1.93,382.75,95.58,0.6393,0.5162695362541635,0.4217049975618887,False,2008–2014
LBR,Liberia,2011,False,False,False,8.935,2.923,2.528,424.39,94.56,0.634,0.32714045886961385,0.4181747796761151,False,2008–2014
LBR,Liberia,2012,False,False,False,6.874,2.826,2.385,430.53,94.7,0.6295,0.41111434390456797,0.42227541044853684,False,2008–2014
LBR,Liberia,2013,False,False,False,5.81,3.071,1.833,462.08,96.45,0.6259,0.5285714285714287,0.42009023312004534,False,2008–2014
LBR,Liberia,2014,False,False,False,7.112,2.28,1.903,446.91,99.83,0.6527,0.3205849268841395,0.39496451164758256,False,2008–2014
LBR,Liberia,2015,False,False,False,3.744,1.257,0.993,459.42,99.97,0.6578,0.33573717948717946,0.33371959218348496,False,2015–2021
LBR,Liberia,2016,False,False,False,3.796,1.309,1.093,458.49,100.0,0.6561,0.34483667017913594,0.3454538427332257,False,2015–2021
LBR,Liberia,2017,False,False,False,4.691,1.669,0.922,442.28,100.0,0.6798,0.3557876785333618,0.37576053748808697,False,2015–2021
LBR,Liberia,2018,False,False,False,5.672,2.42,1.703,433.19,100.0,0.6791,0.42665726375176305,0.43164621783477,False,2015–2021
LBR,Liberia,2019,False,False,False,5.963,3.056,1.407,456.97,100.0,0.6946,0.512493711219185,0.4483383908339375,False,2015–2021
LBR,Liberia,2020,False,False,False,5.184,2.104,0.974,462.93,100.0,0.6828,0.4058641975308642,0.4295267340164219,False,2015–2021
LBR,Liberia,2021,False,False,False,6.253,2.315,1.476,510.2,100.0,0.6996,0.37022229329921635,0.3880432454150403,False,2015–2021
LSO,Lesotho,2000,False,False,False,17.343,8.758,4.357,3473.7,70.68,0.5738,0.50498760306752,0.48915342556539765,False,2000–2007
LSO,Lesotho,2001,False,False,False,18.459,8.737,7.195,3748.96,73.85,0.5843,0.47331924806327536,0.5126917261585588,False,2000–2007
LSO,Lesotho,2002,False,False,False,18.647,10.438,5.866,3643.99,74.04,0.5864,0.5597683273448812,0.4477502797227158,False,2000–2007
LSO,Lesotho,2003,False,False,False,26.399,8.188,4.396,3890.43,81.52,0.5905,0.3101632637599909,0.4415819469038114,False,2000–2007
LSO,Lesotho,2004,False,False,False,20.969,9.537,6.399,3927.36,81.26,0.5968,0.4548142496065621,0.38248875668327653,False,2000–2007
LSO,Lesotho,2005,False,False,False,20.829,,,3985.57,85.56,0.6042,,0.42623841038913657,False,2000–2007
LSO,Lesotho,2006,False,False,False,23.359,9.289,8.041,4114.12,82.71,0.6136,0.39766257117171105,0.4461848494531809,False,2000–2007
LSO,Lesotho,2007,False,False,False,24.089,11.917,7.803,3769.46,85.85,0.6234,0.4947071277346507,0.43190014691780315,False,2000–2007
LSO,Lesotho,2008,False,False,False,24.439,9.857,4.623,4156.41,82.81,0.6275,0.4033307418470477,0.4843103960744631,False,2008–2014
LSO,Lesotho,2009,False,False,False,19.966,11.079,8.794,4658.27,86.57,0.6266,0.5548933186416909,0.463298305474021,False,2008–2014
LSO,Lesotho,2010,False,False,False,22.677,9.789,4.71,4621.41,85.89,0.6234,0.4316708559333245,0.534684174617148,False,2008–2014
LSO,Lesotho,2011,False,False,False,16.308,10.07,8.221,4553.06,83.97,0.6403,0.6174883492764288,0.46896810336016465,False,2008–2014
LSO,Lesotho,2012,False,False,False,14.351,5.134,4.522,3979.12,93.23,0.6663,0.35774510487074074,0.48102614286450224,False,2008–2014
LSO,Lesotho,2013,False,False,False,14.088,6.591,5.079,4425.38,88.57,0.6635,0.4678449744463373,0.4169561614752381,False,2008–2014
LSO,Lesotho,2014,False,False,False,12.841,5.461,2.884,4749.03,87.43,0.6575,0.42527840510863646,0.4757073222088932,False,2008–2014
LSO,Lesotho,2015,False,False,False,11.324,6.047,4.878,5090.44,93.92,0.6497,0.5339985870717061,0.45650868724934973,False,2015–2021
LSO,Lesotho,2016,False,False,False,13.972,5.732,3.888,4887.31,93.41,0.6577,0.41024906956770685,0.4955700465287356,False,2015–2021
LSO,Lesotho,2017,False,False,False,11.728,6.362,4.019,5315.98,94.92,0.6802,0.542462482946794,0.4592371841715002,False,2015–2021
LSO,Lesotho,2018,False,False,False,13.08,5.559,2.764,4835.91,88.41,0.682,0.425,0.49936481991402754,False,2015–2021
LSO,Lesotho,2019,False,False,False,11.377,6.037,3.56,5082.97,98.09,0.693,0.5306319767952887,0.41108419476658514,False,2015–2021
LSO,Lesotho,2020,False,False,False,13.432,3.729,2.496,5193.78,92.1,0.6966,0.27762060750446693,0.3814646182450992,False,2015–2021
LSO,Lesotho,2021,False,False,False,16.026,5.387,4.602,5051.62,96.92,0.6956,0.3361412704355422,0.30688093897000446,False,2015–2021
MDG,Madagascar,2000,False,False,False,15.289,6.467,5.42,1248.12,53.93,0.4394,0.42298384459415267,,False,2000–2007
MDG,Madagascar,2001,False,False,False,17.767,,,1231.14,52.56,0.4588,,0.46270382215762484,False,2000–2007
MDG,Madagascar,2002,False,False,False,15.059,7.566,4.601,1255.95,,0.4692,0.5024237997210971,0.46267244883249226,False,2000–2007
MDG,Madagascar,2003,False,False,False,19.746,8.351,3.78,1212.44,55.99,0.4702,0.42292109794388744,0.47402744478717246,False,2000–2007
MDG,Madagascar,2004,False,False,False,20.536,10.201,6.117,1360.16,61.31,0.4721,0.4967374366965329,0.4677220843114731,False,2000–2007
MDG,Madagascar,2005,False,False,False,21.313,10.305,5.881,1314.14,59.16,0.4891,0.48350771829399897,0.49012257749526594,False,2000–2007
MDG,Madagascar,2006,False,False,False,21.664,,,1382.7,58.71,0.4774,,0.5198008840990149,False,2000–2007
MDG,Madagascar,2007,False,False,False,20.84,11.589,7.218,1361.25,60.7,0.4875,0.5560940499040308,0.5011504024286606,False,2000–2007
MDG,Madagascar,2008,False,False,False,19.482,8.693,7.52,1389.31,62.86,0.4908,0.4462067549532902,0.5838701292818153,False,2008–2014
MDG,Madagascar,2009,False,False,False,14.484,10.853,9.298,1463.62,64.41,0.5048,0.7493095829881248,0.5228876535587254,False,2008–2014
MDG,Madagascar,2010,False,False,False,15.782,5.889,3.166,1428.42,64.98,0.5119,0.3731466227347611,0.5267598714490386,False,2008–2014
MDG,Madagascar,2011,False,False,False,12.175,5.574,3.636,1372.4,63.15,0.5072,0.45782340862422993,0.48144972481570253,False,2008–2014
MDG,Madagascar,2012,False,False,False,9.896,6.07,3.156,1554.97,64.78,0.5207,0.6133791430881164,0.526686361714867,False,2008–2014
MDG,Madagascar,2013,False,False,False,10.783,5.487,2.68,1538.92,65.79,0.51,0.5088565334322545,0.500824320614509,False,2008–2014
MDG,Madagascar,2014,False,False,False,12.053,4.583,2.586,1507.67,69.84,0.5176,0.38023728532315604,0.5288880079646098,False,2008–2014
MDG,Madagascar,2015,False,False,False,10.042,7.005,3.283,1691.51,66.46,0.5363,0.6975702051384186,0.5693949496507137,False,2015–2021
MDG,Madagascar,2016,False,False,False,10.6,6.682,4.496,1585.14,71.26,0.5326,0.6303773584905661,0.6299173992335464,False,2015–2021
MDG,Madagascar,2017,False,False,False,9.797,5.504,4.777,1585.22,67.57,0.547,0.5618046340716545,0.4811776010161708,False,2015–2021
MDG,Madagascar,2018,False,False,False,9.994,2.512,2.02,1543.38,70.56,0.5444,0.25135081048629176,0.4065777222789732,False,2015–2021
MDG,Madagascar,2019,False,False,False,9.312,,,1596.19,,0.5614,,0.42485809201648544,False,2015–2021
MDG,Madagascar,2020,False,False,False,8.687,5.198,3.524,1611.78,69.98,0.5562,0.5983653735466791,0.48852539707899284,False,2015–2021
MDG,Madagascar,2021,False,False,False,11.091,4.2,3.054,1817.85,,0.5686,0.3786854206113065,0.48852539707899284,False,2015–2021
MLI,Mali,2000,True,True,False,19.786,14.59,8.207,4828.19,82.54,0.506,0.7373900737895481,0.6107638317475332,False,2000–2007
MLI,Mali,2001,True,True,False,20.205,9.782,6.428,5599.21,81.55,0.5211,0.48413758970551846,0.6107638317475332,False,2000–2007
MLI,Mali,2002,True,True,False,22.348,,,5491.99,,0.5354,,0.4348752231508758,False,2000–2007
MLI,Mali,2003,True,True,False,23.521,9.07,7.948,6155.28,85.9,0.5535,0.3856128565962332,,False,2000–2007
MLI,Mali,2004,True,True,False,29.56,,,5925.0,87.92,0.5546,,0.48334644534313087,False,2000–2007
MLI,Mali,2005,True,True,False,25.814,15.0,8.098,5822.63,88.21,0.5531,0.5810800340900286,0.6532443404805497,False,2000–2007
MLI,Mali,2006,True,True,False,20.678,15.0,11.693,5676.06,89.31,,0.7254086468710707,0.5801067387162224,False,2000–2007
MLI,Mali,2007,True,True,False,20.206,8.766,7.024,5757.73,89.57,0.5558,0.43383153518756806,0.5273402059989898,False,2000–2007
MLI,Mali,2008,True,True,False,30.096,12.724,10.808,5533.94,88.24,,0.4227804359383307,0.42830598556294935,False,2008–2014
MLI,Mali,2009,True,True,False,25.106,,,6322.95,87.95,0.5672,,,False,2008–2014
MLI,Mali,2010,True,True,False,18.685,,,5832.07,92.77,0.579,,,False,2008–2014
MLI,Mali,2011,True,True,False,19.503,11.027,8.303,6170.43,93.31,0.5781,0.5654001948418191,0.6712512254607572,False,2008–2014
MLI,Mali,2012,True,True,False,13.652,10.609,6.436,6886.21,93.72,0.5739,0.7771022560796953,0.6337404373771597,False,2008–2014
MLI,Mali,2013,True,True,False,17.984,10.048,6.731,6095.0,96.22,0.5901,0.5587188612099644,0.6190112314640374,False,2008–2014
MLI,Mali,2014,True,True,False,13.294,6.929,3.195,6245.08,94.63,0.6123,0.5212125771024523,0.5503807050491659,False,2008–2014
MLI,Mali,2015,True,True,False,15.735,8.988,8.007,6243.62,93.91,0.599,0.571210676835081,0.6206854468387422,False,2015–2021
MLI,Mali,2016,True,True,False,12.428,9.565,8.452,6163.02,100.0,0.6133,0.7696330865786932,0.6611974607327683,False,2015–2021
MLI,Mali,2017,True,True,False,14.48,9.307,4.387,6723.3,100.0,0.6289,0.6427486187845304,0.6559305590297705,False,2015–2021
MLI,Mali,2018,True,True,False,14.501,8.054,5.932,6526.03,100.0,0.6255,0.5554099717260879,0.6340612337644947,False,2015–2021
MLI,Mali,2019,True,True,False,10.832,7.626,5.978,6971.47,100.0,0.6268,0.7040251107828656,0.5748643941047129,False,2015–2021
MLI,Mali,2020,True,True,False,13.346,6.208,4.155,7121.63,100.0,0.6319,0.4651580998051851,0.5826049101661048,False,2015–2021
MLI,Mali,2021,True,True,False,17.83,10.317,7.652,7035.9,100.0,0.6414,0.5786315199102636,0.5218948098577244,False,2015–2021
MOZ,Mozambique,2000,False,False,False,6.82,3.35,2.459,5113.27,62.27,0.5671,0.4912023460410557,0.47009555504299977,False,2000–2007
MOZ,Mozambique,2001,False,False,False,6.675,2.997,1.655,5432.06,61.66,0.5753,0.4489887640449438,0.5248927167615549,False,2000–2007
MOZ,Mozambique,2002,False,False,False,6.443,4.088,3.36,6288.77,65.99,0.581,0.6344870401986653,0.5553053627659459,False,2000–2007
MOZ,Mozambique,2003,False,False,False,7.745,4.511,3.739,5949.57,66.0,,0.5824402840542285,0.50968117547526,False,2000–2007
MOZ,Mozambique,2004,False,False,False,8.468,2.643,1.574,5527.83,72.17,0.5878,0.31211620217288616,0.4223384757696676,False,2000–2007
MOZ,Mozambique,2005,False,False,False,8.707,3.243,1.873,5547.7,68.84,0.5906,0.3724589410818881,0.4560678206129484,False,2000–2007
MOZ,Mozambique,2006,False,False,False,7.232,4.944,2.311,5778.62,72.03,0.6092,0.6836283185840708,0.5039757960993647,False,2000–2007
MOZ,Mozambique,2007,False,False,False,8.707,3.969,1.933,6378.04,72.09,0.6004,0.455840128632135,0.5167763185879428,False,2000–2007
MOZ,Mozambique,2008,False,False,False,6.961,2.86,1.413,5818.58,71.47,0.6061,0.4108605085476224,0.44442935484790996,False,2008–2014
MOZ,Mozambique,2009,False,False,False,7.572,3.533,1.868,5936.42,72.46,0.6204,0.4665874273639725,0.46816618224394646,False,2008–2014
MOZ,Mozambique,2010,False,False,False,5.73,3.02,2.445,6059.71,73.66,0.6282,0.5270506108202443,0.45682751102546165,False,2008–2014
MOZ,Mozambique,2011,False,False,False,5.286,1.992,1.06,6134.22,70.26,0.6285,0.37684449489216804,0.4570135274950095,False,2008–2014
MOZ,Mozambique,2012,False,False,False,6.544,3.057,2.252,6561.03,72.37,0.6357,0.46714547677261614,0.5126143881412951,False,2008–2014
MOZ,Mozambique,2013,False,False,False,5.027,3.488,2.819,6518.68,76.48,0.6455,0.6938531927591008,0.5430406876159708,False,2008–2014
MOZ,Mozambique,2014,False,False,False,3.89,1.821,1.042,6498.93,76.01,0.634,0.46812339331619535,0.5373255286917654,False,2008–2014
MOZ,Mozambique,2015,False,False,False,3.8,1.71,0.984,6627.64,77.19,0.6576,0.45,0.4581417137487594,False,2015–2021
MOZ,Mozambique,2016,False,False,False,3.261,1.488,1.103,6572.58,78.74,0.6575,0.45630174793008277,0.4205205547218696,False,2015–2021
MOZ,Mozambique,2017,False,False,False,4.059,1.442,0.777,7168.59,83.32,0.6612,0.35525991623552594,0.43530784329183375,False,2015–2021
MOZ,Mozambique,2018,False,False,False,3.902,1.929,0.964,7078.46,78.89,0.664,0.4943618657098924,0.43709123311651604,False,2015–2021
MOZ,Mozambique,2019,False,False,False,4.068,1.878,1.646,7835.0,80.67,,0.4616519174041298,0.5288959286216847,False,2015–2021
MOZ,Mozambique,2020,False,False,False,4.362,2.751,1.47,6937.98,80.8,0.6762,0.6306740027510316,0.5461629600775807,False,2015–2021
MOZ,Mozambique,2021,False,False,False,5.675,,,7870.6,83.2,0.698,,,False,2015–2021
MRT,Mauritania,2000,True,True,False,9.477,1.402,1.238,5940.09,44.14,0.3536,0.14793711090007386,,False,2000–2007
MRT,Mauritania,2001,True,True,False,10.399,,,5897.62,46.48,0.3608,,0.1286433521980044,False,2000–2007
MRT,Mauritania,2002,True,True,False,9.84,1.076,0.847,6133.17,49.17,0.3609,0.10934959349593497,0.1134178372311231,False,2000–2007
MRT,Mauritania,2003,True,True,False,10.597,1.245,1.076,6158.48,49.03,0.3562,0.11748608096631123,0.11191442183210891,False,2000–2007
MRT,Mauritania,2004,True,True,False,12.001,1.307,0.983,6279.3,49.41,0.372,0.10890759103408049,0.12329412893562529,False,2000–2007
MRT,Mauritania,2005,True,True,False,12.893,1.85,1.327,6312.38,49.07,0.3838,0.14348871480648415,0.1232235728986472,False,2000–2007
MRT,Mauritania,2006,True,True,False,12.944,1.518,1.339,6474.36,53.96,,0.117274412855377,0.1315188210797026,False,2000–2007
MRT,Mauritania,2007,True,True,False,11.884,1.59,0.793,6201.03,50.42,0.4057,0.1337933355772467,0.13407444155654438,False,2000–2007
MRT,Mauritania,2008,True,True,False,12.894,1.949,1.352,7195.1,52.31,0.408,0.15115557623700945,0.130760657345159,False,2008–2014
MRT,Mauritania,2009,True,True,False,9.764,1.048,0.884,6720.89,53.35,0.4035,0.10733306022122083,0.13124356596152356,False,2008–2014
MRT,Mauritania,2010,True,True,False,9.605,1.299,1.163,6691.55,57.68,0.4148,0.13524206142634043,0.13477415507102888,False,2008–2014
MRT,Mauritania,2011,True,True,False,8.47,1.37,1.06,7147.98,54.24,0.4257,0.1617473435655254,0.1569534053550675,False,2008–2014
MRT,Mauritania,2012,True,True,False,6.177,1.074,0.519,7067.93,56.02,0.422,0.1738708110733366,0.14481952476550325,False,2008–2014
MRT,Mauritania,2013,True,True,False,7.244,0.716,0.589,6944.93,,0.4257,0.09884041965764771,0.13635561536549218,False,2008–2014
MRT,Mauritania,2014,True,True,False,6.401,,,7289.23,62.79,0.437,,,False,2008–2014
MRT,Mauritania,2015,True,True,False,6.982,,,7306.3,60.97,0.4324,,,False,2015–2021
MRT,Mauritania,2016,True,True,False,5.636,0.612,0.422,7948.66,63.73,0.4496,0.10858765081618169,,False,2015–2021
MRT,Mauritania,2017,True,True,False,5.57,,,7851.27,62.78,0.4487,,0.10549864468519927,False,2015–2021
MRT,Mauritania,2018,True,True,False,5.644,0.578,0.273,7194.59,63.42,0.4488,0.10240963855421686,,False,2015–2021
MRT,Mauritania,2019,True,True,False,6.407,,,7737.93,64.26,0.4474,,,False,2015–2021
MRT,Mauritania,2020,True,True,False,6.745,,,8097.57,67.01,0.4783,,,False,2015–2021
MRT,Mauritania,2021,True,True,False,7.943,1.253,0.774,8627.46,66.06,0.478,0.157748961349616,,False,2015–2021
MUS,Mauritius,2000,False,False,False,5.7,2.882,1.749,4311.07,23.25,0.4149,0.5056140350877193,0.43741031683686826,False,2000–2007
MUS,Mauritius,2001,False,False,False,6.365,2.35,1.238,4221.46,25.89,0.4199,0.3692065985860173,0.4527601404102137,False,2000–2007
MUS,Mauritius,2002,False,False,False,6.59,3.186,2.498,4332.44,29.72,0.4183,0.4834597875569044,0.4050237092957354,False,2000–2007
MUS,Mauritius,2003,False,False,False,8.267,2.996,2.389,4436.86,31.1,0.4398,0.36240474174428455,0.4552729247814673,False,2000–2007
MUS,Mauritius,2004,False,False,False,7.868,4.091,1.949,3738.0,27.41,0.4427,0.519954245043213,0.3861027846253684,False,2000–2007
MUS,Mauritius,2005,False,False,False,7.9,2.18,1.928,4627.33,30.81,0.4524,0.2759493670886076,0.4284343823597201,False,2000–2007
MUS,Mauritius,2006,False,False,False,7.311,3.578,1.913,4699.07,31.92,0.443,0.4893995349473396,0.3826744510179737,False,2000–2007
MUS,Mauritius,2007,False,False,False,8.097,,,4351.45,31.31,0.4539,,0.4540202384624626,False,2000–2007
MUS,Mauritius,2008,False,False,False,7.049,2.951,2.426,4758.28,35.46,0.4695,0.41864094197758545,0.44468119567336084,False,2008–2014
MUS,Mauritius,2009,False,False,False,6.182,2.91,2.489,4442.67,37.29,0.4557,0.4707214493691362,0.4665864555906842,False,2008–2014
MUS,Mauritius,2010,False,False,False,7.406,3.78,2.629,4777.74,36.14,0.4733,0.5103969754253308,0.5370427333218442,False,2008–2014
MUS,Mauritius,2011,False,False,False,6.138,3.867,2.183,4935.77,37.45,0.4656,0.6300097751710655,0.5204181871920811,False,2008–2014
MUS,Mauritius,2012,False,False,False,7.195,3.028,2.396,4615.67,38.57,0.4922,0.4208478109798471,0.5509789240572348,False,2008–2014
MUS,Mauritius,2013,False,False,False,4.521,2.722,2.347,5000.95,41.38,0.488,0.6020791860207919,0.5112168629676079,False,2008–2014
MUS,Mauritius,2014,False,False,False,4.989,2.548,1.916,5094.21,40.73,0.4823,0.5107235919021849,0.5179072717073672,False,2008–2014
MUS,Mauritius,2015,False,False,False,3.656,1.612,0.873,5165.79,44.11,0.5096,0.44091903719912473,0.46217355929393245,False,2015–2021
MUS,Mauritius,2016,False,False,False,4.1,1.783,1.201,4998.21,43.58,0.4937,0.4348780487804878,0.49606538274513606,False,2015–2021
MUS,Mauritius,2017,False,False,False,3.839,2.351,1.858,5350.89,39.34,0.5211,0.6123990622557958,0.5236385555181418,False,2015–2021
MUS,Mauritius,2018,False,False,False,4.742,,,5162.14,43.0,0.5363,,0.4869842393773949,False,2015–2021
MUS,Mauritius,2019,False,False,False,4.97,1.797,1.178,5267.61,39.98,0.5294,0.361569416498994,0.4042307278787227,False,2015–2021
MUS,Mauritius,2020,False,False,False,4.585,2.049,1.815,5201.68,44.05,0.5429,0.44689203925845145,0.4244489839802172,False,2015–2021
MUS,Mauritius,2021,False,False,False,5.24,2.436,1.66,5384.89,46.8,0.5418,0.46488549618320607,0.45588876772082876,False,2015–2021
MWI,Malawi,2000,False,False,False,21.525,11.534,6.895,1600.69,28.99,0.4612,0.5358420441347271,0.638056866630875,False,2000–2007
MWI,Malawi,2001,False,False,False,18.477,13.678,10.36,1668.45,31.77,0.4645,0.7402716891270228,0.6172082181279089,False,2000–2007
MWI,Malawi,2002,False,False,False,17.077,9.828,4.823,1629.21,,0.4697,0.5755109211219769,0.6585291026861494,False,2000–2007
MWI,Malawi,2003,False,False,False,22.734,15.0,6.824,1751.61,33.98,0.4701,0.6598046978094484,0.6101042541627018,False,2000–2007
MWI,Malawi,2004,False,False,False,24.506,14.581,6.945,1730.23,33.64,0.4824,0.59499714355668,0.6089671332588017,False,2000–2007
MWI,Malawi,2005,False,False,False,24.91,14.251,7.576,1748.85,34.92,0.4753,0.5720995584102769,0.602586806260372,False,2000–2007
MWI,Malawi,2006,False,False,False,22.6,14.479,7.153,1675.8,33.54,0.4883,0.6406637168141592,0.5999951078183133,False,2000–2007
MWI,Malawi,2007,False,False,False,25.544,15.0,12.949,1724.99,35.44,0.4862,0.5872220482305042,0.5409113237054736,False,2000–2007
MWI,Malawi,2008,False,False,False,27.175,10.73,4.938,1843.81,39.38,0.5165,0.39484820607175714,0.5786041102295202,False,2008–2014
MWI,Malawi,2009,False,False,False,18.773,14.15,10.238,1957.89,38.45,0.5105,0.7537420763862995,0.6323517750135821,False,2008–2014
MWI,Malawi,2010,False,False,False,15.147,11.337,8.656,1823.74,40.82,0.5018,0.7484650425826896,0.6808000809257805,False,2008–2014
MWI,Malawi,2011,False,False,False,16.259,8.783,5.438,2034.0,42.24,0.5143,0.5401931238083523,0.6032563663750093,False,2008–2014
MWI,Malawi,2012,False,False,False,18.687,9.738,6.466,2038.12,40.09,0.5101,0.5211109327339861,0.676725617018851,False,2008–2014
MWI,Malawi,2013,False,False,False,12.979,12.575,9.379,1936.36,41.49,0.5223,0.9688727945142153,0.7755265571505648,False,2008–2014
MWI,Malawi,2014,False,False,False,8.531,7.137,5.145,1998.83,45.74,0.5591,0.836595944203493,0.7323568770829896,False,2008–2014
MWI,Malawi,2015,False,False,False,11.836,4.635,3.586,2041.71,45.92,0.5428,0.39160189253126054,0.622500176957015,False,2015–2021
MWI,Malawi,2016,False,False,False,9.465,6.051,4.939,2160.27,48.88,0.541,0.6393026941362916,0.5813671654173388,False,2015–2021
MWI,Malawi,2017,False,False,False,9.578,6.831,3.516,2018.02,51.69,0.5441,0.7131969095844645,0.6166661311525752,False,2015–2021
MWI,Malawi,2018,False,False,False,12.394,6.166,4.523,2222.61,49.54,0.5482,0.49749878973696954,0.7519001920036196,False,2015–2021
MWI,Malawi,2019,False,False,False,14.354,15.0,8.659,2082.11,47.55,0.5649,1.0450048766894247,0.7118009133036939,False,2015–2021
MWI,Malawi,2020,False,False,False,14.139,8.383,6.321,2158.91,49.86,0.5761,0.5928990734846877,0.7783939539559738,False,2015–2021
MWI,Malawi,2021,False,False,False,17.009,11.86,7.46,2313.47,51.92,0.5767,0.6972779116938091,0.6450884925892484,False,2015–2021
NAM,Namibia,2000,False,False,False,13.188,5.361,2.859,435.78,68.64,0.4802,0.40650591446769785,0.4258130058808541,False,2000–2007
NAM,Namibia,2001,False,False,False,13.156,5.856,2.936,437.62,65.41,,0.4451200972940103,0.40721600017433596,False,2000–2007
NAM,Namibia,2002,False,False,False,16.372,6.058,3.169,437.18,65.42,0.5105,0.37002198876129977,0.4679525188568528,False,2000–2007
NAM,Namibia,2003,False,False,False,15.313,9.015,5.106,447.9,63.54,0.5025,0.5887154705152485,0.4973343243366724,False,2000–2007
NAM,Namibia,2004,False,False,False,14.745,7.863,3.974,484.52,73.15,0.5246,0.533265513733469,0.5171803566952091,False,2000–2007
NAM,Namibia,2005,False,False,False,18.64,8.007,4.142,492.27,70.57,0.5106,0.42956008583690986,0.4379963883274222,False,2000–2007
NAM,Namibia,2006,False,False,False,21.013,7.379,6.603,482.95,72.83,0.5216,0.3511635654118878,0.5067212044267072,False,2000–2007
NAM,Namibia,2007,False,False,False,14.749,10.906,7.481,473.31,66.19,0.5289,0.7394399620313241,0.4750918496207404,False,2000–2007
NAM,Namibia,2008,False,False,False,16.434,5.5,3.858,498.23,71.06,0.5212,0.33467202141900937,0.49524585086883466,False,2008–2014
NAM,Namibia,2009,False,False,False,16.911,6.961,3.979,492.26,74.63,0.5346,0.41162556915617055,0.42643687369224836,False,2008–2014
NAM,Namibia,2010,False,False,False,13.737,7.322,6.041,483.22,76.19,0.5541,0.5330130305015651,0.46055297189494127,False,2008–2014
NAM,Namibia,2011,False,False,False,13.29,5.808,2.89,512.33,76.7,0.5554,0.4370203160270881,0.48773260618583497,False,2008–2014
NAM,Namibia,2012,False,False,False,11.923,5.88,5.185,504.5,77.28,0.5629,0.4931644720288518,0.47929040661096334,False,2008–2014
NAM,Namibia,2013,False,False,False,10.473,5.317,3.931,527.66,80.09,0.556,0.5076864317769503,0.48077394993832406,False,2008–2014
NAM,Namibia,2014,False,False,False,10.687,4.718,2.168,518.45,77.27,0.5511,0.44147094600917003,0.4703614784833314,False,2008–2014
NAM,Namibia,2015,False,False,False,8.116,3.749,3.111,539.52,80.31,0.5656,0.4619270576638739,0.4293664524019629,False,2015–2021
NAM,Namibia,2016,False,False,False,8.053,3.098,2.736,554.43,82.56,0.5801,0.38470135353284485,0.4668984656142173,False,2015–2021
NAM,Namibia,2017,False,False,False,8.36,4.632,2.456,552.53,82.0,0.5629,0.554066985645933,0.4271758502775304,False,2015–2021
NAM,Namibia,2018,False,False,False,8.169,2.8,1.365,510.25,80.96,0.5854,0.3427592116538132,0.44841309864987317,False,2015–2021
NAM,Namibia,2019,False,False,False,9.173,,,530.8,85.99,0.587,,0.33512421486497146,False,2015–2021
NAM,Namibia,2020,False,False,False,10.666,3.493,1.745,555.24,83.33,0.5908,0.32748921807612974,0.38411513256796315,False,2015–2021
NAM,Namibia,2021,False,False,False,12.091,5.329,4.312,561.29,86.48,0.6118,0.44074104705979655,0.38411513256796315,False,2015–2021
NER,Niger,2000,True,True,False,17.017,6.284,3.787,303.63,38.18,0.4291,0.36927778104248693,0.36835273148634917,False,2000–2007
NER,Niger,2001,True,True,False,15.418,5.665,3.425,327.75,45.38,0.4457,0.36742768193021147,0.4437295529714533,False,2000–2007
NER,Niger,2002,True,True,False,25.232,15.0,7.675,318.98,40.19,0.4423,0.5944831959416614,0.4773763768640566,False,2000–2007
NER,Niger,2003,True,True,False,15.899,7.476,3.462,311.74,42.23,0.4455,0.4702182527202969,0.43586539908178995,False,2000–2007
NER,Niger,2004,True,True,False,22.413,5.444,4.866,346.77,47.96,0.4579,0.2428947485834114,0.34287109682940264,False,2000–2007
NER,Niger,2005,True,True,False,24.206,7.637,3.734,375.36,,0.4488,0.3155002891844997,0.2820645476800599,False,2000–2007
NER,Niger,2006,True,True,False,20.219,5.819,4.923,356.16,47.64,,0.28779860527226864,0.33399895416593406,False,2000–2007
NER,Niger,2007,True,True,False,20.276,8.084,3.883,343.02,48.01,0.4693,0.39869796804103375,0.3304435525683151,False,2000–2007
NER,Niger,2008,True,True,False,24.41,7.441,3.687,370.32,48.47,0.4812,0.3048340843916428,0.37479048191415415,False,2008–2014
NER,Niger,2009,True,True,False,19.252,8.102,4.799,376.13,53.98,0.5017,0.42083939330978604,0.3596919071232265,False,2008–2014
NER,Niger,2010,True,True,False,20.413,7.214,3.648,410.69,52.95,0.4809,0.3534022436682506,0.3611080402531052,False,2008–2014
NER,Niger,2011,True,True,False,19.422,6.003,3.367,383.73,52.81,0.4944,0.30908248378127895,0.3782237546448757,False,2008–2014
NER,Niger,2012,True,True,False,15.568,7.351,5.526,360.74,51.91,0.4959,0.4721865364850976,0.3535783071859823,False,2008–2014
NER,Niger,2013,True,True,False,16.027,4.479,3.397,416.23,52.99,0.5171,0.27946590129157045,0.4047778093227225,False,2008–2014
NER,Niger,2014,True,True,False,10.705,4.953,3.278,436.57,56.25,,0.46268099019149933,0.37050946964094655,False,2008–2014
NER,Niger,2015,True,True,False,11.124,4.109,2.559,392.3,58.04,0.5026,0.3693815174397698,0.3347163349416875,False,2015–2021
NER,Niger,2016,True,True,False,12.116,2.085,1.438,408.48,54.19,0.522,0.17208649719379332,0.29900785672970626,False,2015–2021
NER,Niger,2017,True,True,False,11.745,4.176,2.492,406.12,58.7,0.5325,0.35555555555555557,0.2638210263746744,False,2015–2021
NER,Niger,2018,True,True,False,11.75,,,412.14,57.69,0.5279,,0.7529752622474457,False,2015–2021
NER,Niger,2019,True,True,False,13.039,15.0,12.138,449.39,59.42,0.5386,1.1503949689393358,0.7713630210607364,False,2015–2021
NER,Niger,2020,True,True,False,12.831,5.034,3.824,400.69,60.34,0.5472,0.392331073182137,0.6326574936543923,False,2015–2021
NER,Niger,2021,True,True,False,14.953,5.312,3.437,447.53,65.34,0.5577,0.35524643884170404,0.3737887560119205,False,2015–2021
NGA,Nigeria,2000,False,False,True,22.813,12.593,8.705,1798.72,58.62,0.3185,0.552009818962872,0.5202795694783096,False,2000–2007
NGA,Nigeria,2001,False,False,True,25.588,12.501,8.289,1994.69,61.2,0.3047,0.488549319993747,0.4785321850874171,False,2000–2007
NGA,Nigeria,2002,False,False,True,30.468,12.036,9.439,1788.47,62.0,0.323,0.3950374163056321,0.4366712818973823,False,2000–2007
NGA,Nigeria,2003,False,False,True,35.176,15.0,7.784,2029.71,64.7,0.3224,0.4264271093927678,0.3988215085661333,False,2000–2007
NGA,Nigeria,2004,False,False,True,40.0,15.0,8.922,1947.94,67.62,0.3173,0.375,0.41124704743542534,False,2000–2007
NGA,Nigeria,2005,False,False,True,34.697,15.0,9.293,2017.25,64.65,0.3316,0.43231403291350834,0.42309771715245,False,2000–2007
NGA,Nigeria,2006,False,False,True,32.469,15.0,10.064,2107.24,67.58,0.3319,0.4619791185438418,0.42309771715245,False,2000–2007
NGA,Nigeria,2007,False,False,True,40.0,15.0,11.191,2075.88,74.77,,0.375,0.4403926973473394,False,2000–2007
NGA,Nigeria,2008,False,False,True,30.979,15.0,13.268,2241.8,70.51,0.3441,0.4841989734981762,0.4393491207663405,False,2008–2014
NGA,Nigeria,2009,False,False,True,28.395,13.029,10.545,1832.68,70.34,0.3773,0.4588483888008452,0.4487723993056952,False,2008–2014
NGA,Nigeria,2010,False,False,True,33.702,13.591,8.452,2020.73,66.57,0.3456,0.40326983561806423,0.44333822151611973,False,2008–2014
NGA,Nigeria,2011,False,False,True,30.9,14.458,7.27,2260.32,70.78,0.3669,0.46789644012944986,0.5261043912432627,False,2008–2014
NGA,Nigeria,2012,False,False,True,21.212,15.0,8.419,2072.46,71.97,0.372,0.7071468979822741,0.5358442631961724,False,2008–2014
NGA,Nigeria,2013,False,False,True,21.804,9.43,5.242,2463.6,73.64,0.3721,0.43248945147679324,0.5546077619268223,False,2008–2014
NGA,Nigeria,2014,False,False,True,18.295,9.59,5.974,2262.59,77.32,0.3793,0.5241869363213992,0.6284704835475328,False,2008–2014
NGA,Nigeria,2015,False,False,True,16.151,15.0,8.868,2222.76,74.63,0.3841,0.9287350628444059,0.6781879356495639,False,2015–2021
NGA,Nigeria,2016,False,False,True,17.834,10.373,8.49,2565.09,80.56,0.4055,0.5816418077828865,0.6959414779218515,False,2015–2021
NGA,Nigeria,2017,False,False,True,16.353,9.443,5.119,2440.67,79.29,0.4055,0.5774475631382621,0.4798059844099763,False,2015–2021
NGA,Nigeria,2018,False,False,True,18.382,5.153,2.581,2305.38,73.76,0.4074,0.28032858230878027,0.4910535869438859,False,2015–2021
NGA,Nigeria,2019,False,False,True,18.044,11.104,7.288,2479.53,81.0,0.4182,0.6153846153846153,0.45102221834895095,False,2015–2021
NGA,Nigeria,2020,False,False,True,22.792,10.424,5.045,2494.57,85.26,0.4255,0.4573534573534573,0.5311121379215642,False,2015–2021
NGA,Nigeria,2021,False,False,True,28.813,15.0,9.43,2638.2,80.23,0.4371,0.52059834102662,0.4889758991900386,False,2015–2021
RWA,Rwanda,2000,False,False,False,8.012,3.491,1.649,619.77,71.93,0.46,0.4357214178731902,0.4846980149676301,False,2000–2007
RWA,Rwanda,2001,False,False,False,6.251,3.336,2.934,602.86,78.78,0.4444,0.53367461206207,0.4855367309029344,False,2000–2007
RWA,Rwanda,2002,False,False,False,8.134,3.963,2.229,624.41,80.39,0.452,0.4872141627735431,0.503811002272374,False,2000–2007
RWA,Rwanda,2003,False,False,False,9.518,4.669,2.564,592.61,81.81,0.4591,0.49054423198150865,0.534944629112875,False,2000–2007
RWA,Rwanda,2004,False,False,False,9.034,5.665,3.881,605.93,84.99,0.462,0.6270754925835731,0.5252218515679784,False,2000–2007
RWA,Rwanda,2005,False,False,False,11.739,5.377,2.524,659.2,79.88,0.4683,0.45804583013885336,0.5425606613612133,False,2000–2007
RWA,Rwanda,2006,False,False,False,9.767,,,650.13,83.07,0.477,,0.5136664251242713,False,2000–2007
RWA,Rwanda,2007,False,False,False,8.205,4.671,2.829,665.38,83.4,0.4815,0.5692870201096892,0.5099364686776798,False,2000–2007
RWA,Rwanda,2008,False,False,False,9.643,4.345,2.031,660.86,83.95,0.4753,0.4505859172456704,0.5099364686776798,False,2008–2014
RWA,Rwanda,2009,False,False,False,7.826,,,752.29,88.63,0.5023,,0.463130796460673,False,2008–2014
RWA,Rwanda,2010,False,False,False,7.955,3.784,2.792,668.36,90.31,0.5004,0.47567567567567565,0.47708514966579485,False,2008–2014
RWA,Rwanda,2011,False,False,False,7.254,3.471,2.86,626.44,88.35,0.5147,0.478494623655914,0.49760464742608485,False,2008–2014
RWA,Rwanda,2012,False,False,False,7.181,3.868,3.164,747.65,88.85,0.5234,0.5386436429466648,0.6411419372188812,False,2008–2014
RWA,Rwanda,2013,False,False,False,4.994,4.526,2.735,709.23,92.38,0.5302,0.9062875450540648,0.633263104512711,False,2008–2014
RWA,Rwanda,2014,False,False,False,4.652,2.116,1.782,692.94,90.87,0.5242,0.4548581255374033,1.1989077976507443,False,2008–2014
RWA,Rwanda,2015,False,False,False,6.015,13.447,12.03,779.23,93.25,0.5216,2.2355777223607647,1.0200602635767273,True,2015–2021
RWA,Rwanda,2016,False,False,False,5.685,2.102,1.012,739.75,94.87,0.5246,0.3697449428320141,1.0759391046523765,False,2015–2021
RWA,Rwanda,2017,False,False,False,5.139,3.199,2.602,708.6,94.61,0.5509,0.622494648764351,0.5178330445270326,False,2015–2021
RWA,Rwanda,2018,False,False,False,5.24,2.941,1.664,736.42,97.43,0.5502,0.5612595419847328,0.5920044722238921,False,2015–2021
RWA,Rwanda,2019,False,False,False,4.444,2.632,1.327,783.21,94.89,0.551,0.5922592259225923,0.5562972077838414,False,2015–2021
RWA,Rwanda,2020,False,False,False,5.887,3.034,1.762,785.88,99.39,0.5516,0.5153728554441991,0.5063324650066426,False,2015–2021
RWA,Rwanda,2021,False,False,False,6.775,2.787,2.102,840.08,97.84,0.5439,0.4113653136531365,0.46336908454866776,False,2015–2021
SDN,Sudan,2000,False,True,False,20.831,7.973,3.934,5346.26,19.33,0.4053,0.3827468676491767,0.4117486053969538,False,2000–2007
SDN,Sudan,2001,False,True,False,19.671,8.67,7.23,5632.36,19.06,0.4145,0.4407503431447308,0.4092095504050091,False,2000–2007
SDN,Sudan,2002,False,True,False,25.076,10.134,7.443,6219.18,22.47,0.4289,0.4041314404211198,0.4224408917829253,False,2000–2007
SDN,Sudan,2003,False,True,False,19.833,,,5829.6,24.71,0.409,,0.3333597737173164,False,2000–2007
SDN,Sudan,2004,False,True,False,25.679,6.743,3.252,5942.44,23.7,0.4327,0.26258810701351304,0.37398871354466917,False,2000–2007
SDN,Sudan,2005,False,True,False,27.959,13.571,6.871,6382.7,23.74,0.4533,0.4853893200758253,0.4647850851801624,False,2000–2007
SDN,Sudan,2006,False,True,False,17.103,11.055,7.869,5933.81,28.65,0.4467,0.6463778284511489,0.5083631309456961,False,2000–2007
SDN,Sudan,2007,False,True,False,24.649,9.695,6.922,6654.36,25.64,0.456,0.393322244310114,0.5136084758308819,False,2000–2007
SDN,Sudan,2008,False,True,False,20.438,10.242,6.4,6142.52,28.43,0.4458,0.5011253547313828,0.5129442851689429,False,2008–2014
SDN,Sudan,2009,False,True,False,23.278,15.0,8.681,6342.15,28.73,0.4567,0.6443852564653321,0.515325337791482,False,2008–2014
SDN,Sudan,2010,False,True,False,22.776,9.121,7.51,6418.53,26.58,0.4678,0.40046540217773097,0.4885963682190633,False,2008–2014
SDN,Sudan,2011,False,True,False,19.82,8.343,6.685,6640.25,30.78,0.4705,0.4209384460141271,0.4339900485430333,False,2008–2014
SDN,Sudan,2012,False,True,False,15.257,7.332,4.939,6284.88,32.33,0.4724,0.48056629743724194,0.4319848385627476,False,2008–2014
SDN,Sudan,2013,False,True,False,16.684,6.581,5.223,6086.6,31.16,0.4741,0.39444977223687366,0.4660691670327594,False,2008–2014
SDN,Sudan,2014,False,True,False,11.017,5.764,2.666,6741.9,,0.4859,0.5231914314241627,0.43131861857615394,False,2008–2014
SDN,Sudan,2015,False,True,False,13.882,5.224,2.75,6735.25,35.56,0.4989,0.3763146520674255,0.4436579654181217,False,2015–2021
SDN,Sudan,2016,False,True,False,10.703,4.618,2.996,7493.11,32.61,0.4986,0.43146781276277685,0.4163164047092797,False,2015–2021
SDN,Sudan,2017,False,True,False,12.102,5.339,4.661,7093.35,36.98,0.5124,0.4411667492976368,0.3749788143044956,False,2015–2021
SDN,Sudan,2018,False,True,False,12.707,3.206,2.854,6532.21,36.78,0.5106,0.2523018808530731,0.40899788957518174,False,2015–2021
SDN,Sudan,2019,False,True,False,14.258,7.607,6.635,6743.78,41.12,0.5238,0.5335250385748352,0.33491101538998475,False,2015–2021
SDN,Sudan,2020,False,True,False,15.212,3.33,2.154,7623.5,39.25,0.5319,0.21890612674204576,0.3762155826584406,False,2015–2021
SDN,Sudan,2021,False,True,False,18.061,,,7511.47,41.84,0.5234,,,False,2015–2021
SEN,Senegal,2000,False,True,False,5.768,2.839,1.484,1291.65,33.95,0.3114,0.4921983356449376,0.41848849812893874,False,2000–2007
SEN,Senegal,2001,False,True,False,7.048,2.43,1.715,1267.04,36.82,0.3071,0.3447786606129399,0.3966037153376503,False,2000–2007
SEN,Senegal,2002,False,True,False,7.145,2.521,1.303,1231.09,34.82,0.3061,0.3528341497550735,0.37001727825275244,False,2000–2007
SEN,Senegal,2003,False,True,False,8.2,3.382,1.7,1340.15,32.63,,0.41243902439024394,0.3948976994944249,False,2000–2007
SEN,Senegal,2004,False,True,False,7.93,3.326,2.141,1494.36,37.28,0.3224,0.41941992433795716,0.40697577953478176,False,2000–2007
SEN,Senegal,2005,False,True,False,7.428,2.89,2.243,1307.08,39.26,0.3182,0.38906838987614434,0.4113891733552404,False,2000–2007
SEN,Senegal,2006,False,True,False,7.656,3.259,2.228,1260.38,40.39,0.3513,0.42567920585161967,0.36523332556004834,False,2000–2007
SEN,Senegal,2007,False,True,False,7.77,2.183,0.998,1293.84,40.15,0.337,0.28095238095238095,0.3747945049956944,False,2000–2007
SEN,Senegal,2008,False,True,False,7.909,3.304,1.726,1404.23,41.01,0.3394,0.41775192818308254,0.3626966300884618,False,2008–2014
SEN,Senegal,2009,False,True,False,5.257,2.047,1.25,1452.42,45.08,0.3439,0.38938558112992205,0.3376826333871439,False,2008–2014
SEN,Senegal,2010,False,True,False,7.343,1.512,1.186,1377.27,47.44,0.3533,0.20591039084842708,0.3565029126452653,False,2008–2014
SEN,Senegal,2011,False,True,False,5.875,2.786,2.23,1515.22,45.23,,0.4742127659574468,0.35847433157710656,False,2008–2014
SEN,Senegal,2012,False,True,False,6.17,2.439,1.878,1621.16,44.05,0.3679,0.3952998379254457,0.3895847505871854,False,2008–2014
SEN,Senegal,2013,False,True,False,4.879,1.46,0.867,1442.82,46.39,,0.2992416478786637,0.38997008613917483,False,2008–2014
SEN,Senegal,2014,False,True,False,3.593,1.708,1.206,1470.54,46.67,0.3866,0.475368772613415,0.3936176391636261,False,2008–2014
SEN,Senegal,2015,False,True,False,4.165,1.692,1.024,1450.06,51.06,0.3955,0.4062424969987995,0.42173816949287035,False,2015–2021
SEN,Senegal,2016,False,True,False,3.952,1.516,0.846,1479.4,50.25,0.4016,0.38360323886639675,0.39089906050940243,False,2015–2021
SEN,Senegal,2017,False,True,False,4.012,1.536,1.314,1478.94,48.01,0.404,0.382851445663011,0.36813328497038844,False,2015–2021
SEN,Senegal,2018,False,True,False,3.903,1.319,0.857,1567.83,,0.3941,0.3379451703817576,0.354454071237469,False,2015–2021
SEN,Senegal,2019,False,True,False,5.488,1.88,1.229,1449.5,52.04,0.4082,0.34256559766763844,0.4002806977835336,False,2015–2021
SEN,Senegal,2020,False,True,False,3.984,2.073,1.645,1748.52,51.05,0.4074,0.5203313253012049,0.3832814304632987,False,2015–2021
SEN,Senegal,2021,False,True,False,4.75,1.363,1.191,1651.35,54.05,0.4086,0.2869473684210526,0.4036393468611288,False,2015–2021
SLE,Sierra Leone,2000,False,False,False,0.253,,,6175.85,42.36,0.4316,,,False,2000–2007
SLE,Sierra Leone,2001,False,False,False,0.212,,,6006.69,43.74,,,,False,2000–2007
SLE,Sierra Leone,2002,False,False,False,0.278,0.104,0.072,6357.74,46.84,0.4475,,,False,2000–2007
SLE,Sierra Leone,2003,False,False,False,0.256,,,6257.67,,0.4521,,,False,2000–2007
SLE,Sierra Leone,2004,False,False,False,0.349,,,6504.54,48.7,0.4594,,,False,2000–2007
SLE,Sierra Leone,2005,False,False,False,0.398,0.086,0.066,6680.62,49.17,0.4536,,,False,2000–2007
SLE,Sierra Leone,2006,False,False,False,0.278,0.086,0.043,6311.3,,0.4853,,,False,2000–2007
SLE,Sierra Leone,2007,False,False,False,0.328,,,6892.4,51.5,0.4674,,,False,2000–2007
SLE,Sierra Leone,2008,False,False,False,0.328,,,6147.75,50.52,0.4812,,,False,2008–2014
SLE,Sierra Leone,2009,False,False,False,0.255,,,6769.62,51.2,0.4867,,,False,2008–2014
SLE,Sierra Leone,2010,False,False,False,0.213,,,7044.35,55.37,0.4995,,,False,2008–2014
SLE,Sierra Leone,2011,False,False,False,0.261,,,7025.09,51.71,0.5072,,,False,2008–2014
SLE,Sierra Leone,2012,False,False,False,0.221,,,6842.25,54.26,0.5086,,,False,2008–2014
SLE,Sierra Leone,2013,False,False,False,0.219,,,7265.01,55.95,0.5234,,,False,2008–2014
SLE,Sierra Leone,2014,False,False,False,0.172,,,7192.22,58.75,0.5159,,,False,2008–2014
SLE,Sierra Leone,2015,False,False,False,0.137,,,7280.05,59.25,0.5139,,,False,2015–2021
SLE,Sierra Leone,2016,False,False,False,0.144,,,7489.08,61.93,,,,False,2015–2021
SLE,Sierra Leone,2017,False,False,False,0.173,,,8139.98,,0.5338,,,False,2015–2021
SLE,Sierra Leone,2018,False,False,False,0.142,,,7294.76,63.8,0.535,,,False,2015–2021
SLE,Sierra Leone,2019,False,False,False,0.204,,,7683.89,63.88,0.5639,,,False,2015–2021
SLE,Sierra Leone,2020,False,False,False,0.194,,,7782.22,65.88,0.5549,,,False,2015–2021
SLE,Sierra Leone,2021,False,False,False,0.191,,,8009.41,65.28,0.5754,,,False,2015–2021
SOM,Somalia,2000,False,False,False,0.879,,,1032.03,64.15,0.3186,,,False,2000–2007
SOM,Somalia,2001,False,False,False,1.083,0.477,0.318,1057.42,65.5,0.3165,0.4404432132963989,,False,2000–2007
SOM,Somalia,2002,False,False,False,1.179,,,1098.58,64.22,0.3178,,,False,2000–2007
SOM,Somalia,2003,False,False,False,1.431,,,1075.76,66.01,0.3248,,,False,2000–2007
SOM,Somalia,2004,False,False,False,1.35,,,1135.32,65.08,0.3431,,,False,2000–2007
SOM,Somalia,2005,False,False,False,1.348,,,1250.86,64.63,0.3352,,,False,2000–2007
SOM,Somalia,2006,False,False,False,1.215,,,1108.04,68.44,0.3541,,,False,2000–2007
SOM,Somalia,2007,False,False,False,1.142,,,1089.4,70.11,0.3488,,,False,2000–2007
SOM,Somalia,2008,False,False,False,1.023,,,1165.45,69.67,0.3677,,,False,2008–2014
SOM,Somalia,2009,False,False,False,1.211,0.687,0.531,1210.89,68.59,0.3678,0.5672997522708505,,False,2008–2014
SOM,Somalia,2010,False,False,False,1.255,,,1170.31,71.61,0.3575,,,False,2008–2014
SOM,Somalia,2011,False,False,False,0.934,,,1188.94,73.44,0.3717,,,False,2008–2014
SOM,Somalia,2012,False,False,False,0.813,,,1243.09,78.25,0.3784,,,False,2008–2014
SOM,Somalia,2013,False,False,False,0.792,,,1241.35,79.78,0.3894,,,False,2008–2014
SOM,Somalia,2014,False,False,False,0.675,1.553,0.883,1321.68,78.44,0.3931,,,False,2008–2014
SOM,Somalia,2015,False,False,False,0.613,,,1296.92,76.91,0.4027,,,False,2015–2021
SOM,Somalia,2016,False,False,False,0.615,,,1370.5,79.32,0.4047,,,False,2015–2021
SOM,Somalia,2017,False,False,False,0.66,,,1415.08,79.44,0.3966,,,False,2015–2021
SOM,Somalia,2018,False,False,False,0.624,,,1366.08,78.55,0.4141,,,False,2015–2021
SOM,Somalia,2019,False,False,False,0.649,0.225,0.136,1285.7,82.5,0.4216,,,False,2015–2021
SOM,Somalia,2020,False,False,False,0.787,,,1474.0,82.67,0.437,,,False,2015–2021
SOM,Somalia,2021,False,False,False,0.894,,,1519.5,88.49,0.4372,,,False,2015–2021
SSD,South Sudan,2000,False,False,True,33.459,8.993,7.163,3939.58,52.06,0.3287,0.26877671179652707,0.30532585589826355,False,2000–2007
SSD,South Sudan,2001,False,False,True,40.0,13.675,7.181,4053.79,55.86,0.3182,0.34187500000000004,0.2916089039321757,False,2000–2007
SSD,South Sudan,2002,False,False,True,40.0,10.567,4.994,3828.69,57.56,0.325,0.264175,0.32786669840118476,False,2000–2007
SSD,South Sudan,2003,False,False,True,33.087,12.492,9.48,3915.76,,0.3469,0.37755009520355426,0.3208625476017771,False,2000–2007
SSD,South Sudan,2004,False,False,True,38.566,,,3997.66,57.09,0.3525,,0.3267200737797876,False,2000–2007
SSD,South Sudan,2005,False,False,True,38.2,10.539,4.756,4156.59,60.03,0.3526,0.27589005235602093,0.32109502617801045,False,2000–2007
SSD,South Sudan,2006,False,False,True,40.0,14.652,8.648,4491.86,60.3,0.3661,0.36629999999999996,0.2987133507853403,False,2000–2007
SSD,South Sudan,2007,False,False,True,40.0,10.158,7.446,4499.91,63.83,0.3708,0.25395,0.321,False,2000–2007
SSD,South Sudan,2008,False,False,True,40.0,13.71,6.568,4329.99,60.49,0.3785,0.34275,0.29835,False,2008–2014
SSD,South Sudan,2009,False,False,True,37.92,,,4505.34,67.15,0.374,,0.33599025809369776,False,2008–2014
SSD,South Sudan,2010,False,False,True,36.479,12.01,5.766,4632.88,,0.3933,0.3292305161873955,0.2937036024167631,False,2008–2014
SSD,South Sudan,2011,False,False,True,30.483,7.87,6.849,4291.53,64.09,0.3941,0.25817668864613064,0.2937036024167631,False,2008–2014
SSD,South Sudan,2012,False,False,True,35.413,,,4975.0,70.88,0.3913,,0.3118918878353113,False,2008–2014
SSD,South Sudan,2013,False,False,True,28.785,10.524,5.556,4789.58,,0.3891,0.3656070870244919,0.48056438200676715,False,2008–2014
SSD,South Sudan,2014,False,False,True,25.188,15.0,13.339,4719.84,68.28,0.4131,0.5955216769890425,0.49463134975883216,False,2008–2014
SSD,South Sudan,2015,False,False,True,21.524,11.252,8.172,5118.51,71.36,0.4056,0.5227652852629623,0.4931136037043948,False,2015–2021
SSD,South Sudan,2016,False,False,True,19.889,7.181,5.669,5207.41,68.96,0.4242,0.3610538488611796,0.38621596708247646,False,2015–2021
SSD,South Sudan,2017,False,False,True,25.696,7.062,5.694,4893.29,69.65,0.4105,0.2748287671232877,0.32610453422329194,False,2015–2021
SSD,South Sudan,2018,False,False,True,25.611,8.77,6.456,5186.48,69.86,0.4264,0.3424309866854086,0.29507531825414385,False,2015–2021
SSD,South Sudan,2019,False,False,True,23.906,6.406,4.906,4974.13,,,0.26796620095373547,0.31732953597381336,False,2015–2021
SSD,South Sudan,2020,False,False,True,30.677,10.479,8.526,5417.28,76.17,0.4345,0.34159142028229617,0.31632260919803024,False,2015–2021
SSD,South Sudan,2021,False,False,True,28.688,9.737,5.791,5788.4,71.14,0.4419,0.33941020635805913,0.3405008133201776,False,2015–2021
STP,Sao Tome and Principe,2000,False,False,False,5.085,3.844,2.441,2311.79,26.41,0.3191,0.7559488692232055,0.635418603346094,False,2000–2007
STP,Sao Tome and Principe,2001,False,False,False,6.448,3.32,2.614,2293.07,26.4,0.3041,0.5148883374689825,1.1565352987420163,False,2000–2007
STP,Sao Tome and Principe,2002,False,False,False,6.822,15.0,8.983,2401.73,25.43,0.3168,2.198768689533861,1.0430039966869955,True,2000–2007
STP,Sao Tome and Principe,2003,False,False,False,6.226,2.586,2.028,2296.81,25.42,0.3217,0.41535496305814323,1.6093819309378021,False,2000–2007
STP,Sao Tome and Principe,2004,False,False,False,6.775,15.0,8.59,2385.13,32.2,,2.214022140221402,1.0699130996972188,True,2000–2007
STP,Sao Tome and Principe,2005,False,False,False,7.068,4.102,2.861,2149.61,33.04,0.3245,0.580362195812111,1.0852027432365252,False,2000–2007
STP,Sao Tome and Principe,2006,False,False,False,6.847,3.158,1.713,2585.19,30.78,0.3403,0.4612238936760625,0.46933212607618646,False,2000–2007
STP,Sao Tome and Principe,2007,False,False,False,7.931,2.906,2.472,2224.35,31.4,,0.36641028874038584,0.553765588791786,False,2000–2007
STP,Sao Tome and Principe,2008,False,False,False,7.593,6.33,3.422,2582.67,32.81,0.3551,0.8336625839589096,0.6088786164055088,False,2008–2014
STP,Sao Tome and Principe,2009,False,False,False,6.558,4.109,2.579,2476.64,31.4,0.3514,0.6265629765172309,0.695870484197441,False,2008–2014
STP,Sao Tome and Principe,2010,False,False,False,7.23,4.536,3.414,2487.99,38.54,0.3651,0.6273858921161825,0.6124654784866689,False,2008–2014
STP,Sao Tome and Principe,2011,False,False,False,5.836,3.405,2.358,2629.14,34.72,0.3739,0.5834475668265935,0.6894501611876653,False,2008–2014
STP,Sao Tome and Principe,2012,False,False,False,3.818,3.274,2.737,2490.86,38.95,0.3815,0.85751702462022,0.7232709793610245,False,2008–2014
STP,Sao Tome and Principe,2013,False,False,False,4.385,3.196,1.484,2956.73,37.5,0.3856,0.7288483466362601,0.7314092597062961,False,2008–2014
STP,Sao Tome and Principe,2014,False,False,False,4.07,2.474,1.895,2653.0,37.58,0.386,0.6078624078624079,0.6199738620733793,False,2008–2014
STP,Sao Tome and Principe,2015,False,False,False,4.136,2.164,0.998,3042.92,37.49,0.3954,0.5232108317214701,0.5666654107281968,False,2015–2021
STP,Sao Tome and Principe,2016,False,False,False,3.649,2.076,1.211,2875.73,38.97,0.4129,0.5689229926007126,0.593999457866074,False,2015–2021
STP,Sao Tome and Principe,2017,False,False,False,4.282,2.954,1.574,2846.0,42.37,0.3934,0.6898645492760392,0.6073203004427566,False,2015–2021
STP,Sao Tome and Principe,2018,False,False,False,4.084,2.3,1.16,2738.77,42.54,0.4094,0.5631733594515181,0.6099658042865963,False,2015–2021
STP,Sao Tome and Principe,2019,False,False,False,4.235,2.443,1.687,2915.04,42.9,0.413,0.5768595041322314,0.5648174862993045,False,2015–2021
STP,Sao Tome and Principe,2020,False,False,False,4.695,2.603,1.732,2821.08,48.72,0.4166,0.554419595314164,0.5834226673452637,False,2015–2021
STP,Sao Tome and Principe,2021,False,False,False,4.866,3.012,2.078,3130.7,47.54,0.4123,0.6189889025893959,0.58670424895178,False,2015–2021
SWZ,Eswatini,2000,False,False,False,4.268,1.957,1.473,3812.43,79.04,0.4107,0.4585285848172447,0.4203941762523393,False,2000–2007
SWZ,Eswatini,2001,False,False,False,4.735,1.81,1.371,4445.35,78.5,0.3967,0.38225976768743397,0.4007079074499194,False,2000–2007
SWZ,Eswatini,2002,False,False,False,4.583,1.656,1.388,4211.16,76.71,,0.36133536984507963,0.3604335948289052,False,2000–2007
SWZ,Eswatini,2003,False,False,False,4.498,1.519,1.276,4422.38,78.29,0.4322,0.33770564695420185,0.34975391471615036,False,2000–2007
SWZ,Eswatini,2004,False,False,False,4.757,1.666,1.441,4078.01,82.92,0.4339,0.35022072734916965,0.3687896945785804,False,2000–2007
SWZ,Eswatini,2005,False,False,False,4.739,1.983,1.481,4394.59,80.29,0.4509,0.4184427094323697,0.3989508512138286,False,2000–2007
SWZ,Eswatini,2006,False,False,False,5.605,2.4,1.604,4936.1,82.34,0.4601,0.42818911685994643,0.44063772559154374,False,2000–2007
SWZ,Eswatini,2007,False,False,False,4.976,2.365,1.719,4822.56,84.55,0.445,0.4752813504823152,0.4884199005368823,False,2000–2007
SWZ,Eswatini,2008,False,False,False,3.957,2.223,1.009,4492.44,,0.4664,0.5617892342683851,0.4656122872930826,False,2008–2014
SWZ,Eswatini,2009,False,False,False,4.792,1.724,1.058,4841.31,90.01,0.4737,0.3597662771285476,0.4456923113980074,False,2008–2014
SWZ,Eswatini,2010,False,False,False,4.948,2.056,1.434,5057.08,89.4,0.4514,0.4155214227970897,0.4830397473467029,False,2008–2014
SWZ,Eswatini,2011,False,False,False,4.001,2.696,1.957,4507.42,90.65,0.475,0.6738315421144714,0.4970340255635786,False,2008–2014
SWZ,Eswatini,2012,False,False,False,3.659,1.47,1.009,4925.52,85.69,0.4685,0.40174911177917466,0.5075202977493154,False,2008–2014
SWZ,Eswatini,2013,False,False,False,3.593,1.606,1.409,5223.89,93.06,0.4819,0.44698023935430004,0.5032954586422878,False,2008–2014
SWZ,Eswatini,2014,False,False,False,2.541,1.68,1.304,4822.98,89.38,0.4861,0.6611570247933884,0.5540686320738443,False,2008–2014
SWZ,Eswatini,2015,False,False,False,2.879,,,4829.0,91.48,0.4993,,,False,2015–2021
SWZ,Eswatini,2016,False,False,False,2.108,,,5223.6,91.98,0.4848,,,False,2015–2021
SWZ,Eswatini,2017,False,False,False,2.496,,,5172.52,95.15,0.5063,,,False,2015–2021
SWZ,Eswatini,2018,False,False,False,2.693,0.904,0.651,5555.99,95.8,0.5063,0.3356851095432603,0.37611912152912336,False,2015–2021
SWZ,Eswatini,2019,False,False,False,2.936,1.223,0.814,5719.4,97.56,0.5128,0.4165531335149864,0.401651513614989,False,2015–2021
SWZ,Eswatini,2020,False,False,False,2.982,1.35,0.703,5365.65,95.01,0.5308,0.45271629778672035,0.4367550760875287,False,2015–2021
SWZ,Eswatini,2021,False,False,False,3.093,1.364,0.891,5240.21,98.23,0.5176,0.4409957969608794,0.44685604737379986,False,2015–2021
SYC,Seychelles,2000,False,False,False,1.42,,,1292.65,79.74,0.4914,,,False,2000–2007
SYC,Seychelles,2001,False,False,False,2.005,0.705,0.321,1187.43,79.79,0.5058,0.35162094763092266,,False,2000–2007
SYC,Seychelles,2002,False,False,False,1.641,,,1195.54,,0.4917,,,False,2000–2007
SYC,Seychelles,2003,False,False,False,2.471,,,1354.13,81.23,,,,False,2000–2007
SYC,Seychelles,2004,False,False,False,2.727,,,1396.76,79.87,0.5362,,,False,2000–2007
SYC,Seychelles,2005,False,False,False,1.861,,,1313.18,83.69,0.5216,,,False,2000–2007
SYC,Seychelles,2006,False,False,False,2.495,,,1473.96,82.89,0.5301,,,False,2000–2007
SYC,Seychelles,2007,False,False,False,2.449,0.682,0.477,1369.93,83.7,0.5292,0.2784810126582279,0.4430407714638908,False,2000–2007
SYC,Seychelles,2008,False,False,False,2.263,1.375,1.191,1528.15,89.61,0.528,0.6076005302695537,0.4430407714638908,False,2008–2014
SYC,Seychelles,2009,False,False,False,2.291,,,1430.16,88.42,0.5555,,0.5783291800145689,False,2008–2014
SYC,Seychelles,2010,False,False,False,1.539,0.845,0.39,1494.03,89.33,0.5415,0.5490578297595842,,False,2008–2014
SYC,Seychelles,2011,False,False,False,1.606,,,1428.57,89.13,0.5362,,0.4907631131499185,False,2008–2014
SYC,Seychelles,2012,False,False,False,1.503,0.65,0.335,1632.75,91.1,0.5662,0.4324683965402529,0.37970188860921794,False,2008–2014
SYC,Seychelles,2013,False,False,False,1.563,0.511,0.367,1499.47,91.27,0.5604,0.326935380678183,0.4229149922750408,False,2008–2014
SYC,Seychelles,2014,False,False,False,1.017,0.518,0.241,1543.84,90.06,0.5746,0.5093411996066864,0.41813829014243475,False,2008–2014
SYC,Seychelles,2015,False,False,False,1.353,,,1501.69,91.75,0.5715,,,False,2015–2021
SYC,Seychelles,2016,False,False,False,0.891,,,1640.51,96.65,0.5779,,,False,2015–2021
SYC,Seychelles,2017,False,False,False,1.281,,,1679.48,92.4,0.5982,,,False,2015–2021
SYC,Seychelles,2018,False,False,False,1.225,0.527,0.424,1763.67,95.5,0.6009,0.43020408163265306,,False,2015–2021
SYC,Seychelles,2019,False,False,False,1.22,,,1509.46,95.86,0.6056,,,False,2015–2021
SYC,Seychelles,2020,False,False,False,1.423,,,1726.77,100.0,0.6059,,,False,2015–2021
SYC,Seychelles,2021,False,False,False,1.184,,,1667.73,100.0,0.6226,,,False,2015–2021
TCD,Chad,2000,True,True,True,16.974,5.921,3.959,316.05,35.06,0.4433,0.34882761871096973,0.37938122268589725,False,2000–2007
TCD,Chad,2001,True,True,True,18.259,7.485,5.843,324.49,35.41,,0.4099348266608248,0.3970221943859913,False,2000–2007
TCD,Chad,2002,True,True,True,23.805,10.291,6.361,333.67,33.15,0.4494,0.4323041377861794,0.47673930011558935,False,2000–2007
TCD,Chad,2003,True,True,True,22.028,12.952,9.034,368.1,33.9,0.4609,0.587978935899764,0.4916594320304051,False,2000–2007
TCD,Chad,2004,True,True,True,20.638,9.384,8.151,298.57,33.93,0.464,0.4546952224052718,0.5109665740716034,False,2000–2007
TCD,Chad,2005,True,True,True,21.945,10.758,8.525,343.52,39.14,0.4728,0.4902255639097744,0.5069805298929981,False,2000–2007
TCD,Chad,2006,True,True,True,18.074,10.411,8.365,352.56,40.35,0.4926,0.5760208033639481,0.47797556298752975,False,2000–2007
TCD,Chad,2007,True,True,True,19.895,7.315,5.585,375.88,41.54,0.4793,0.36768032168886655,0.38584355933823916,False,2000–2007
TCD,Chad,2008,True,True,True,22.705,4.855,3.285,357.7,,0.4756,0.2138295529619027,0.4043363512339455,False,2008–2014
TCD,Chad,2009,True,True,True,23.753,15.0,8.711,353.61,38.92,0.4841,0.6314991790510672,0.4738258130024902,False,2008–2014
TCD,Chad,2010,True,True,True,22.003,12.677,9.106,373.04,,0.4947,0.5761487069945007,0.5863579764004139,False,2008–2014
TCD,Chad,2011,True,True,True,14.691,8.101,6.016,384.14,42.03,0.4919,0.5514260431556736,0.5131765882619412,False,2008–2014
TCD,Chad,2012,True,True,True,12.982,5.348,4.241,364.69,49.92,0.508,0.4119550146356494,0.47600719195246866,False,2008–2014
TCD,Chad,2013,True,True,True,13.589,6.314,4.51,360.74,49.72,0.5114,0.46464051806608286,0.4369975652740999,False,2008–2014
TCD,Chad,2014,True,True,True,14.664,6.37,4.998,381.53,49.43,0.5209,0.43439716312056736,0.44951884059332514,False,2008–2014
TCD,Chad,2015,True,True,True,11.654,,,407.33,50.92,0.5431,,0.41686441280506237,False,2015–2021
TCD,Chad,2016,True,True,True,10.773,4.302,3.489,387.67,51.81,,0.3993316624895572,0.39957772551790643,False,2015–2021
TCD,Chad,2017,True,True,True,11.35,4.538,2.935,410.88,52.68,0.5374,0.39982378854625555,0.495850087743508,False,2015–2021
TCD,Chad,2018,True,True,True,11.874,8.174,5.614,436.73,54.23,0.5291,0.6883948121947111,0.5036159566547991,False,2015–2021
TCD,Chad,2019,True,True,True,10.482,4.43,3.048,413.34,53.81,0.5598,0.42262926922343064,0.5443388164545041,False,2015–2021
TCD,Chad,2020,True,True,True,14.937,7.797,3.775,422.43,,0.5627,0.5219923679453705,0.473289965218018,False,2015–2021
TCD,Chad,2021,True,True,True,13.494,6.413,5.162,390.74,56.56,0.5652,0.4752482584852527,0.49862031321531175,False,2015–2021
TGO,Togo,2000,False,False,False,12.539,5.111,2.411,2022.56,50.85,0.5805,0.40760826222186775,0.4060797824457682,False,2000–2007
TGO,Togo,2001,False,False,False,12.436,5.031,3.405,1984.73,54.32,0.5726,0.40455130266966866,0.39589618887804345,False,2000–2007
TGO,Togo,2002,False,False,False,16.068,6.034,5.396,2080.79,50.25,0.5767,0.3755290017425939,0.5294088057431533,False,2000–2007
TGO,Togo,2003,False,False,False,18.561,15.0,8.102,2237.6,52.57,0.5941,0.8081461128171974,0.5257301576405221,False,2000–2007
TGO,Togo,2004,False,False,False,17.58,6.918,5.315,2136.86,55.9,0.6053,0.3935153583617748,0.5078326376909342,False,2000–2007
TGO,Togo,2005,False,False,False,17.425,5.608,3.065,2151.52,53.47,0.6068,0.32183644189383065,0.5467690313610235,False,2000–2007
TGO,Togo,2006,False,False,False,16.217,15.0,12.075,1998.15,57.03,0.6116,0.9249552938274651,0.547249613239316,False,2000–2007
TGO,Togo,2007,False,False,False,19.116,7.55,6.64,2272.19,56.2,0.6254,0.394957103996652,0.6172715215043127,False,2000–2007
TGO,Togo,2008,False,False,False,15.046,8.003,5.958,2224.47,59.52,0.6173,0.531902166688821,0.44433785286248795,False,2008–2014
TGO,Togo,2009,False,False,False,20.896,8.487,4.786,1970.85,58.48,0.6445,0.4061542879019908,0.5796390342745787,False,2008–2014
TGO,Togo,2010,False,False,False,10.922,8.747,4.346,2113.33,,0.6381,0.8008606482329244,0.5341094912499808,False,2008–2014
TGO,Togo,2011,False,False,False,10.541,4.167,1.893,2239.58,59.6,0.6433,0.395313537615027,0.5980870929239757,False,2008–2014
TGO,Togo,2012,False,False,False,12.397,,,2340.41,60.86,,,0.5012543834325991,False,2008–2014
TGO,Togo,2013,False,False,False,10.229,6.211,4.358,2630.28,66.47,0.6499,0.6071952292501711,0.5238689633880544,False,2008–2014
TGO,Togo,2014,False,False,False,8.771,3.864,2.74,2338.82,64.12,0.6562,0.4405426975259377,0.5273802730348864,False,2008–2014
TGO,Togo,2015,False,False,False,8.851,4.73,3.126,2428.65,67.35,0.6676,0.5344028923285504,0.43993526528889354,False,2015–2021
TGO,Togo,2016,False,False,False,9.514,3.281,1.916,2442.32,,0.6637,0.3448602060121926,0.39473518734227997,False,2015–2021
TGO,Togo,2017,False,False,False,10.602,3.233,2.386,2468.61,68.63,0.6659,0.30494246368609695,0.3609977989963688,False,2015–2021
TGO,Togo,2018,False,False,False,10.051,4.354,2.513,2889.77,70.07,0.6708,0.4331907272908168,0.44262097356888114,False,2015–2021
TGO,Togo,2019,False,False,False,9.25,5.455,4.069,2923.31,71.87,0.6898,0.5897297297297297,0.43914768501503004,False,2015–2021
TGO,Togo,2020,False,False,False,10.023,2.952,1.817,2773.79,70.14,0.6817,0.29452259802454356,0.4183892560045632,False,2015–2021
TGO,Togo,2021,False,False,False,12.027,4.461,2.978,2845.49,76.06,0.6978,0.37091544025941636,0.33271901914198,False,2015–2021
TZA,Tanzania,2000,False,False,False,2.425,,,2255.72,42.2,0.405,,,False,2000–2007
TZA,Tanzania,2001,False,False,False,3.137,,,2321.41,43.8,0.403,,,False,2000–2007
TZA,Tanzania,2002,False,False,False,2.697,1.098,0.521,2344.85,46.02,0.4023,0.40711902113459403,0.3704723613797047,False,2000–2007
TZA,Tanzania,2003,False,False,False,3.385,1.13,0.763,2396.13,45.51,0.4134,0.33382570162481534,0.380564171126012,False,2000–2007
TZA,Tanzania,2004,False,False,False,2.942,1.179,0.838,2544.99,50.23,0.4392,0.40074779061862675,0.36728674612172096,False,2000–2007
TZA,Tanzania,2005,False,False,False,3.412,,,2525.36,49.7,0.4298,,,False,2000–2007
TZA,Tanzania,2006,False,False,False,3.332,,,2279.78,51.7,0.4515,,,False,2000–2007
TZA,Tanzania,2007,False,False,False,3.282,1.075,0.904,2487.88,51.86,0.43,0.3275441803778184,0.33163817279216323,False,2000–2007
TZA,Tanzania,2008,False,False,False,3.196,1.073,0.691,2597.87,53.18,0.4389,0.3357321652065081,0.33163817279216323,False,2008–2014
TZA,Tanzania,2009,False,False,False,3.501,,,2541.9,50.93,0.4467,,0.39222985505834385,False,2008–2014
TZA,Tanzania,2010,False,False,False,2.672,1.199,0.552,2568.35,53.19,0.4408,0.44872754491017963,,False,2008–2014
TZA,Tanzania,2011,False,False,False,2.637,,,2856.72,57.74,0.4626,,,False,2008–2014
TZA,Tanzania,2012,False,False,False,2.156,,,2896.13,56.07,0.446,,,False,2008–2014
TZA,Tanzania,2013,False,False,False,2.337,0.894,0.426,2994.27,58.35,0.4726,0.38254172015404364,0.3796033054686041,False,2008–2014
TZA,Tanzania,2014,False,False,False,1.877,0.707,0.334,3087.07,60.58,0.4985,0.3766648907831646,0.3796033054686041,False,2008–2014
TZA,Tanzania,2015,False,False,False,1.406,,,2932.89,60.66,0.4908,,,False,2015–2021
TZA,Tanzania,2016,False,False,False,1.631,,,2937.71,58.76,0.4839,,,False,2015–2021
TZA,Tanzania,2017,False,False,False,1.395,0.519,0.279,2895.8,61.5,0.4976,0.3720430107526882,,False,2015–2021
TZA,Tanzania,2018,False,False,False,1.602,,,3326.41,63.08,0.4954,,,False,2015–2021
TZA,Tanzania,2019,False,False,False,1.963,,,2688.77,59.73,0.4987,,,False,2015–2021
TZA,Tanzania,2020,False,False,False,2.018,,,3339.58,66.91,0.5125,,,False,2015–2021
TZA,Tanzania,2021,False,False,False,1.856,,,3165.55,64.51,0.5219,,,False,2015–2021
UGA,Uganda,2000,False,False,False,12.762,5.924,2.961,3098.6,4.48,0.343,0.4641905657420467,0.4487802043752219,False,2000–2007
UGA,Uganda,2001,False,False,False,13.695,5.935,4.441,3167.87,7.53,0.3493,0.4333698430083972,0.4019898245050657,False,2000–2007
UGA,Uganda,2002,False,False,False,17.386,5.362,3.083,3483.97,8.72,0.3486,0.30840906476475327,0.4221520376781343,False,2000–2007
UGA,Uganda,2003,False,False,False,16.574,8.696,6.56,3279.67,,0.3498,0.5246772052612525,0.4310725252629566,False,2000–2007
UGA,Uganda,2004,False,False,False,17.821,8.2,4.758,3249.2,13.3,0.3629,0.460131305762864,0.5116857057740476,False,2000–2007
UGA,Uganda,2005,False,False,False,19.911,10.956,9.051,3375.45,14.97,0.3643,0.5502486062980262,0.4964473839928971,False,2000–2007
UGA,Uganda,2006,False,False,False,19.465,9.323,5.352,3304.43,13.66,0.3667,0.4789622399178012,0.4901223844485421,False,2000–2007
UGA,Uganda,2007,False,False,False,17.504,7.722,6.304,3427.91,12.32,0.387,0.4411563071297989,0.48189445028419803,False,2000–2007
UGA,Uganda,2008,False,False,False,15.138,7.956,3.593,3382.51,16.76,0.3833,0.525564803804994,0.49083498908835993,False,2008–2014
UGA,Uganda,2009,False,False,False,15.647,7.914,5.595,3724.18,13.28,0.389,0.5057838563302869,0.5241297820628468,False,2008–2014
UGA,Uganda,2010,False,False,False,15.509,8.391,6.571,3519.23,20.18,0.4096,0.5410406860532594,0.48763002898521207,False,2008–2014
UGA,Uganda,2011,False,False,False,11.229,4.672,2.268,3557.86,22.29,0.3975,0.4160655445720901,0.551527116806312,False,2008–2014
UGA,Uganda,2012,False,False,False,10.852,7.569,6.688,3645.77,18.76,0.4135,0.6974751197935865,0.5376220535359091,False,2008–2014
UGA,Uganda,2013,False,False,False,10.378,5.182,4.515,3694.82,19.76,0.4131,0.4993254962420505,0.5946260337647787,False,2008–2014
UGA,Uganda,2014,False,False,False,12.041,7.069,3.322,3581.05,23.59,0.4221,0.5870774852586994,0.5095031119359295,False,2008–2014
UGA,Uganda,2015,False,False,False,9.647,4.265,2.672,3679.43,23.4,0.4371,0.44210635430703843,0.46371128174040216,False,2015–2021
UGA,Uganda,2016,False,False,False,8.841,3.2,2.331,3922.71,23.38,0.4282,0.36195000565546886,0.4225342005496809,False,2015–2021
UGA,Uganda,2017,False,False,False,7.969,3.694,1.665,4173.46,22.93,0.44,0.4635462416865353,0.4163023402977304,False,2015–2021
UGA,Uganda,2018,False,False,False,7.834,3.317,2.413,3977.35,27.65,0.4482,0.42341077355118717,0.49294828232844795,False,2015–2021
UGA,Uganda,2019,False,False,False,7.988,4.728,3.738,4152.83,26.82,0.447,0.5918878317476214,0.8216180249849269,False,2015–2021
UGA,Uganda,2020,False,False,False,10.348,15.0,7.564,4154.47,30.53,0.4683,1.449555469655972,0.8326647678325069,False,2015–2021
UGA,Uganda,2021,False,False,False,13.372,6.105,3.796,4508.11,30.65,0.4573,0.4565510020939276,0.9530532358749497,False,2015–2021
ZAF,South Africa,2000,False,False,False,11.824,2.97,1.479,3277.91,39.64,0.5146,0.2511840324763194,0.3272082372196466,False,2000–2007
ZAF,South Africa,2001,False,False,False,17.015,6.861,4.498,2897.57,40.7,0.5456,0.4032324419629738,0.3472161566804241,False,2000–2007
ZAF,South Africa,2002,False,False,False,14.552,5.635,4.26,3263.2,36.86,0.5542,0.38723199560197913,0.3784753055879067,False,2000–2007
ZAF,South Africa,2003,False,False,False,16.225,5.597,4.575,3304.79,40.67,0.5331,0.34496147919876735,0.3660967374003732,False,2000–2007
ZAF,South Africa,2004,False,False,False,17.692,,,3067.33,39.84,0.5495,,0.28006901513482546,False,2000–2007
ZAF,South Africa,2005,False,False,False,19.003,4.089,2.145,3451.69,41.28,,0.21517655107088357,0.3886663145549515,False,2000–2007
ZAF,South Africa,2006,False,False,False,15.992,8.99,5.085,3616.34,41.63,0.5586,0.5621560780390195,0.3886663145549515,False,2000–2007
ZAF,South Africa,2007,False,False,False,17.558,,,3365.48,43.11,0.5795,,0.4855705430713736,False,2000–2007
ZAF,South Africa,2008,False,False,False,19.744,8.075,4.382,3354.54,43.4,0.5856,0.4089850081037277,0.5235993643999151,False,2008–2014
ZAF,South Africa,2009,False,False,False,13.906,8.875,5.817,3735.1,48.41,0.5784,0.6382137206961024,0.4474340395868755,False,2008–2014
ZAF,South Africa,2010,False,False,False,13.009,3.839,2.508,3274.82,50.0,0.5835,0.2951033899607964,0.46665855532844946,False,2008–2014
ZAF,South Africa,2011,False,False,False,13.65,,,3535.75,49.33,0.6123,,0.37322271012509756,False,2008–2014
ZAF,South Africa,2012,False,False,False,13.338,6.02,4.655,3894.44,50.66,0.6072,0.45134203028939873,0.4502701824757296,False,2008–2014
ZAF,South Africa,2013,False,False,False,11.289,5.071,4.123,3670.79,51.16,0.5993,0.4491983346620604,0.4154203992898873,False,2008–2014
ZAF,South Africa,2014,False,False,False,10.037,3.47,2.296,3882.76,52.92,0.6078,0.34572083291820266,0.42096404168950596,False,2008–2014
ZAF,South Africa,2015,False,False,False,8.727,4.084,2.617,3893.9,55.24,0.602,0.4679729574882548,0.3461830112706634,False,2015–2021
ZAF,South Africa,2016,False,False,False,9.326,2.097,1.467,4136.48,53.9,0.6305,0.2248552434055329,0.38729739606736335,False,2015–2021
ZAF,South Africa,2017,False,False,False,9.455,4.435,3.708,3975.58,57.44,0.628,0.46906398730830245,0.37462329502661706,False,2015–2021
ZAF,South Africa,2018,False,False,False,9.322,4.008,2.026,3835.92,54.05,0.6311,0.4299506543660159,0.45386076861856983,False,2015–2021
ZAF,South Africa,2019,False,False,False,9.791,4.529,2.648,3914.8,57.36,0.6315,0.46256766418139106,0.4519348801545606,False,2015–2021
ZAF,South Africa,2020,False,False,False,8.934,4.139,2.767,3872.13,58.26,0.6361,0.46328632191627495,0.39554301348047277,False,2015–2021
ZAF,South Africa,2021,False,False,False,13.341,3.479,1.823,3978.04,60.1,0.6497,0.26077505434375237,0.3620306881300136,False,2015–2021
ZMB,Zambia,2000,False,False,False,2.7,1.132,0.997,2536.8,76.05,0.3831,0.4192592592592592,0.47588979223125566,False,2000–2007
ZMB,Zambia,2001,False,False,False,2.952,1.572,1.205,2522.55,74.59,0.3687,0.5325203252032521,0.4780785749377962,False,2000–2007
ZMB,Zambia,2002,False,False,False,2.622,1.265,0.602,2410.77,78.13,0.3984,0.4824561403508772,0.4952500014103543,False,2000–2007
ZMB,Zambia,2003,False,False,False,2.857,1.345,0.637,2618.88,80.45,0.3892,0.4707735386769338,0.46700576321576,False,2000–2007
ZMB,Zambia,2004,False,False,False,3.39,1.518,0.82,2336.58,83.63,0.4131,0.44778761061946903,0.4683791777451936,False,2000–2007
ZMB,Zambia,2005,False,False,False,4.209,2.048,1.418,2886.69,80.47,0.4003,0.486576383939178,0.563950003231735,False,2000–2007
ZMB,Zambia,2006,False,False,False,3.039,2.302,1.294,2863.39,82.27,0.4043,0.7574860151365581,0.5833673258634189,False,2000–2007
ZMB,Zambia,2007,False,False,False,3.891,1.969,1.301,2801.08,84.26,0.4218,0.5060395785145207,0.6584026629015908,False,2000–2007
ZMB,Zambia,2008,False,False,False,3.073,2.187,1.946,2859.53,87.9,0.425,0.7116823950536935,0.664937252283316,False,2008–2014
ZMB,Zambia,2009,False,False,False,1.938,1.506,0.758,2774.03,86.58,0.4277,0.7770897832817337,0.6225971134670111,False,2008–2014
ZMB,Zambia,2010,False,False,False,3.079,1.167,0.791,2969.25,85.31,0.4311,0.3790191620656057,0.5260387334954655,False,2008–2014
ZMB,Zambia,2011,False,False,False,2.481,1.047,0.544,2926.48,86.99,0.4469,0.42200725513905685,0.4586826999239595,False,2008–2014
ZMB,Zambia,2012,False,False,False,2.306,1.326,0.911,2917.49,91.58,0.4489,0.575021682567216,0.5109049670757626,False,2008–2014
ZMB,Zambia,2013,False,False,False,2.522,1.351,0.619,2972.48,92.46,0.4499,0.535685963521015,0.5775709899856363,False,2008–2014
ZMB,Zambia,2014,False,False,False,2.254,1.402,0.918,3202.3,89.66,0.4457,0.6220053238686779,0.5788456436948464,False,2008–2014
ZMB,Zambia,2015,False,False,False,2.134,,,2869.42,94.24,,,0.602991612210582,False,2015–2021
ZMB,Zambia,2016,False,False,False,1.81,1.057,0.722,3026.18,94.51,0.4743,0.5839779005524861,0.6322076623054047,False,2015–2021
ZMB,Zambia,2017,False,False,False,1.646,1.12,0.98,3198.68,,0.4828,0.6804374240583233,0.6322076623054047,False,2015–2021
ZMB,Zambia,2018,False,False,False,2.009,,,3275.51,95.26,0.4806,,0.606119772099833,False,2015–2021
ZMB,Zambia,2019,False,False,False,2.264,1.204,1.076,3266.09,97.47,0.4843,0.5318021201413428,0.5529696064975065,False,2015–2021
ZMB,Zambia,2020,False,False,False,2.057,1.181,0.858,3135.85,96.7,0.4874,0.5741370928536704,0.5015372021970882,False,2015–2021
ZMB,Zambia,2021,False,False,False,2.561,1.021,0.675,3192.14,100.0,0.4954,0.39867239359625145,0.48640474322496086,False,2015–2021
ZWE,Zimbabwe,2000,False,False,False,9.135,4.054,3.074,2123.04,64.9,0.4353,0.4437876299945266,0.41449343549062195,False,2000–2007
ZWE,Zimbabwe,2001,False,False,False,10.013,3.857,2.975,2164.51,67.24,0.4293,0.3851992409867173,0.3961905574762417,False,2000–2007
ZWE,Zimbabwe,2002,False,False,False,10.501,3.776,2.196,2191.94,65.22,0.4446,0.3595848014474812,0.6256198380441038,False,2000–2007
ZWE,Zimbabwe,2003,False,False,False,13.25,15.0,12.079,2069.87,,0.4518,1.1320754716981132,0.6348202119492417,False,2000–2007
ZWE,Zimbabwe,2004,False,False,False,13.234,5.463,3.97,2226.9,68.76,0.4625,0.4128003627021309,0.6591228231023974,False,2000–2007
ZWE,Zimbabwe,2005,False,False,False,13.917,6.019,3.467,2395.61,70.61,0.4565,0.43249263490694834,0.4320801878009861,False,2000–2007
ZWE,Zimbabwe,2006,False,False,False,14.933,6.734,3.494,2317.65,70.65,0.471,0.45094756579387935,0.45275214942767744,False,2000–2007
ZWE,Zimbabwe,2007,False,False,False,12.925,6.137,5.348,2587.28,70.19,0.4817,0.474816247582205,0.47064140360702683,False,2000–2007
ZWE,Zimbabwe,2008,False,False,False,12.681,6.165,3.906,2473.73,72.85,0.4579,0.4861603974449965,0.45585141915741567,False,2008–2014
ZWE,Zimbabwe,2009,False,False,False,11.828,4.809,2.477,2582.52,74.71,0.4686,0.4065776124450457,0.42107509010036526,False,2008–2014
ZWE,Zimbabwe,2010,False,False,False,12.991,4.813,3.971,2415.49,73.17,0.4945,0.3704872604110538,0.39435887197034875,False,2008–2014
ZWE,Zimbabwe,2011,False,False,False,11.411,4.633,2.1,2260.55,78.09,0.4798,0.40601174305494697,0.40138902989022407,False,2008–2014
ZWE,Zimbabwe,2012,False,False,False,7.749,3.314,2.523,2665.69,79.99,0.5107,0.4276680862046716,0.41636348349129126,False,2008–2014
ZWE,Zimbabwe,2013,False,False,False,7.099,2.949,2.362,2521.03,,0.4995,0.4154106212142555,0.4215393537094634,False,2008–2014
ZWE,Zimbabwe,2014,False,False,False,6.413,,,2588.7,79.06,0.5249,,0.426661317602957,False,2008–2014
ZWE,Zimbabwe,2015,False,False,False,7.433,3.255,2.326,2756.55,82.07,0.5192,0.4379120139916588,0.4407302005442164,False,2015–2021
ZWE,Zimbabwe,2016,False,False,False,6.324,2.805,2.238,2552.0,79.38,0.5211,0.44354838709677424,0.45402278918181865,False,2015–2021
ZWE,Zimbabwe,2017,False,False,False,5.724,2.751,1.369,2784.75,80.4,0.5184,0.48060796645702303,0.37816533569330635,False,2015–2021
ZWE,Zimbabwe,2018,False,False,False,7.331,1.542,0.968,2903.27,,0.5358,0.21033965352612194,0.3454738099915724,False,2015–2021
ZWE,Zimbabwe,2019,False,False,False,6.534,,,2929.3,85.53,0.536,,0.41366606736456457,False,2015–2021
ZWE,Zimbabwe,2020,False,False,False,6.65,4.103,3.442,2999.89,82.68,0.5377,0.6169924812030074,0.5264293713005918,False,2015–2021
ZWE,Zimbabwe,2021,False,False,False,9.87,4.302,3.352,3128.7,87.4,0.5558,0.4358662613981763,0.5264293713005918,False,2015–2021
