"Data Source","World Development Indicators",

"Last Updated Date","2026-07-13",

"Country Name","Country Code","Indicator Name","Indicator Code","1960","1961","1962","1963","1964","1965","1966","1967","1968","1969","1970","1971","1972","1973","1974","1975","1976","1977","1978","1979","1980","1981","1982","1983","1984","1985","1986","1987","1988","1989","1990","1991","1992","1993","1994","1995","1996","1997","1998","1999","2000","2001","2002","2003","2004","2005","2006","2007","2008","2009","2010","2011","2012","2013","2014","2015","2016","2017","2018","2019","2020","2021","2022","2023","2024","2025",
"Aruba","ABW","Total natural resources rents (% of GDP)","NY.GDP.TOTL.RT.ZS","","","","","","","","","","","","","","","","","","","","","","","","","","","0.00087802987012987","0.000734242709867452","0.000575055457463885","0.000491267194492255","0.00155226229781905","0.00163386762871304","0.00137919973940525","0.000925240173915881","0.000937261565324962","0.00116658771218565","0.00081940211530906","0.00100250493075445","0.000848352981616005","0.000717901853338623","0.00166277142064697","0.0014191795529938","0.00137100806940249","0.00145277793252244","0.00158368130684963","0.00197275799182091","0.002449482525579","0.00243696444079606","0.00287298171598646","0.0020412189607002","0.00387013761309746","0.00380977060432498","0.00340775585550675","0.00245165331607624","0.00323517161852513","0.00238765944448716","0.0033437423337293","0.00282719063862959","0.00188469168678285","0.00168011577104813","0.00303719334778541","0.0020661282461218","","","","",
"Africa Eastern and Southern","AFE","Total natural resources rents (% of GDP)","NY.GDP.TOTL.RT.ZS","","","","","","","","","","","5.15340759088085","4.14799865862732","3.9508180317711","5.65831005023019","6.29121429444235","5.16494007957866","5.72117341053088","6.18367428662572","5.34823960892145","7.47813819146118","11.5168025929168","9.30345092145651","9.44186168986527","8.19684035263106","6.05246832444653","8.74268917604075","7.52506466663969","7.11466373934323","7.9104362444062","7.95146543853597","7.30507165633789","6.0320006707989","6.78600166348251","6.28145702846625","6.91810552882986","7.37681752774441","7.91189755842457","6.76712534875659","6.06447514998931","4.95795041515166","6.79427548865936","7.13522486498834","7.89407464213954","7.2995521207354","8.23755974899734","9.507218303013","10.7440797992743","12.8944539544936","18.7719431958164","10.2073837537042","12.02776111933","13.8333506211762","11.7000652143831","11.0183437235757","9.38328938268401","6.60093459629015","7.24155035206818","7.92197924673185","7.57294565186571","6.74339986653678","6.15065161567244","10.3300167787945","","","","",
"Afghanistan","AFG","Total natural resources rents (% of GDP)","NY.GDP.TOTL.RT.ZS","","","","","","","","","","","0.87755385017819","1.03558414364505","1.19519644814167","1.67416815724967","2.12531920804593","2.66673063889727","2.82487629325903","2.68324458039298","2.24487152496304","2.44138287465658","2.56041191798785","1.99698226813113","","","","","","","","","","","","","","","","","","","","","1.27614880703829","0.731312589343673","0.458919792113206","0.393192771402782","0.504174403493816","0.449500569922326","0.601665824760427","0.424658195958387","0.62533261319642","0.836389660299977","0.684675468598181","0.603571665401867","0.542756499666634","0.469916949251438","0.617409905168126","0.702981728943138","0.855264249305936","0.682287828246046","0.305978171646739","0.428525449642917","","","","",
"Africa Western and Central","AFW","Total natural resources rents (% of GDP)","NY.GDP.TOTL.RT.ZS","","","","","","","","","","","3.0298531638716","3.46392431213145","4.20523480415027","5.75539388407552","22.556449727794","16.4851875239087","14.8955348444719","18.5880685245295","14.9159711651289","30.9825313266318","20.0294587175796","5.47167107815244","3.84130126381732","6.69871062477284","9.48766987982081","10.1284759552511","6.57060475440698","9.21436478523841","8.61374438775637","15.5140284103197","17.5004306562294","12.8466637028236","13.931056106499","19.6818228086702","18.834633085853","18.6295049698299","18.4176283862233","16.6556721263782","10.616428245141","10.1303822345617","19.1097411892229","13.8191029852279","11.7815428511944","12.6472066993838","13.4477095695311","17.7741124988752","16.5455783445612","16.0585289289256","17.8256688816706","11.3525022294869","14.2289387822407","17.8007612366644","16.1216507786235","12.4256049829422","9.92718881457716","6.1355763046932","6.36002696583083","8.87833065349545","10.0025260507854","8.62680558838547","5.91726440307962","9.73438039740326","","","","",
"Angola","AGO","Total natural resources rents (% of GDP)","NY.GDP.TOTL.RT.ZS","","","","","","","","","","","","","","","","","","","","","21.0908278102494","11.7336878181279","5.52402429250969","12.2936725166119","15.0651246347286","14.8659504369977","7.38301090941038","16.1065503102677","15.3009421574308","22.7167782868397","29.1038270597221","17.9679803050029","28.4793982385248","36.6624684792486","43.6365130125438","44.2109966299264","41.3617166839795","39.4514891636558","24.2693807744448","40.8033543240701","59.1425103628059","44.219476594374","32.8837159773494","28.4066969543848","33.7707170143085","42.7600742732017","40.7534428993222","45.881176080136","52.5607729557913","30.3114661376593","38.1623101146694","39.0226784952754","34.7310076331615","29.4000452272015","22.124247625088","13.3056748880613","20.8851202682195","25.9503299089307","32.045405604301","28.8978590593907","20.2476653863539","29.9674348417559","","","","",
"Albania","ALB","Total natural resources rents (% of GDP)","NY.GDP.TOTL.RT.ZS","","","","","","","","","","","","","","","","","","","","","","","","","8.86272773832624","8.7128140684248","4.69709681587599","5.69948776027969","8.22312257740939","8.84748768108249","8.22402989872863","9.88575364344613","11.7288387701529","3.37850179678418","1.83861310975966","1.41199451722271","1.36152948949073","1.31616086038518","0.373020813844308","0.582819936494746","1.20580664142954","0.774294478401242","0.765808881841202","0.765831615007164","0.868821575977377","1.10115055658531","1.37890239530199","2.17405008124285","1.77540436427071","1.04750341619612","1.52816814295294","2.89849835443056","3.23145242472225","3.32799084447126","3.41690043441322","1.73486186826951","1.05848104238626","1.34604237945034","1.71111628143642","1.63497378546365","0.775369617467959","1.44260146706838","","","","",
"Andorra","AND","Total natural resources rents (% of GDP)","NY.GDP.TOTL.RT.ZS","","","","","","","","","","","0","0","0","0","0","0","0","0","0","0","0","0","0","0","0","0","0","0","0","0","0","0","0","0","0","0","0","0","0","0","0","0","0","0","0","0","0","0","0","0","0","0","0","0","0","0","0","0","0","0","0","0","","","","",
"Arab World","ARB","Total natural resources rents (% of GDP)","NY.GDP.TOTL.RT.ZS","","","","","","","","","","","13.0944328400447","13.2117727147657","15.8577711924319","20.750155480606","47.7387261043701","38.7301343963854","38.7040975589075","37.061161326229","33.4219817176287","58.3023817019725","50.9848675275437","39.1548166193613","26.0213365990404","25.4109675222576","25.1062351549929","22.0950425376877","14.4420149957176","17.7937774270307","17.2236851856964","23.240733234618","23.2728058462742","18.7999900839248","20.7016896740538","20.3394756894827","19.6658609477294","19.4514358655818","22.5403146674045","20.0229108223118","14.1140970109512","18.0460882620739","27.7160148258909","22.9230902411319","22.0812217027551","24.5259528311958","29.0399610221492","34.7397176899398","35.3772786495193","32.9540426387858","36.9971233660647","24.4594671031557","27.7402361040906","34.8397862872227","34.3721386886686","31.7357189389737","28.3644944961778","17.1008526958972","14.4988143646937","18.2462992035735","23.1263479064163","20.4156129126526","13.6027286806591","20.3694351969748","","","","",
"United Arab Emirates","ARE","Total natural resources rents (% of GDP)","NY.GDP.TOTL.RT.ZS","","","","","","","","","","","","","","","","37.5814955580997","37.0263443740258","31.1504618714453","31.950511608593","56.671735250579","42.3274106499484","33.4086698393858","23.0115404847624","24.2798442244752","26.4353697598988","24.6652930237137","18.3666363793088","24.3087258563614","21.754674597305","30.0841004001769","36.6027000714668","24.9355118597408","24.7594060168968","22.1505222562258","18.263480223591","17.8753368140734","20.7195621529487","18.6806267958819","12.5278825303178","14.8547635599251","22.3844177151254","17.5963966616315","16.2376283737788","19.2061128677808","22.2210170035245","25.3343747676468","27.2052072035567","24.9372063571947","27.7149122716078","19.713461721995","23.7768704858008","29.7789568323524","28.2144669709365","27.3813114030779","23.9739257701595","14.0468089597238","11.8055195768229","14.3278424370326","18.1866824883602","16.8958990035406","11.9722335248016","17.634095847399","","","","",
"Argentina","ARG","Total natural resources rents (% of GDP)","NY.GDP.TOTL.RT.ZS","","","","","","","","","","","0.301180697327039","0.43636922778285","0.502356036574644","0.576658816124267","1.8513473465424","2.41761839929652","2.67110832885348","2.15976492115428","2.41643044783543","5.42727046114618","6.3109329235752","5.15070531952354","2.91715510466177","3.27353016254466","4.11858427984105","3.36451641029919","1.24913613407026","1.8064671567475","1.48517881481193","3.54375457141287","2.54133379153863","1.11216953670952","1.09688763068098","1.09534038350252","1.03761625538356","1.29807343639538","1.59598410207505","1.42473252510187","0.821860211536179","1.4005641030747","2.36414526373118","1.91854085449722","5.63090239331634","4.54405237920157","4.29522015828479","5.18727382834912","5.77560944191323","4.83861569507875","4.94937994883837","3.09834695426024","3.25709519384359","3.88650404225898","3.62564790864033","3.15558730477948","2.96561619466374","1.11677493458146","0.929681521135013","1.02056616793198","2.0371251352841","2.16668838721926","1.42962432529499","2.65308888983975","","","","",
"Armenia","ARM","Total natural resources rents (% of GDP)","NY.GDP.TOTL.RT.ZS","","","","","","","","","","","","","","","","","","","","","","","","","","","","","","","0","0","0.265019424803819","0.269481559954211","0.46429816967471","0.587001273396887","0.315447039873551","0.325824776941614","0.114669585263612","0.177492136329341","0.293454324735587","0.299938081907512","0.591149484619269","0.0332345972061296","0.0217229048828517","0.0102574769913297","0.0158025574327042","0.00929597821347469","0.21347522521498","0.374259981258235","2.65466288053785","2.92345860143158","1.49013408946162","1.09715390175807","0.306948916876512","0.760031512473456","0.22181770783942","0.245815847777951","1.09866113638474","2.20100166948291","2.42190551071811","7.05429982361028","","","","",
"American Samoa","ASM","Total natural resources rents (% of GDP)","NY.GDP.TOTL.RT.ZS","","","","","","","","","","","","","","","","","","","","","","","","","","","","","","","","","","","","","","","","","","","0","0","0","0","0","0","0","0","0","0","0","0","0","0","0","0","0","0","0","0","","","","",
"Antigua and Barbuda","ATG","Total natural resources rents (% of GDP)","NY.GDP.TOTL.RT.ZS","","","","","","","","","","","","","","","","","","0","0","0","0","0","0","0","0","0","0","0","0","0","0","0","0","0","0","0","0","0","0","0","0","0","0","0","0","0","0","0","0","0","0","0","0","0","0","0","0","0","0","0","0","0","","","","",
"Australia","AUS","Total natural resources rents (% of GDP)","NY.GDP.TOTL.RT.ZS","","","","","","","","","","","1.82573261827896","1.79849610270316","1.78991800825055","2.5912839936884","3.96822807599371","4.52463043164182","4.96025699286603","5.29902627849443","4.38713187131316","6.22910529337408","6.34676100710534","5.01787212080984","4.26922408952065","4.23915837033398","4.11842297410993","4.83178579259052","3.35159311111338","3.43625621706477","4.20490600390199","2.96326048547822","3.49861736214292","2.64782212263593","2.486084263417","2.22706966177681","2.06192363661753","2.12157930837785","2.05152656701842","1.81825103668089","1.91521341585692","1.83701904196737","2.73432633187857","3.26407566374002","2.91246931710995","2.4632460832839","3.14042166653573","4.34493817515352","5.29178471306579","6.51438107527135","8.52641938176426","4.96777338406714","8.06660025617252","8.72352035944917","5.29813880381044","5.32011574075874","4.76093943711509","3.23765474517452","4.08098789525561","5.06804774011339","5.22752063881788","5.74886126457436","6.09315865556076","13.3578752832739","","","","",
"Austria","AUT","Total natural resources rents (% of GDP)","NY.GDP.TOTL.RT.ZS","","","","","","","","","","","0.400546341519539","0.387714162325778","0.384089162605966","0.453572106180284","0.717174648183114","0.646045278259986","0.666356150269133","0.527354421109549","0.492163619825997","0.675440483192937","0.66746395942607","0.604760312019152","0.469921664124971","0.449535576011637","0.434670440556086","0.436100794349791","0.243040259717868","0.205204319397335","0.210820405829208","0.271464669059182","0.258750692924662","0.163916371764872","0.128975832255952","0.128355630895217","0.125142191218122","0.122347060341747","0.143216446581989","0.133085932441782","0.0922215792820081","0.0993842741345378","0.154666489550113","0.159532033834928","0.158690317496488","0.151822926462491","0.131901261003047","0.146449379074254","0.186311361086543","0.208437154382889","0.258181874700959","0.167599741014842","0.216291377827594","0.244690493569111","0.238508218256069","0.218675365631407","0.191846540562628","0.134711076032329","0.111042441021613","0.121957004315667","0.140755073164382","0.110022913288221","0.07085049948111","0.117855774382781","","","","",
"Azerbaijan","AZE","Total natural resources rents (% of GDP)","NY.GDP.TOTL.RT.ZS","","","","","","","","","","","","","","","","","","","","","","","","","","","","","","","17.7278129354272","8.68334132986675","","41.0109886740765","44.5967524687686","26.0039043047449","26.0389631948694","18.4331495362395","5.26124571558297","17.3919391279831","35.0771900902615","27.9091787893391","25.8803395854058","26.088568051437","28.7444372660525","38.5912506202751","41.4702603073283","39.1423596411944","43.040682245059","29.639296394547","27.8844974121657","32.878647863762","29.0119697503912","25.5323883349298","22.5181229967843","14.4439997922585","14.7854023448198","19.6746501247433","27.6209320144449","23.4349054129318","13.0027347945894","29.9383945565987","","","","",
"Burundi","BDI","Total natural resources rents (% of GDP)","NY.GDP.TOTL.RT.ZS","","","","","","","","","","","6.75179243610598","5.38352192015516","6.30829520929673","8.73543999776321","8.53403130645269","9.72861507991445","8.01546941205375","12.5079383280415","11.6536279070685","8.38373040902871","8.97893496518094","7.57807236432871","10.8146641849216","6.54287623578637","6.77837470134746","5.93607795107987","8.5754324322928","9.32629775954397","10.3888577552606","10.6546944331069","13.3710325485084","12.6945459260951","14.0206683948811","14.2386485803442","17.0617153405694","24.0289135102954","28.9246630230297","23.6215639518173","27.019238377295","15.4172437381217","15.0609351884312","18.812078088637","24.3014254644156","40.4921952045604","30.4545201860965","26.6807675145409","23.9491794618101","32.3563567682481","33.0482440437363","30.3366575642074","23.8533757417192","24.9891589486881","17.5501999315408","17.7328553188701","17.4547483367972","15.5344531520944","19.1016499815056","18.5076749744059","13.4317629933204","13.1274376353104","13.8475521568267","13.9570339894077","","","","",
"Belgium","BEL","Total natural resources rents (% of GDP)","NY.GDP.TOTL.RT.ZS","","","","","","","","","","","0.166720805852942","0.155175694243789","0.125280839839213","0.112050270548738","0.144268157455947","0.245235091361381","0.264358608803277","0.217207494671792","0.162840366805855","0.136435837454277","0.137648241732599","0.202201670072621","0.257546550999348","0.198602976986973","0.167176950009161","0.159111976092052","0.0917054460044947","0.0537848016646428","0.0379531271907621","0.0449648726814043","0.0455475342819501","0.029392012155203","0.0234786815946488","0.025368826442348","0.0233075633423382","0.0211369817546094","0.0226157229287321","0.0203827842039833","0.0234067095603208","0.0228235273408572","0.0246158713800549","0.0209970416496101","0.0236396361540334","0.0216927905709472","0.0158636559921044","0.0157284423744799","0.0192820878224606","0.0190730940958636","0.0183626272056819","0.0173168270083258","0.046971721948549","0.0658456068279226","0.0633726115847057","0.0591221259863187","0.0681065559752469","0.0352518039794327","0.0303780062977737","0.0371502006793434","0.0484487814693338","0.0422427798272169","0.0284876381171316","0.0448914290094104","","","","",
"Benin","BEN","Total natural resources rents (% of GDP)","NY.GDP.TOTL.RT.ZS","","","","","","","","","","","6.70734124614113","5.79302297530211","5.34084275704274","7.26543586001948","7.30053186653568","8.24811696073847","7.17067351693105","11.9754481763515","9.87506191111996","7.16735084170915","7.31176043884876","8.44352077940067","10.47772377555","9.23122618194265","9.87296573274717","8.35898246635467","7.58341909212133","7.14629255492579","7.04025026675876","8.27974889048095","7.96244835206467","7.16256774709576","8.98935720487977","5.75414194212418","9.16848910994516","9.20305097948777","8.30238134307419","8.01233326007953","7.52824530561227","3.14792574635172","3.26095148548745","3.08482932392509","3.30280929086919","4.14024746183491","3.12542829249992","3.07234403993019","3.0487620934124","3.6269150463223","3.64875464694908","3.7029183280864","3.42232994008176","3.47893234434337","3.92162835813785","3.56116585676154","3.70461552370497","4.30030313599698","4.4537224695981","4.09835325309901","2.60830727598415","2.46799590195586","2.42798483756811","2.30442028320417","","","","",
"Burkina Faso","BFA","Total natural resources rents (% of GDP)","NY.GDP.TOTL.RT.ZS","","","","","","","","","","","6.82211867501044","5.717049046642","5.4800450574577","7.9999262761063","7.99075804413878","8.75281726762481","7.53390289320968","11.8602732911478","9.35616803031708","7.40151103111159","8.32728354037215","8.02474857782592","11.2825956149589","8.21124482452801","8.60982356569787","6.14302586324529","7.66469160714263","6.548260423316","6.51432087897833","6.70020842635896","6.81625243815519","7.26046395583746","6.38594325517431","5.60307109871254","11.6033059336286","13.843726322489","12.8265050804085","12.7584218450444","11.6835551560442","4.63222320225907","5.33460866542021","4.7678329673339","5.7281615453601","6.32363457743713","5.43726005672726","6.37352650275332","6.43344765321295","7.8129241337381","8.59697070774107","9.57845327918773","11.0860921412972","13.6361933357251","12.4016028413011","10.7523406528446","10.3109055603822","11.6328502278275","12.6155172354896","12.3099089646115","8.87619594401664","8.32797318460633","9.17782687692865","20.1354014379911","","","","",
"Bangladesh","BGD","Total natural resources rents (% of GDP)","NY.GDP.TOTL.RT.ZS","","","","","","","","","","","0.326560893035859","0.304763457232683","0.382448023577422","0.549827752631731","0.423691747807607","0.584495581917578","0.767371749363743","2.56785261364521","1.8249629940207","0.693956305275022","0.766135473162533","0.546744126402728","0.870437532799511","0.686116744519493","0.53575768794391","0.335445824458567","0.668100156202787","0.581090658521554","0.549496598855429","0.615855369464613","0.686510706810621","0.628027177658942","0.654704269151057","0.582732541029045","0.600057139596724","0.668909980730037","0.590055045886","0.511157807467368","0.537803801940501","0.663669373400762","0.923670143871526","0.95102951129156","1.15631580460455","1.1726703179764","1.25033088137691","1.42150860907864","1.62191450084584","1.28014684364958","1.24590842426876","1.19267876534874","1.41590969915937","1.58942506825245","1.55456977469424","1.15168388504547","1.0471807482358","0.899813880185078","0.716140756665905","0.710420009979719","0.649238822939078","0.637717563815013","0.560867699425496","0.610069177584654","","","","",
"Bulgaria","BGR","Total natural resources rents (% of GDP)","NY.GDP.TOTL.RT.ZS","","","","","","","","","","","","","","","","","","","","","1.84565645890179","1.96561435488843","2.05125743024026","1.49283027098411","1.29223155573136","1.65953520689263","0.807505167730179","0.552177362028996","2.97602354735435","2.73713710437441","1.11438192336028","1.38922350558753","1.38870788658558","0.977500985414262","1.09498985430188","0.853350672167653","1.00162472163927","0.969971853679339","0.537067260909246","0.617206953468906","0.682250473694737","0.714335209608195","0.459805802148112","0.430571953471522","1.13721174341521","0.981901509777394","1.83143811540013","1.6864723678113","1.97470276622532","0.704216078965934","1.67975403719023","2.14267004784609","1.60464880529568","1.1076323174832","0.784766836474764","0.6587242316101","0.526340830586215","0.749247066231762","0.678372706778028","0.580269555247755","0.618935967577506","0.917744335906696","","","","",
"Bahrain","BHR","Total natural resources rents (% of GDP)","NY.GDP.TOTL.RT.ZS","","","","","","","","","","","","","","","","","","","","","71.3393304804284","60.6677370225297","34.7756748440513","32.2435994918753","34.6847206034164","33.9345144741502","28.2159970267233","33.7458417423417","26.7828579624703","34.7461741237401","40.8740682384437","23.6193077854387","24.1753653686519","21.4839214614228","18.235083153916","18.958919570053","22.4740735880541","20.9239457699085","15.1566374540832","18.9307099565332","22.6166110930815","19.6064806102315","18.3096740288898","18.2515226696453","19.5474993928405","23.5501782556664","23.9324887044813","22.2759061285424","24.8161182032708","18.0762091411409","20.4621165633706","26.9949431372074","23.5822213574272","24.5336335455131","22.4113282575127","12.6346752292951","9.6486154919148","11.1603274625829","14.7513564173951","13.3637839937888","10.7041414154858","16.6400337175308","","","","",
"Bahamas, The","BHS","Total natural resources rents (% of GDP)","NY.GDP.TOTL.RT.ZS","","","","","","","","","","","0.906985201999454","0.84733571919426","0.893551077349997","0.847806842061722","0.747448128196058","0.444608754694519","0.270890813759775","0.293562658991994","0.296956268908364","0.200212488912186","0.226219081925722","0.187229091685762","0.185349292530907","0.140886368617226","0.114903865735357","0.0408415258595623","0.0404236909300599","0.0430349819374979","0.0661437990601393","0.0583698885624857","0.117517922654803","0.0985386018898743","0.0847378457760751","0.106734839094133","0.0823949449552514","0.0939755068763486","0.0800968796029261","0.0406913459063713","0.00982060005443367","0.00894710566624494","0.0065462344231874","0.00672552681484684","0.00802761910159939","0.00711913265164592","0.00632085195324348","0.00625322241800192","0.00740185924800783","0.00786416942490994","0.00881508179515022","0.00862539932676807","0.015294777644818","0.0133672662693222","0.0123502671887337","0.0157205965291449","0.0177506910216208","0.0142629231307782","0.0174296477466322","0.017196510578808","0.0131261113776456","0.0121899442192584","0.0192026251424872","0.0147540061086709","","","","",
"Bosnia and Herzegovina","BIH","Total natural resources rents (% of GDP)","NY.GDP.TOTL.RT.ZS","","","","","","","","","","","","","","","","","","","","","","","","","","","","","","","","","","","0.248609656022149","1.36814058272155","0.0917408632221787","1.91036737563414","1.54826333366866","1.36092469205014","1.2556172695724","1.32134721307544","0.876972619924244","0.823756269015972","1.70617299249607","1.83045077708021","1.64395598738016","2.12464876712097","3.63776732743269","1.45852244978434","2.72228942887324","3.52625270170032","2.2205854902667","1.76161048085692","1.23632273750299","1.0186279504412","1.04695668588363","1.28162139967933","1.05259180342277","0.800756928062343","0.7812488464624","0.813398711441269","","","","",
"Belarus","BLR","Total natural resources rents (% of GDP)","NY.GDP.TOTL.RT.ZS","","","","","","","","","","","","","","","","","","","","","","","","","","","","","","","1.46495317023793","0.699615527627753","2.26416851675533","2.21248202232482","1.92293267171276","2.29540392663341","3.37119722373573","3.18802305084874","0.79713486531659","1.72073029417856","2.54557671523974","2.14528094220705","1.81125653175824","1.76539619642518","1.79153055739652","1.76999857555488","1.67789507585865","1.55510160465908","1.60385129982227","1.14110578701464","1.2135788388197","1.6541017837394","1.72782026745452","1.43580105606","1.32461564136151","1.16867046065759","1.24276957113325","1.56417583319201","1.98128406238056","1.66960534709783","1.52063831654103","1.86330240223309","","","","",
"Belize","BLZ","Total natural resources rents (% of GDP)","NY.GDP.TOTL.RT.ZS","","","","","","","","","","","0.993307334043983","0.890162687149574","0.817435115175508","1.32184713319987","0.992842713017703","1.21772070905146","1.13198492989767","1.06115934450631","1.12096925040997","1.55744855218411","1.31899914769082","1.0980515425706","1.72491766728428","0.983097545178214","0.660556480895898","0.563075709885316","0.458824722665737","0.768025229925464","0.666135185141073","0.650219921896862","0.572758685347127","0.535944914133926","0.47752264160565","0.436250448086704","0.397405387876174","0.4873231540489","0.409891121326979","0.396693346471525","0.331381514331657","0.282795926405084","0.205648153993696","0.204856054940229","0.214525511494211","0.209561895130113","0.185339714258494","0.216624955471021","2.3394592469035","3.04354958283073","4.78778762102232","3.21021774100455","4.21853544863999","5.75130266465738","3.9491024337509","2.7478714589422","2.06063048735068","0.832694636763692","0.707884094800211","0.740544655771488","0.796890251194486","0.584709328866043","0.478914006262091","0.523036536890701","","","","",
"Bermuda","BMU","Total natural resources rents (% of GDP)","NY.GDP.TOTL.RT.ZS","","","","","","","","","","","0","0","0","0","0","0","0","0","0","0","0","0","0","0","0","0","0","0","0","0","0","0","0","0","0","0","0","0","0","0","0","0","0","0","0","0","0","0","0","0","0","0","0","0","0","0","0","0","0","0","0","0","","","","",
"Bolivia","BOL","Total natural resources rents (% of GDP)","NY.GDP.TOTL.RT.ZS","","","","","","","","","","","1.99545883045688","1.60568602023854","1.60774067196897","4.62783678157376","8.57918560262433","4.71568892233748","4.28977128412561","4.93349327282901","5.2938418538521","8.8102393990601","11.6971201422054","5.13576825558408","3.88183938441437","4.69810993606131","3.90523863325772","3.51239464709064","2.50385639964433","3.61638536540683","5.36042214815822","7.4237948553511","7.28776717511939","3.86536252330757","3.83579549195986","3.64155613379886","4.41108909617144","5.11080000814782","4.73280305606934","4.01382529219893","2.23594806398861","2.77497627522259","4.61282788346862","4.33368686543391","4.94485124710044","5.31627802754268","7.4299811875095","11.5452208680479","14.6334565247073","13.9849345825977","12.7766867611472","7.44851742232197","9.16161212209317","14.001095606139","12.3531411069095","11.9598682861297","10.5328802221264","4.11807754841214","2.97275312620724","5.01456692473101","5.37166725772886","4.09529358747088","2.7203797976672","9.46769419569564","","","","",
"Brazil","BRA","Total natural resources rents (% of GDP)","NY.GDP.TOTL.RT.ZS","","","","","","","","","","","1.61330030982628","1.39264441373664","1.38003707047932","1.40788298659705","1.83087242188651","2.00567768248299","1.93362759577417","1.76823165078168","1.69806200881092","2.36476911799912","2.77080988581465","2.4347097567803","2.68175882307319","3.513261433871","3.5338366382632","3.80860118136164","2.3664187207187","2.65274212548969","2.35076334658211","2.30401251802806","2.68167389862843","2.32109734238196","2.48015551009855","2.05663127242723","1.37319774228072","1.14877560865906","1.14889170835858","1.03895894476099","0.962811621846264","1.71450974118159","2.15912007223176","2.23774123802714","2.8154673100718","2.70034429443933","2.53496036492128","3.65047497650545","3.82714515901824","4.10201494553661","4.7760488329414","2.38487387569911","3.64871282999395","4.33686638966397","3.85552495977285","3.78686028400519","3.28623279487755","2.35832735012319","2.43013532231265","2.73375767842298","3.61759120230309","3.21717303299592","3.22987656043381","7.94111199933246","","","","",
"Barbados","BRB","Total natural resources rents (% of GDP)","NY.GDP.TOTL.RT.ZS","","","","","","","","","","","","","","","0.350418652416126","0.334129284177781","0.396754188745285","0.346395217055425","0.389467425885756","0.880396232887003","0.790167198077343","0.426921047606178","0.296856408936094","0.542142113569443","0.805267489915018","0.783951444284363","0.257829883393311","0.331409509324591","0.20254243234365","0.26508625426957","0.420228750334141","0.230289623411501","0.275134669548413","0.24914883503728","0.223828846014171","0.258669173463335","0.230653856863165","0.176665303195437","0.144360374300053","0.272777479325596","0.380670352993213","0.246298575712051","0.243476236193269","0.22450334353528","0.23925567556558","0.356611997189558","0.397643724326972","0.354933567682052","0.400710135217005","0.217755377729703","0.297144735120965","0.478258261538397","0.455018922008083","0.383795670096944","0.327779295536994","0.129202531392543","0.0966644797426343","0.13228226291345","0.214063429251287","0.230547661622418","0.138343276363777","0.328405869203115","","","","",
"Brunei Darussalam","BRN","Total natural resources rents (% of GDP)","NY.GDP.TOTL.RT.ZS","","","","","","","","","","","3.1223848976925","3.31998435488875","9.96079848698807","24.8462723103536","62.6066949632889","65.5154368311645","69.5544887840784","65.35439118757","61.720982948731","","59.9004315226865","39.2975147095092","24.4442998217197","33.1713091192494","37.9330038895309","34.7995986956058","33.9562595972498","35.1004069730623","26.4239625063631","32.9595689344962","38.9442334526855","24.5444897748744","26.0034551280989","27.5414502126718","26.0634043120685","23.9593323667548","26.9444100718296","25.8932437123593","18.2806644004442","24.3701807888526","34.9806797269488","28.0689587422791","25.6090865095569","28.186665250467","30.6736955466632","34.870561902884","37.4065877795075","33.5991567858711","31.9744920960436","23.5521044849525","26.7152441963854","29.6086211413466","25.2092889599313","21.4732323194006","22.0986474634681","18.8982989274798","15.6737709259074","17.1505902720615","22.5076667399112","20.8493177212138","13.7524545777569","24.2800139399884","","","","",
"Bhutan","BTN","Total natural resources rents (% of GDP)","NY.GDP.TOTL.RT.ZS","","","","","","","","","","","","","","","","","","","","","14.4060852475573","11.7053133936962","17.2879710771912","10.6667344334234","8.62081863986927","5.91255720226313","8.47256742362119","6.15214136489004","5.75256642731219","5.7649077813051","6.2621190380538","7.57357543047097","7.94072808955455","6.51762391632971","5.36071134054987","6.1254404510305","5.8349893078325","4.28026008090708","4.18976747526365","4.28453588934316","3.99249791992571","3.85986523622213","3.57415905695312","3.33824659651879","2.96502678462155","2.6909483288888","3.39463477873421","4.30343281187343","4.20220994620471","3.53573296043821","5.30448103550043","4.92099178553179","4.25283283104005","3.47642434931993","3.4188576402575","4.0282954127605","4.43640193256866","3.36403341231926","1.98850743903733","2.1900698281611","2.79203234949683","2.73325446048629","","","","",
"Botswana","BWA","Total natural resources rents (% of GDP)","NY.GDP.TOTL.RT.ZS","","","","","","","","","","","3.1539871567487","2.10662941293803","1.88880476141673","2.45821339454053","4.71547413802842","4.50437561460799","8.42668402298768","7.20883695872298","3.5853846648505","4.77198382565836","4.31752918480549","3.14247228662862","3.49473617688353","2.30324418106768","1.64485337986057","1.88553881942524","1.48504010770118","1.14242972380008","7.25076480890219","5.5697917729506","2.04902385582127","3.070979269326","1.97153795463796","1.14828195290547","1.62952199048033","2.32135451850578","1.2490411836837","1.38262764865296","0.852197294186411","1.35861662081351","2.37714702277095","1.16385362507893","0.914120248089873","1.93144907309188","3.22396760199793","2.34343304226201","6.44214501334577","7.41241849763415","3.96220451892022","2.2457224349065","2.10519505915873","1.89428505199175","2.25863530970605","1.42514080375562","0.927757760163875","0.804774555171728","0.762292638118151","0.880112468848718","0.869694754311434","0.656053805525875","0.675042393475679","1.03853443914101","","","","",
"Central African Republic","CAF","Total natural resources rents (% of GDP)","NY.GDP.TOTL.RT.ZS","","","","","","","","","","","8.23424630585922","8.06681115669064","9.00910875043085","12.1458882060324","11.3710603689298","10.4601226359877","8.59719839790315","11.3529502830117","10.5583932570226","9.3862613838053","10.0920450629049","9.87266053457357","11.3446708331431","9.20741189969057","9.01827799160902","5.48291975769364","5.98444005599789","5.42855292552335","5.53049968134074","6.12900263539733","6.36218527896026","6.17153668390898","6.89469255761926","6.52279360281746","11.7665873676875","12.3967733718779","12.0071547470753","13.1964001171988","13.5362576835447","9.612906860768","11.1834541155259","10.8709245460195","11.3592017688794","11.7035944958621","8.16831180133758","8.63532012713763","10.0149391864689","9.94773670399437","11.7427274520468","8.76357439936913","7.89856275992667","8.45049853159435","9.16768384336065","13.29568815319","11.2660722533116","12.6926233912315","13.0582628938186","13.4175903775497","11.1787424768372","9.81112301862311","9.88532886509892","10.2601957578803","","","","",
"Canada","CAN","Total natural resources rents (% of GDP)","NY.GDP.TOTL.RT.ZS","","","","","","","","","","","1.97883548476178","1.68765051266342","1.76968831431431","2.91469825076744","5.73857768623766","4.63818460956733","4.15553992219347","4.33594681021949","3.9435407894632","8.45963339670007","9.04855856351785","5.82610102003029","3.2491612073497","4.28149482838967","4.27715647839391","4.19241992197057","1.87617525224145","2.70475406044989","2.72005770603422","2.66632156919484","2.75149660597247","2.10518930781771","2.35646663286738","2.61882501357104","2.48735968532937","2.48630196327422","3.20298844899117","2.71190740654354","1.69513810815863","2.36216086159937","4.60751758237025","3.49736523473696","2.86861445184707","4.12923765244659","4.43821726904446","5.56481908611814","4.0838166222725","3.90022693990303","5.07361690424834","1.92304119754021","2.12754227247051","2.59347020768665","1.44307674491624","1.71420267216183","1.68853293506066","0.332933838108915","0.786494936523475","1.19690470285221","1.79820431653194","1.93317583033348","1.24181874632923","4.94905581435186","","","","",
"Central Europe and the Baltics","CEB","Total natural resources rents (% of GDP)","NY.GDP.TOTL.RT.ZS","","","","","","","","","","","","","","","","","","","","","","","","","","","","2.73976176987454","3.3935678387807","3.49294804045179","2.65955277684575","1.94745281420474","1.60789893982955","1.36901481119056","1.06554758953066","1.13584750656767","1.04477349158135","0.953530723981296","0.506096982252778","0.594974204051962","0.950369177846479","1.03321489830922","0.754427201178794","0.727378036736163","1.12143775161917","0.974414565475794","1.20722441678878","1.05716609750703","1.55320592884669","0.897497504053009","2.20029142072271","2.86079325350294","2.06986506714949","1.76799099237058","1.6315938785022","0.825631164079889","1.01596210364128","1.46868532445192","1.37821407820822","0.587609626655767","0.476125016276764","0.786955582401545","","","","",
"Switzerland","CHE","Total natural resources rents (% of GDP)","NY.GDP.TOTL.RT.ZS","","","","","","","","","","","","","","","","","","","","","0.0583477574755523","0.0528346275517151","0.0457506263005582","0.0377489903636084","0.0423731952549756","0.0395717424102526","0.037128723027519","0.0298605489726404","0.0283911119785343","0.0329601106001632","0.0386096534590046","0.0210511330775071","0.020686004971823","0.0205399061352376","0.0195523824339793","0.019344501065301","0.0184092683245298","0.0195028572201222","0.0176056456990415","0.0170124455735738","0.0339378282692173","0.020027551740193","0.0174874465729194","0.0179605826583903","0.0139653911937158","0.0146097923245434","0.0174346266304433","0.0193040083982512","0.0170877778380369","0.0149515003832237","0.0153502739851764","0.0129731788701895","0.0116054102262085","0.0122925706275075","0.0133939110821008","0.0106918477707141","0.0105099534065671","0.00979558760538153","0.0130088671838284","0.0091832516564973","0.00802785319765779","0.00910740311945595","","","","",
"Channel Islands","CHI","Total natural resources rents (% of GDP)","NY.GDP.TOTL.RT.ZS","","","","","","","","","","","","","","","","","","","","","","","","","","","","","","","","","","","","","","","0","0","0","0","0","0","0","0","0","0","","","","","","","","","","","","","","","","","","",
"Chile","CHL","Total natural resources rents (% of GDP)","NY.GDP.TOTL.RT.ZS","","","","","","","","","","","10.1337971525781","6.60493057257233","5.79741785753672","7.36475733501654","11.1469005022528","13.2400638141578","12.8977687651848","8.77587881957493","7.54057954192026","9.48990916461053","8.71519847548594","5.56381496748019","6.62939973489201","9.16236173269569","8.09788641648206","9.03292014450356","7.08457413109978","8.58218696306459","11.8720794878324","12.8332145779434","11.1674175940099","5.94722567017809","4.63171552198061","3.35411622206962","4.8849330643983","6.55630977481336","4.95869610912803","4.60520277817387","2.51172777125851","3.6694603049762","4.87094937341686","3.94016087143578","3.69658229472728","5.01162090891452","9.56665341226193","9.79630843278012","17.3488493708667","17.1517567156625","13.8254393455321","8.79204050030603","11.9881628362203","12.1645185437385","9.05442637303188","7.66232423505302","6.87780503013052","4.04461870413776","3.20569572328577","5.30261792520974","5.83707726201581","2.56889266052365","5.48716936741024","16.9044168802743","","","","",
"China","CHN","Total natural resources rents (% of GDP)","NY.GDP.TOTL.RT.ZS","","","","","","","","","","","0.840416943708215","0.773897108383394","0.895123275339724","1.79558411793063","5.00070904496983","7.33042405539159","9.22371412496225","9.60235224195703","11.2104687263013","17.0999242275286","19.741557918563","19.467446076565","16.7508523318146","12.6162173602657","10.3999047481946","9.78977585019452","5.75920686839352","6.49280601379339","6.28565315693549","7.05998093097386","8.63870038140403","6.08171887067132","5.33846886521972","4.4490741652727","3.28088501510221","3.26699888521005","3.00480163840847","2.39155664717565","1.71539063096113","1.84532736658367","2.6977401923859","2.59237672666031","1.95629636692387","2.01790669504299","4.72487591845752","5.10277288536313","5.52119781017524","6.32787936346715","9.6484135442271","3.91782120825988","6.2867264165298","7.68520289897261","4.0884931932087","2.98307168349706","2.31013480472694","1.17476659078236","1.0524740832802","1.31423766724865","1.42518421392494","1.26691367576973","0.863774740928771","1.70756488252672","","","","",
"Cote d'Ivoire","CIV","Total natural resources rents (% of GDP)","NY.GDP.TOTL.RT.ZS","","","","","","","","","","","5.88211960748263","5.64893582443539","6.24912983609408","7.46318789264459","6.97736372517021","5.73987904350225","5.84187720102765","5.2925209975451","4.33407992517679","4.7895015532176","4.92349095170293","4.54771649448935","5.51492457907009","5.73408169227322","5.26549184879047","4.57801260968679","3.56320419608402","3.29287411035561","2.81389097771771","2.93839141128914","4.08956490608254","3.47748565263375","3.46029006444351","3.38754855261651","5.29950791803271","5.16486501492941","3.10906315979616","2.79707040165525","2.46774712006096","2.23064062431383","2.86211491053466","2.32208785748223","2.45890647990383","2.64883554896755","2.49321707811937","3.71197677716882","5.60158447625658","4.9838724678869","5.56200251854781","3.87323197312723","4.33013803473931","5.53239950172039","5.36757176448081","4.15503587681362","3.41935511091434","3.07259669730878","3.23053071841614","3.38876801583982","3.10996909544373","2.95827158248838","2.59163858078542","4.73502206212113","","","","",
"Cameroon","CMR","Total natural resources rents (% of GDP)","NY.GDP.TOTL.RT.ZS","","","","","","","","","","","3.9056080686076","3.44997096942163","3.40293940698369","4.16426611493589","4.46539196756751","4.14874628645289","4.29183538065111","5.50587069688216","5.258276204833","8.6753319317877","10.665759917148","9.2169659100934","6.89224737528175","9.03755710702326","10.4276064282249","12.0212500844164","4.42594525006075","6.46397291302272","5.82856800063092","10.1594216647002","11.9086296967309","7.76889322336422","7.80091581012743","5.29907362885666","8.65495242504441","8.98379335404863","9.19379916300563","8.90970986050162","5.51531751570534","5.15124734114853","8.33574817486337","5.68439536844397","5.27982808459118","5.0826805069134","4.73178788679167","7.39166566634719","8.54390800832229","8.98192175035093","10.0769277835546","5.82385438485316","6.92041886170631","8.16416608406496","8.40581417479506","7.33302882488587","7.03590731300358","5.63563339959601","5.36737216526029","6.08352640758934","6.10463986256462","5.55584424286198","4.34202268521826","5.52598268395679","","","","",
"Congo, Dem. Rep.","COD","Total natural resources rents (% of GDP)","NY.GDP.TOTL.RT.ZS","","","","","","","","","","","11.5046853227158","7.72327726191126","7.43392562272526","11.9960503859177","11.6583916855696","6.71984207250208","8.1737053449497","7.88149912064675","6.42880460245793","8.436072055967","10.6395169208555","9.82072833832507","9.63848872576461","10.6597698511749","13.4416318491215","13.2611891160138","12.7478537069267","16.4658779391934","19.3538876984561","20.3570439094778","20.0654594433289","13.3310087682815","15.849972288394","10.7154645334115","23.5633733588919","36.2921410617751","36.2990334122152","32.2278074977846","32.1829001126895","28.4965787872588","7.51126046065517","18.4200094895652","18.8676859222972","29.5533566420657","24.0864214623167","23.7428655133964","24.0258161811706","25.7637080243213","28.4584070916592","28.261800820164","25.9608846428413","28.8830474855316","27.1229704627568","25.746219512295","24.5568779878184","20.1093927301662","20.5721227000572","24.7656558437341","18.4167757889728","12.7500585788424","15.9281973313702","38.8272665239082","","","","",
"Congo, Rep.","COG","Total natural resources rents (% of GDP)","NY.GDP.TOTL.RT.ZS","","","","","","","","","","","6.64483208044262","5.89798568466017","5.74750804951389","7.45591229078477","29.5241490629841","17.0646401469805","19.7434495458121","21.7703953144671","22.5804659965101","43.0659126477545","33.8386873025772","20.6974005938285","9.91090162200608","20.1874480240288","24.3770640167178","26.1502684270415","13.4057657739929","21.6894901597359","22.3720464943537","36.5775807866716","42.7260969986879","25.375432599605","27.615953975567","32.036674252406","39.6825674039049","39.1289096653397","39.2687753315493","45.5915923371128","30.5229307392362","39.2437225352843","59.6838725227388","48.0984534986102","46.645011436159","39.3172945315231","40.0820482272883","48.0989114251068","53.3147620920685","47.4870837640152","52.6445029945798","35.5779092675085","43.9398414162223","51.8437302128778","41.3573491386651","33.1448495573332","27.6582312920434","15.885704604199","17.0000392659621","29.8063807729514","42.6682046537325","39.2430391553175","26.2181324216101","37.7125480946685","","","","",
"Colombia","COL","Total natural resources rents (% of GDP)","NY.GDP.TOTL.RT.ZS","","","","","","","","","","","0.971130535161595","1.23438280998411","1.29333669655888","1.76450005369904","4.75675236217101","4.63550477940996","3.98023301354462","2.76586869988934","2.45162230150973","4.31749348621964","4.87046442956039","3.96009110273866","2.80472484483233","3.42751874293806","3.5938946568258","3.95951373552137","3.10535994984469","5.14044865983841","4.02186465581087","5.89175959366568","6.90290637643892","4.19951137793811","3.65200984470421","2.98064670992827","2.41695103636019","3.12840978420135","3.72384039434735","3.06670230612638","2.05430024171781","4.32181182919172","5.79241275178545","3.898278216233","3.95007189063968","4.56302920257189","5.92813672580534","6.26115845587611","7.29062678619221","6.6997731158152","8.78822691726813","4.85703346033699","6.70109253013503","9.86049155221695","8.29683079092449","7.3843393604104","6.53057789835517","3.70587614553491","3.09947714544169","3.72823321108347","4.940258188938","4.30433092902696","2.55119417609951","5.32396445388134","","","","",
"Comoros","COM","Total natural resources rents (% of GDP)","NY.GDP.TOTL.RT.ZS","","","","","","","","","","","","","","","","","","","","","0.814546844007259","0.811701996052721","1.28846170265126","0.793048315135405","0.769874522955636","0.516529285634037","0.619038524904053","0.505536403155049","0.546126078404436","0.599385261262843","0.733042703680398","0.752536473967662","0.732272832794765","0.633194861811434","1.09160634596395","1.68993932810546","1.72539613160936","1.76066086457314","1.83249756382208","1.27104755225648","1.39951988105558","1.27343022376926","1.37514673190594","1.65536751885293","1.23259320703783","1.29730854580131","1.26530963882956","1.58338531970231","1.71669245535594","1.74911916314292","1.59344239758779","1.63354218561465","1.91653686564634","1.84106336379863","1.97695678379704","2.46576426845081","2.50675650816682","2.36385311111587","1.55194278873705","1.48652356146246","1.59920965443734","1.62843413378353","","","","",
"Cabo Verde","CPV","Total natural resources rents (% of GDP)","NY.GDP.TOTL.RT.ZS","","","","","","","","","","","","","","","","","","","","","","","","","","","","60.8796729017154","60.0629565311657","70.3592648621057","59.4333436553037","56.3332448772327","45.7077442097603","27.1444086620911","28.7234814829324","29.9993587098815","29.5237149865058","28.6220609982413","22.5622500835649","14.2843908832858","17.4649201812329","24.2633064289875","19.1975373411355","14.3561834653377","25.6539720118683","32.1530220394275","30.8532933725145","22.0523330657685","49.2057876087633","21.7497375837386","33.2873704914624","40.1340983255841","25.055847063546","16.5579387748728","12.0093542433174","9.49812397150104","10.1923207968108","12.3203094483764","14.343668170972","13.1611296712207","11.5827986817016","17.6577234520724","","","","",
"Costa Rica","CRI","Total natural resources rents (% of GDP)","NY.GDP.TOTL.RT.ZS","","","","","","","","","","","4.1381093479382","3.81416475888186","3.96846111840314","5.86324949378323","5.390086997843","7.25532165838192","5.57056100054415","5.77839973265896","5.62614581157511","6.95956771927222","5.35292211938217","8.51618483880154","12.0102516165451","5.07941728214559","2.93758009771221","2.44375554019942","2.51558334113549","3.25696100718751","3.04797984016949","2.81183420537514","3.29362536409102","2.7705851981399","2.57139424487584","2.20327488825599","2.36855202407589","2.90594941109728","2.57877076272718","2.28730285708989","1.51817198447363","1.15423351439575","1.01441557771135","1.05121844888149","0.981118861036768","1.02044880139504","1.00110593588162","1.12142978712725","1.49198409303492","1.63840228211153","1.48654911478283","1.2301475943504","1.62716715850808","1.26384990129987","1.2425772572914","1.34122901696494","1.387670718648","1.13397448273593","1.23322083330008","1.13383955527767","0.945537295658598","0.759689840900586","0.904748239780319","0.763407374189705","","","","",
"Caribbean small states","CSS","Total natural resources rents (% of GDP)","NY.GDP.TOTL.RT.ZS","","","","","","","","","","","5.57680083307752","5.22399048212083","4.80041291831336","4.28891165982576","5.52092445796698","4.04612138951367","3.98932796024793","4.2272966752354","3.84015900764549","3.13482012649561","20.7302716044224","17.5748276854919","8.29654517426623","9.3184300046987","9.97805587561796","9.90444063995805","5.85218829817433","6.96347273027406","5.35884239851733","7.5824874931979","9.19105071753038","5.84699018617096","5.53288209686735","5.81022215904802","5.66073052467336","6.03113890771322","6.61228187514655","4.98937229875134","2.70858900218704","3.93180840097457","5.4262796858701","4.14056738211568","4.54870109040218","4.67391932378817","5.20851232156477","7.92869429416839","9.04782500216796","8.52784792905006","9.14138794290036","8.2271906740714","8.62330159035708","13.3015504041525","12.2944961175539","11.5031926556672","9.05600349923898","4.2848647661101","3.82127681559653","4.57139007565753","5.50157511256569","5.16516340339099","4.01790098119765","7.88791358939435","","","","",
"Cuba","CUB","Total natural resources rents (% of GDP)","NY.GDP.TOTL.RT.ZS","","","","","","","","","","","0.871413245874392","0.722411837252439","0.644933508259752","0.587847692926757","0.672692913383691","0.787509328770194","0.845151370645404","0.786682536491151","0.43925773880604","0.843778961882749","0.817020353846739","0.758167049686305","0.604480181788268","0.530018273503049","0.529418950042002","0.597719579112468","0.287335279632591","0.398841269016968","1.53552007339462","1.66008278080847","0.889900006052379","0.974175974856255","0.980780881926143","0.726531018736827","0.749040387549148","1.1031987834832","1.42702180446909","1.13012663531633","0.568750635856304","0.788553451429859","1.9061358593501","1.17627917876909","1.36767488938968","1.92021874871511","2.70599089783315","2.637736541097","3.74613117909438","6.72039794760689","3.18662044497083","1.7631346184052","2.69060313010367","2.92694825350704","2.18752036209115","1.71188160483376","1.66734771791981","0.693800859230045","0.469100172114536","0.66367803344131","1.10185419907902","0.920750895009186","0.565351678337536","","","","","",
"Curacao","CUW","Total natural resources rents (% of GDP)","NY.GDP.TOTL.RT.ZS","","","","","","","","","","","","","","","","","","","","","","","","","","","","","","","","","","","","","","","","","","","","","","","","","","","","0","0","0","0","0","0","0","0","0","0","0","","","","",
"Cayman Islands","CYM","Total natural resources rents (% of GDP)","NY.GDP.TOTL.RT.ZS","","","","","","","","","","","","","","","","","","","","","","","","","","","","","","","","","","","","","","","","","","","","","","","0","0","0","0","0","0","0","0","0","0","0","0","0","0","0","0","","","","",
"Cyprus","CYP","Total natural resources rents (% of GDP)","NY.GDP.TOTL.RT.ZS","","","","","","","","","","","","","","","","1.33558242324273","1.6540805723547","0.730411026613017","0.440335784335549","0.218306989900052","0.149344974402906","0.0896944705506046","0.0811781689210763","0.0852004092049143","0.0723751482220645","0.0693100703438997","0.046626947783059","0.0379449475755301","0.0475562446015073","0.0500361818506939","0.0303952864480007","0.0187457227477713","0.0128024574009668","0.0128980238783898","0.00959880836273062","0.00774000899775011","0.0147205658958886","0.0246337691800294","0.0110822711497632","0.0141093077274847","0.0191984782389763","0.00987827702334223","0.0109470392404487","0.00789406967300194","0.00877046492863859","0.00193200965790521","0.00186320101838702","0.00764839042080836","0.0195934764177584","0.0272664916801355","0.0445722498723438","0.0717517642796192","0.072728856527206","0.0449091633428491","0.0348718589179378","0.0198578971713362","0.00147131380581406","0.0053914863858221","0.00469231201910547","0.00361325176711909","0.0079310862289615","0.0127645649104764","","","","",
"Czechia","CZE","Total natural resources rents (% of GDP)","NY.GDP.TOTL.RT.ZS","","","","","","","","","","","","","","","","","","","","","","","","","","","","","","","1.43334671231639","1.70354684019902","1.10996929899171","0.977474119452411","0.728570452420536","0.746615356396145","0.701959148878735","0.661458599163763","0.515210661088895","0.436825556358793","0.557045437582327","0.778678694450316","0.47003867905998","0.416967463955133","0.888200041529852","0.76785403178025","0.764905941611277","0.695946015888964","1.53373245830398","0.70108342596168","0.965734444102689","1.07008711032612","0.640579925432997","0.382852117100547","0.345428962074698","0.314061907144002","0.310276297011828","0.372292874562504","0.389418621280193","0.399790319341053","0.416571327081177","0.394999591152656","","","","",
"Germany","DEU","Total natural resources rents (% of GDP)","NY.GDP.TOTL.RT.ZS","","","","","","","","","","","0.243896617794209","0.259783001782497","0.22196483821418","0.236370058903682","0.395499191820421","0.764278003293905","0.804260045238619","0.679211567856559","0.505147852708335","0.498226115948777","0.610616968210703","0.966482896088582","0.985564012483947","0.63931904379523","0.518091356526257","0.552657484851422","0.252337888536255","0.149492707169921","0.134667344624283","0.17431176657951","0.23086703036565","0.130095413089166","0.0915064787649089","0.0756219891534557","0.0618221828038375","0.0748695306426973","0.082276615808835","0.0806339060335601","0.0528973819389487","0.0466617970193825","0.0941468902454084","0.131528983850298","0.104825753269086","0.0963792384818933","0.138403613195226","0.138854594958633","0.163910635584427","0.170900169099195","0.305968628578443","0.158934708555447","0.195522369883906","0.228554942117436","0.1648561931117","0.12505562713457","0.0973612592499159","0.0760120087289006","0.0642202510440344","0.0682636663146081","0.0847654608298758","0.0926260316690242","0.0767453976974352","0.0770848993139744","","","","",
"Djibouti","DJI","Total natural resources rents (% of GDP)","NY.GDP.TOTL.RT.ZS","","","","","","","","","","","","","","","","","","","","","","","","","","0.174830504488676","","0.552230097475681","0.562759522869694","0.588732441405909","0.568218462886332","0.583263427907537","0.496362277793244","0.380891593939275","0.418635434843989","0.632478856364887","0.664007194070733","0.676909112820101","0.947348471648493","0.391087417725675","0.382079268168498","0.415974590900068","0.454277724249501","0.623059168138342","0.573154706409986","0.539507984654084","0.616385691846383","0.523310116566421","0.790439021922725","0.743212074330782","0.838156180608274","0.888463490648047","0.945907199473507","0.526727088783967","0.788998443214345","0.662618364843773","0.484424417766637","0.571398008790601","0.278959298930402","0.358531614173272","0.322148755925581","0.277110490356489","","","","",
"Dominica","DMA","Total natural resources rents (% of GDP)","NY.GDP.TOTL.RT.ZS","","","","","","","","","","","","","","","","","","0.190569228471034","0.152935787115245","0.180520043313538","0.153105968731269","0.120961388074794","0.235477935110223","0.072052805526428","0.0377085347156818","0.0216690300467132","0.0189349981061481","0.0162466786941711","0.0142580636132164","0.0133180427385914","0.0424903299693723","0.0460385416149244","0.040582544046184","0.0296385518931758","0.0331806409887336","0.040285356560087","0.0276148169977592","0.0378963294235721","0.030749193943209","0.0254617300675232","0.0249171756986981","0.0242728754618539","0.0221389612774031","0.0228107663152698","0.0220286901534381","0.0216343439628061","0.0286807337863141","0.0270653732412566","0.026123998947793","0.0219865512592661","0.0491548799650004","0.0412282999821639","0.0414520814234463","0.0539374373872897","0.0651451844425706","0.0474677077229137","0.0602343950060558","0.0559454272358846","0.0348243046150246","0.0284260300710226","0.0462893309270096","0.0330678676450178","","","","",
"Denmark","DNK","Total natural resources rents (% of GDP)","NY.GDP.TOTL.RT.ZS","","","","","","","","","","","0.0681236895703212","0.055822086722921","0.0580702341958266","0.0644467311839644","0.05750323467104","0.0627025229054102","0.0696335883641144","0.0890660324370962","0.0780802834339308","0.119545579684181","0.121113480530045","0.198367928817846","0.295145091421216","0.412054411193707","0.455971173683134","0.574785716043828","0.257805309882822","0.333208831007466","0.258014016322381","0.481868105462183","0.55047686901933","0.325339494910881","0.331978946058947","0.389353553697419","0.354976841233315","0.370903244860634","0.537019819498268","0.544009603413417","0.155032601795186","0.548736539146912","1.51892677429467","1.23299491333174","1.17562784999384","1.10244846958108","1.30912670625197","1.72068305179766","1.82155048329142","1.60947260771918","2.10773304572988","1.18379214338833","1.21806959470816","1.63537891856148","1.52209845823621","1.17608346343677","0.983209243067839","0.521484568638432","0.342477974632511","0.470200711781742","0.587862611976543","0.446224762644461","0.162332732247836","0.33866438619955","","","","",
"Dominican Republic","DOM","Total natural resources rents (% of GDP)","NY.GDP.TOTL.RT.ZS","","","","","","","","","","","0.728567422733497","0.782206676901005","1.93534214348468","2.67666623839731","2.67558268354915","2.1673311970796","2.02607388264791","1.79331732731552","0.892600908317629","2.09348745467702","3.12052826225933","1.97339347448151","0.925069502881458","1.09028392575454","0.705552974343997","1.44604970194254","0.566831964434162","1.20252745945999","5.71664846649267","4.48380373359192","2.01017458840216","1.40795463511044","0.802566480155784","0.270241819529112","0.793311412444342","1.14002177756892","0.70339446524712","0.503240742590817","0.0481131529630172","0.190528242624742","0.341026792433444","0.0227890061773118","0.0276477786257098","0.541632394719868","1.21413014952002","0.721035390362793","1.6062343112117","2.52804800376544","0.234147045628384","0.123503913034202","0.172400177111422","0.340210817624619","0.446840708804603","1.02972097005091","1.03750954514513","0.535347858231712","1.2819479321571","1.03534454096242","0.868889463505184","1.05544444208182","1.23931109405337","2.07711318519727","","","","",
"Algeria","DZA","Total natural resources rents (% of GDP)","NY.GDP.TOTL.RT.ZS","","","","","","","","","","","7.89139762018415","7.73825551275711","9.69187373577921","11.5412438120884","28.4844510661463","23.7050346704932","24.6730137652963","24.2575666522682","21.2858880613224","39.0840713137545","31.4905481132839","26.0704654087533","19.2755546256023","19.2386683793611","17.7269351262912","16.2532794265488","7.79806706971035","10.3843346447279","10.3023656851285","15.0746904253939","18.3773769843497","17.1441948451787","16.3874531653913","14.9124077932801","16.433844006441","18.8771195086714","21.1719242100152","20.3327344060761","14.6270810412232","18.6233051712637","26.6868973861091","23.6309412932778","23.4709385218627","24.452322612612","26.1573130077943","32.6800315430258","34.1913224229422","32.0600728476928","32.865091355443","24.2022509333631","25.5383244245491","28.5812899587159","26.2525144621236","24.2231338959379","22.6123097835033","14.9252527493911","12.8191814025545","15.372392970843","20.7172028374976","18.5236789388593","14.0343770936226","22.5902703479201","","","","",
"East Asia & Pacific (excluding high income)","EAP","Total natural resources rents (% of GDP)","NY.GDP.TOTL.RT.ZS","","","","","","","","","","","1.8232204762874","1.81098417110917","2.43988473720725","4.31978704388956","7.85463923198897","9.00823315140926","10.605458728022","11.1659133711404","11.5305948511442","19.1929705511082","19.6627512507828","16.4439688400928","13.4714868988342","12.1642432259618","10.352352383924","9.72653301753906","6.4181714828182","7.63335262423906","7.09334930513758","8.22806538317945","9.26960091059725","6.52439326004338","6.12279932812429","5.19659043764181","4.21663255363438","4.18607062432239","3.95616283218674","3.35651771932069","2.68032862471831","2.7971161618592","4.08275253176872","3.60408777829147","2.95073462414013","3.2036924699227","5.40074676130289","5.92034064392936","6.17500243349443","6.75455424826427","9.50498336416646","4.29151877390896","6.30973934384786","7.63586468386377","4.40483505307138","3.36518084894188","2.77345550768443","1.53497152301259","1.35375893551619","1.64956744994859","1.82587027379953","1.57315718362027","1.1002093847228","2.09969813644638","","","","",
"Early-demographic dividend","EAR","Total natural resources rents (% of GDP)","NY.GDP.TOTL.RT.ZS","","","","","","","","","","","2.76960766147218","3.08233197096868","3.79424305486619","5.39222038259009","14.6453004393797","12.3355023439332","13.6305091679661","13.6232168550889","11.9787816051324","22.1238765454924","21.2334948607752","16.6223715924322","11.9351138766371","11.7207549479767","10.8959092449886","9.89435516800081","5.84942655181488","7.6480033366153","6.95636764634805","9.33773781210579","11.5119360873579","6.97251110581686","6.59065103390814","6.44655208039914","6.18710206750503","6.33419703643921","7.07678723833897","6.04095457462373","4.10152582644521","5.1831147487739","8.07272796824039","6.8145369389328","6.9441137179307","7.61496790297624","9.10298157559416","11.2318140679437","11.9248123332189","11.211751020395","13.7509430221037","8.03812630866397","9.2263971009731","11.8062894708475","10.8092139913432","9.65442750890955","8.30117717044858","4.61984404688585","4.0538908947485","4.91524476316313","6.57948874874926","5.38213363216934","3.85202939747726","6.76810749384769","","","","",
"East Asia & Pacific","EAS","Total natural resources rents (% of GDP)","NY.GDP.TOTL.RT.ZS","","","","","","","","","","","0.872843089954718","0.85962657598462","0.938828406051456","1.50319525225311","2.73560894031097","3.14548846531712","3.43422763073158","3.3940813166046","2.64975604995794","4.28818899340871","4.98074299715419","3.97476375223666","3.51117527886531","3.10460425030759","2.74157859504048","2.73294089445567","1.39180468389056","1.36422683017041","1.24586169134402","1.43032951758867","1.64531524041071","1.12537606196135","1.06302769556785","0.881785650274724","0.767358499940754","0.821600324844494","0.922221972393489","0.86431236540606","0.7271867966664","0.729010889805214","1.07518136788782","1.09794609263997","0.987378983598063","1.07017813346073","1.7977007416265","2.19528872805441","2.61578205304261","3.23082030721566","4.84100213191822","2.32382129136862","3.60614448261369","4.50884052335569","2.736647322394","2.35274735583192","2.00756769805988","1.18305863936144","1.07031413810995","1.34319399803612","1.48989387790918","1.36846364385678","1.06688527132971","2.14386252768639","","","","",
"Europe & Central Asia (excluding high income)","ECA","Total natural resources rents (% of GDP)","NY.GDP.TOTL.RT.ZS","","","","","","","","","","","0.691508496870238","0.660287783036747","0.580501952483688","0.782691076207577","1.18135732065411","0.916591008911233","0.935880834464155","0.819877007022891","0.811207187137414","0.844103057889608","1.31003163850486","1.40008444114803","1.29579898215648","1.09237511450636","1.24392625115917","1.15490166974962","0.747891089124561","1.84671693424766","1.51817945142108","1.67553241609187","4.20064631930485","2.52731492255448","2.73082340359094","2.44563086187767","2.32459544841595","2.10007155378839","2.26246380306076","1.87574465533223","0.690727108837614","1.36216182710541","3.30258366621448","4.36057630036325","3.64673875172508","3.41859349084171","3.85677208540344","4.34874543217505","5.45973925492064","5.60249761771392","7.7877544418647","5.07777945231476","5.91061707477073","7.76770939128909","6.5472320668807","5.6330674536205","4.95976079249803","2.92122011605943","2.6343588265314","3.72787326211225","5.36472692919729","4.32440447920811","2.96661232093406","6.93870414472702","","","","",
"Europe & Central Asia","ECS","Total natural resources rents (% of GDP)","NY.GDP.TOTL.RT.ZS","","","","","","","","","","","0.23981041430234","0.234147013322791","0.224813985017393","0.264210702838168","0.437404440925343","0.578066598728794","0.652589118675887","0.614034776944544","0.534848972056649","0.811907278662575","0.931204861511919","0.995635219965376","0.82980883794715","0.884103138874147","0.907439028592304","0.930784612830401","0.390569064097651","0.427894830932577","0.807913366545296","1.12031945901545","1.34103053390302","0.703791728324724","0.699698799753594","0.724055829670042","0.617503526499398","0.701488694884463","0.805427937678984","0.731867810556702","0.256619244493849","0.497234446001964","1.20920079961899","1.22159514005201","1.07741243781799","1.04921368694653","1.19658002929651","1.47618992087582","1.80362533441561","1.77800347316325","2.53147550629602","1.57724493167578","1.93321292802535","2.65659571614673","2.49314724443918","2.20306005033568","1.88406816994138","1.13825846332663","0.938394466947808","1.29083156248051","1.78224378423001","1.46954054549175","0.886054742651464","2.20775071937352","","","","",
"Ecuador","ECU","Total natural resources rents (% of GDP)","NY.GDP.TOTL.RT.ZS","","","","","","","","","","","0.603234396539406","0.721419590315677","1.45422603565694","3.78153861118502","8.41494089000531","6.5309662715755","6.80686675408111","4.91373417939008","5.46280890720852","11.9762515560887","11.3151910687817","7.98059064689882","5.56219457517817","9.31405506752234","9.93016955124747","10.0118102149523","5.41787935100932","6.09696281876419","7.8987466224537","10.0823954852772","12.9915656856879","7.24141251846212","7.57641297443625","6.94166997844564","6.69476702573695","7.81653810988059","9.06384330500035","7.15232502703141","4.06421827365714","8.23306097190049","16.7324376195742","9.40733648144871","8.38814722027282","8.74010782962713","12.5726365426945","16.8498380565704","18.3894115217757","16.9001920320212","18.9618727793611","9.26408283902812","11.7907315375663","16.5773760059007","14.5265186334151","12.8813253368088","11.5903571785583","4.63202397853143","3.75806780861528","4.98372023451617","7.0964207852671","5.82070104913459","2.92430668533391","6.69943720189179","","","","",
"Egypt, Arab Rep.","EGY","Total natural resources rents (% of GDP)","NY.GDP.TOTL.RT.ZS","","","","","","","","","","","1.717488987232","1.8233715235268","1.73987602534551","1.7873698784169","6.58972626618201","7.95165848581456","10.1700915974632","12.9096830272669","14.8651776417439","29.9127584877985","32.5093693392504","28.5112386391137","21.3062057333095","20.4232098920794","20.6121950721427","18.6372570774192","8.60401133977456","12.859427934188","12.0343641392084","14.8471423983394","17.9211287120304","12.9306376458796","12.1351588413858","10.7877785784954","8.80666206209043","8.46293557504675","9.35519973587659","6.97273046538769","4.33399828725849","5.93374872989679","7.41974591133175","6.46938580220137","7.30037527584326","9.13743176464721","11.3771125904479","14.464485213491","14.8463875493972","13.5101746020733","15.5824855619458","9.1307819389596","9.45061556541184","12.3388401952225","10.7454978351353","9.78188256424924","8.43222797439408","4.12906894708286","3.20908060820144","5.69886428656261","7.59656355901849","5.72496131230483","3.25774327235436","5.1391200748227","","","","",
"Euro area","EMU","Total natural resources rents (% of GDP)","NY.GDP.TOTL.RT.ZS","","","","","","","","","","","0.224168830318704","0.220926458521782","0.214652075368507","0.239162122857087","0.399234829705685","0.525846943384375","0.563082722153526","0.475818988719581","0.377629506129903","0.435877212184637","0.516719854609353","0.589768271542666","0.530896992484424","0.448624194265244","0.397211933416338","0.410408391607048","0.219105940717774","0.148270895941752","0.166310441260247","0.19475775424309","0.182339571363632","0.115641871318165","0.0898011726699181","0.100389530638542","0.092542079700898","0.116954072693441","0.120388709763853","0.117118059443637","0.0610174164366906","0.0636335870629832","0.122488344411136","0.158072530799231","0.127990369166434","0.114904329351689","0.125203549214221","0.122155854888816","0.170463041352021","0.173360055710528","0.24915411896253","0.153108616166817","0.190676285319217","0.233989170354097","0.222549997022356","0.197374970927065","0.153702166059201","0.11077440863829","0.0868586156567787","0.10113778481784","0.123754782030796","0.10105286563487","0.0758111459367709","0.123810772357737","","","","",
"Eritrea","ERI","Total natural resources rents (% of GDP)","NY.GDP.TOTL.RT.ZS","","","","","","","","","","","","","","","","","","","","","","","","","","","","","","","","","0","5.38915220289485","6.08521291013447","8.86572432741363","7.70881214712379","7.71804405641843","7.64973794016653","4.92817247943917","4.92225490549683","4.51420535244362","3.09853412022536","4.52985692591209","3.2592329853456","3.27617159606179","2.81942129990668","3.96277101960281","4.28450780281294","2.40173936826907","2.52187707517148","26.9562621368195","","","","","","","","","","","","","","",
"Spain","ESP","Total natural resources rents (% of GDP)","NY.GDP.TOTL.RT.ZS","","","","","","","","","","","0.200852856603392","0.167307776439676","0.157025643092064","0.251069680522002","0.366228211566562","0.287573268344951","0.311582687605204","0.261397051385052","0.204271239411029","0.235665069507107","0.335313680235964","0.400501071264279","0.444033924753219","0.435796494760506","0.309352018421522","0.305277189146476","0.140329509284064","0.120274852933233","0.229810581085791","0.235863454347838","0.122231621587361","0.0740234634169925","0.0710958442136433","0.0684269648424224","0.0693014802806082","0.0686967264705577","0.0597282400578273","0.0533980108042393","0.0425809928170245","0.0392908717334236","0.0499266682860174","0.0564405854963142","0.0459379332028074","0.037680043973568","0.0468983599455063","0.0365129860316234","0.0437611139022438","0.0522545246245296","0.0651768808604099","0.0353108280972567","0.058346056568316","0.065256205028861","0.0730629225763844","0.0627348719312166","0.0606477510711108","0.0478922611851597","0.0419317249195144","0.0530656069147325","0.0630077839936006","0.0390101070611282","0.0381216045324834","0.115181021827658","","","","",
"Estonia","EST","Total natural resources rents (% of GDP)","NY.GDP.TOTL.RT.ZS","","","","","","","","","","","","","","","","","","","","","","","","","","","","","","","","","","","","2.64981707043685","3.00258069293899","2.62444465199781","1.8202080731949","2.47448277833037","3.70912820498125","3.07450444050124","2.45691096430562","2.15205960424891","1.59775319590382","1.64237514078297","1.6462991032879","1.57597594549786","2.09539172697282","1.57891685450342","1.55961226751735","1.78519042769438","1.97052610513419","1.79924267656066","1.76557781311429","1.44592002735328","1.24687276023764","1.73343641223467","2.01785330968871","1.80772963579084","1.43024326219824","1.72122598420606","","","","",
"Ethiopia","ETH","Total natural resources rents (% of GDP)","NY.GDP.TOTL.RT.ZS","","","","","","","","","","","","","","","","","","","","","","13.1396723666779","18.1720808264592","10.6705766978567","10.6962785807802","6.86322788146794","10.6328387296923","9.57484249756432","10.3883824891145","10.2290749794811","11.8988696565845","11.2321022643269","15.0800651640453","14.691573958175","22.9178919826443","31.6493035662108","28.6687356738762","27.0792852651477","31.2141341594085","19.6036651165619","18.4852654796037","18.1488127694134","23.1893231496073","36.1413210442662","27.810993348368","23.4931936600342","18.828854826567","21.9115368349794","18.7793493652542","16.4317377452986","15.8199957578791","17.4282532150132","14.9281805721075","14.0104012014584","13.3844820157845","12.1932229078984","11.2339790417281","9.87787063669115","6.36887574699294","5.50373971369559","5.49770060254135","5.86707347361267","","","","",
"European Union","EUU","Total natural resources rents (% of GDP)","NY.GDP.TOTL.RT.ZS","","","","","","","","","","","0.252337465465376","0.244742951923892","0.231896637599955","0.269427683324236","0.424461754728185","0.525999865293622","0.561409547162971","0.470799485899725","0.380986253950534","0.439677764579378","0.513262891967217","0.580543929019362","0.531042746924692","0.456094962893055","0.404081111043254","0.420801249601285","0.231058875768463","0.200483977658005","0.219362525414459","0.254587886600718","0.269024140279948","0.180375601781431","0.145407146469076","0.155799091529735","0.140867981277345","0.171230063563636","0.172052554614462","0.170030223861848","0.0907889453213652","0.101508850039183","0.197011659393629","0.231535772230758","0.18927359679185","0.171523083585087","0.210727726179303","0.220350373243941","0.283822283504772","0.281691435546553","0.408327026510891","0.236127811392416","0.421412191908936","0.540330315850241","0.437238621393482","0.381416436426859","0.32532361936579","0.190923441753114","0.193954667553504","0.265411172495775","0.282319526193934","0.158542379903017","0.119946422639802","0.227718366090662","","","","",
"Finland","FIN","Total natural resources rents (% of GDP)","NY.GDP.TOTL.RT.ZS","","","","","","","","","","","1.79143661882966","1.40822782841568","1.37951760867184","1.79907749084033","1.58802036211735","0.976968261281939","0.985244759974177","0.911445297862763","1.1593763483139","1.33995968446268","1.31648932489835","1.05719351945914","0.863517520141259","0.811356141631768","0.682139574808794","0.760229337413366","0.651283128320636","0.56625856267363","0.549989127256159","0.629706678634877","0.475620342660453","0.343545260155057","0.428508753501781","0.548937084834305","0.535854943321484","0.477442011829331","0.473774436738532","0.470510849347003","0.45018798623578","0.399618675381251","0.427730998837703","0.37056723983058","0.420392710098672","0.373953038327913","0.300645302149173","0.29800251042124","0.373378489658387","0.414692568635928","0.387209365736691","0.333184977389939","0.504266194230253","0.532649114502575","0.577535778021198","0.498563334062492","0.483087058776792","0.445868402403852","0.410118656271692","0.453771651187102","0.563372986587861","0.365206984679912","0.289254242774969","0.448312840515242","","","","",
"Fiji","FJI","Total natural resources rents (% of GDP)","NY.GDP.TOTL.RT.ZS","","","","","","","","","","","0.341381423379229","0.347529482990979","0.411223899809158","0.986187861922764","1.2862120480837","1.0463886752629","0.603257070745698","0.694238598835159","0.640093719989379","1.12147574995787","1.73712924501969","1.24917068379175","1.56821509782448","1.55562390426027","1.25584276823085","1.34618422393373","1.83131326363367","2.73069882896635","2.86188507834527","2.78973074224643","2.31732785234699","1.25066721845851","1.01941886766278","1.54084596715978","1.54786137982302","1.49975967108146","1.42317510807677","1.18720827360422","1.27545710119728","0.845075902002454","1.07777201084513","1.07343983857448","0.989507047320979","1.03387640421008","0.87757995038836","0.947750804242416","0.974664114288517","0.715096151401214","0.880454237005127","1.17588302712276","2.20907223915836","1.96316771746732","2.02960687281076","1.35539287248447","1.17576954969857","1.040825064872","1.01936465398214","1.26650249477929","1.19164257504239","1.15438142466978","1.45148578020456","2.25290361305504","","","","",
"France","FRA","Total natural resources rents (% of GDP)","NY.GDP.TOTL.RT.ZS","","","","","","","","","","","0.165243990664632","0.153388104001666","0.144655041652752","0.155711803353307","0.222204094885694","0.23819992279653","0.261759986410474","0.236313167090531","0.181463487898576","0.205052099813548","0.229679691046608","0.230375521671748","0.218949481629405","0.192763328252843","0.179168650759661","0.181989783452519","0.108746974133699","0.09433877554629","0.104634725693869","0.12192231894149","0.108864561864417","0.0814254084445348","0.0765594874317265","0.0732149754192492","0.0712423917220544","0.0717262733028455","0.0730726373087548","0.0637182635031625","0.0455132610372882","0.0458447378471974","0.0697444063968902","0.0631486455288891","0.0568378905466392","0.0512489501024358","0.0406259517392784","0.0417272985494137","0.0481575129756102","0.0484835332830561","0.0539800650065068","0.049458614730346","0.0546571274665138","0.0486924296380263","0.0483609619788124","0.0481698364814291","0.0462251783929265","0.040991340666787","0.0401901593813067","0.0362250443838789","0.0429051117731693","0.0337878193709454","0.0266318650223516","0.0325366370984223","","","","",
"Faroe Islands","FRO","Total natural resources rents (% of GDP)","NY.GDP.TOTL.RT.ZS","","","","","","","","","","","","","","","","","","","","","","","","","","","","","","","","","","","","","","","0","0","0","0","0","0","0","0","0","0","0","0","0","0","0","0","0","0","0","0","0","0","0","0","","","","",
"Micronesia, Fed. Sts.","FSM","Total natural resources rents (% of GDP)","NY.GDP.TOTL.RT.ZS","","","","","","","","","","","","","","","","","","","","","","","","0","","","0","0","0","0","0","0.0091588728439631","0.0119736769247535","0.00764338967129795","0.0102528244384257","0.0159058430691849","0.0171437488748058","0.0168466041476974","0.0129895155513943","0.00707232194232158","0.0074641058190842","0.00857109008570517","0.00973310065295731","0.0142734119946187","0.016520240050047","0.01068453390706","0.0124872726970928","0.0189088329318677","0.0319934852578765","0.0289115684176353","0.0272732816714997","0.0354254343191027","0.0282034652210159","0.0266740121867941","0.0406003278508593","0.032192134954101","0.0360496232316334","0.0385320066214341","0.0165045161037463","0.0147433271606052","0.0200730721927284","0.0178477556025635","","","","",
"Gabon","GAB","Total natural resources rents (% of GDP)","NY.GDP.TOTL.RT.ZS","","","","","","","","","","","11.9846295951762","9.69646663923761","14.2254600114832","13.195711730102","43.8577037867226","32.2604204182376","22.9571657553193","29.263783787557","30.34482531774","56.6766946771444","34.8256465835769","19.6621310391057","9.28789748413502","18.6778196782677","21.9280770199259","25.4219478442254","9.84909703703226","18.3020181275691","13.7354656182426","26.6625947597505","33.0286916647238","21.9792106166799","25.2642206762982","32.1984933285182","30.5940340962516","31.9828513449062","32.9208323547404","33.7890685570541","20.2016349235387","26.0513920456146","47.7698658424489","32.5167942663475","31.7271986277113","26.0570264508303","27.4567837566907","37.767344326428","37.655973866027","37.533512307082","41.0680827434693","27.7362590783372","35.6548863864577","39.1459946806966","40.6293332424739","32.806984483505","24.7540184011901","12.5534347249347","11.6621945364629","17.699784026005","21.16026297404","19.1754988018892","13.4988249621846","18.4933440925176","","","","",
"United Kingdom","GBR","Total natural resources rents (% of GDP)","NY.GDP.TOTL.RT.ZS","","","","","","","","","","","0.0912323758377636","0.116086396820703","0.126238901395802","0.12072735958353","0.30652831588701","0.709224768381466","1.00455608302614","1.39196668835784","1.25581933243056","2.59136290095478","2.65950079798497","2.69078482508056","2.14381329803254","2.67918685094599","2.9879793993679","2.96255948861727","1.04488150129258","1.17000819246885","0.693268987825622","0.823953331400412","1.00627920664815","0.510409231122626","0.50275494333773","0.602769101944268","0.612814834476715","0.664257474316672","0.855025559537136","0.635577342150121","0.172024998917896","0.466885422064688","1.05085122197897","0.937004459646389","0.81283767292158","0.762200302418188","0.735707508866846","0.83595827885591","0.913361392253003","0.855441736513527","1.33659576191205","0.84946186314372","0.861239087184779","1.07544716241254","0.866071942237571","0.717358769907282","0.569359660800821","0.337710045585096","0.273025131582337","0.397885220213493","0.626195352812848","0.540491129160741","0.28397504842807","0.588544260440276","","","","",
"Georgia","GEO","Total natural resources rents (% of GDP)","NY.GDP.TOTL.RT.ZS","","","","","","","","","","","","","","","","","","","","","","","","","","","","","","","0.672835982847417","0.349555465152802","0.626896748686235","0.452219245707958","0.26496413556989","0.426069935947509","0.462341589646357","0.379911800157357","0.203334799900045","0.551848983624666","0.785932129075988","0.5482714496053","0.565805015307112","0.783502656243139","0.809468508496354","0.775238184123894","0.954778536519933","0.920367017577998","0.782966178122998","0.792323959767413","1.33825248615574","1.89851691683121","1.08428994137279","0.797121774570139","0.522067118215896","0.53409410608162","0.572435838705115","0.472314027913239","0.451235879680756","0.603605792551493","0.925523673088172","1.38946631019879","","","","",
"Ghana","GHA","Total natural resources rents (% of GDP)","NY.GDP.TOTL.RT.ZS","","","","","","","","","","","2.86308221828147","2.33550228555879","3.47730771425785","4.95930815429816","4.82726182988197","5.51700183240188","5.75413653621901","7.40909376854264","6.37810291724555","6.61414694239478","8.72003764902337","6.9976119197735","8.53011284046051","7.0276694910963","5.69745876385311","4.30537502912127","4.86764993326725","5.7362293857956","5.89885278792263","5.67444374430942","6.86274070226107","6.39332588133289","7.58566674666496","9.60397698038042","13.6669310382848","12.844734865598","13.7777337984918","12.4994065219438","12.0486612371435","7.82931688108889","13.7597235776938","12.746063574387","13.4249078896054","15.6197723814453","12.3974101450175","11.7318044619005","7.57618461499477","8.82815308813168","9.16190193076971","10.8115826827154","10.1146292384946","16.0706874677608","15.8226771827735","10.8892140729202","12.249534681472","10.5635168212992","8.64980290681468","10.3700404312643","9.7904078745383","9.76736656039863","8.48657958474163","13.3474845007777","","","","",
"Gibraltar","GIB","Total natural resources rents (% of GDP)","NY.GDP.TOTL.RT.ZS","","","","","","","","","","","","","","","","","","","","","","","","","","","","","","","","","","","","","","","","","","","","","","","","","","","","","","","","","","","","","","","","","","",
"Guinea","GIN","Total natural resources rents (% of GDP)","NY.GDP.TOTL.RT.ZS","","","","","","","","","","","","","","","","","","","","","","","","","","","25.4012535252545","22.0223368676279","20.5589739364556","23.9660417199166","22.1138440444808","21.4961619805513","16.8877075586499","13.5517601443802","12.9995442065882","15.158364653506","15.2793753579806","11.7303487164876","11.6837005355472","10.7658987791663","12.3846874448677","12.0823443635609","12.1114517779361","14.8963920119094","14.1598705167376","21.0874675395337","17.7856920060446","16.2933051533271","15.2239654800407","15.5855333124984","15.2920806038969","18.1995114826407","16.6316633604097","14.2501576757042","14.9319543061707","14.1138586026586","18.1063644814226","18.9531246230915","13.7023759938136","4.65794341633325","4.8276880509577","4.51955879028644","","","","",
"Gambia, The","GMB","Total natural resources rents (% of GDP)","NY.GDP.TOTL.RT.ZS","","","","","","","","","","","2.30362071744818","1.88724297527365","2.05522959596527","2.75265579579351","2.38001906403671","2.76655082515048","2.5586901896242","3.83842402970911","3.27435973147021","2.49899491448749","2.73985934029447","2.66742152917585","3.99471902120599","2.80043999765359","3.10730857473472","1.85444413926156","3.80952758024844","3.45855403208036","3.35239368109201","3.51157802197105","4.35432501091992","2.10988163681651","2.31210814566337","2.1538831567509","2.37221061399988","3.03697990712517","2.69758762305267","2.60913573477658","2.54688725802424","2.00134354349662","2.25584549955561","2.48956240559623","3.54757628277213","6.12286065692919","2.5497949802114","2.63182573752435","2.72961175784069","3.04093237747013","3.18489288621072","3.29749846666455","3.03032430579774","4.46743879941924","5.78123297887422","5.90666401996967","5.2409154628157","5.55888177634649","6.56105812711213","6.49323709656864","2.72252448983926","2.81390983977653","3.03439304457224","2.85673041093642","","","","",
"Guinea-Bissau","GNB","Total natural resources rents (% of GDP)","NY.GDP.TOTL.RT.ZS","","","","","","","","","","","6.3917374281718","6.04334904740342","6.46788365740228","10.3824001363732","11.1207237153014","13.5533866264576","12.7428952217552","22.0695509617019","22.1804516985486","23.6010486673963","32.4354192312759","20.136356247829","25.9100298928017","18.1008005934456","19.4132481697656","14.3987619028843","24.0337759594907","17.7224176689466","20.8662179297985","16.5669916836739","18.0876089126751","17.3009834975607","19.7854249831842","15.9723264665664","19.0093554980868","26.0617399150181","24.170858967761","22.8740539530756","31.5998376511536","19.268801792287","11.8568115340533","11.0270151878701","12.5778661904573","17.8267671662477","14.1311490985512","13.3963690749939","13.3637311240334","16.7234362875899","15.9806489073256","17.1974480172831","14.9307329026999","13.2487755763413","17.1198567468218","16.9399233052409","18.6987838921976","19.8714177012089","18.7015046109056","15.9857332638944","9.88886799180997","9.94740073583492","11.1515860354561","10.4285037712862","","","","",
"Equatorial Guinea","GNQ","Total natural resources rents (% of GDP)","NY.GDP.TOTL.RT.ZS","","","","","","","","","","","14.6066044239259","3.11442977033686","3.6275780476031","4.58883141549785","4.59504841264902","5.33592552149925","4.42498606266299","6.5383171340079","","","18.0724069742167","26.9789681296791","33.3648320770985","25.8642946058005","19.6067788501783","17.0683434813749","19.5139638627404","19.9401148755509","16.4042113273297","20.4822747766939","20.9666837696032","17.9183442083426","21.452584980133","26.5900630553468","40.7769410514834","50.1379223378986","68.668339724923","71.3152028910831","61.9605840554592","67.4328688990253","88.5923456549581","","","","","56.289114416548","53.9325201023447","50.1443326959341","46.4378660078331","27.7370036664958","36.311150239718","37.6841563581666","39.0027634245776","33.3474569225038","27.1072398964958","17.5005073478909","16.4599653575836","21.9589067386853","27.8023533090755","25.4372801609757","16.6815988795919","23.500064053404","","","","",
"Greece","GRC","Total natural resources rents (% of GDP)","NY.GDP.TOTL.RT.ZS","","","","","","","","","","","0.210334451463134","0.215820075582649","0.173227090193745","0.196722446599599","0.32297859772317","0.336492711845825","0.387246717020508","0.37467128510667","0.234297514191542","0.213486576382673","0.271179611346657","0.494648107307618","0.614484074496494","0.540891495198632","0.504742811394374","0.567331103179582","0.250038669910627","0.212709968078142","0.368391188286482","0.350537840777163","0.251729117844639","0.244395727200361","0.164472854214858","0.0918403047212441","0.0712772435003715","0.0687082241301798","0.0726895930137926","0.0461644618965255","0.0272530804439966","0.0289833754564255","0.0725973270627876","0.100438252898655","0.0501776299825581","0.0384061803009328","0.159020771049669","0.132002912694051","0.19079103863882","0.322972796513128","0.347201010426443","0.120220920285001","0.271313475376967","0.357427754438088","0.234074144784244","0.161354239227532","0.12477838312053","0.0713511198951637","0.0905977627072228","0.107741216363758","0.107923693978732","0.0704760678864166","0.0388459707205932","0.0875219452812631","","","","",
"Grenada","GRD","Total natural resources rents (% of GDP)","NY.GDP.TOTL.RT.ZS","","","","","","","","","","","","","","","","","","0","0","0","0","0","0","0","0","0","0","0","0","0","0","0","0","0","0","0","0","0","0","0","0","0","0","0","0","0","0","0","0","0","0","0","0","0","0","0","0","0","0","0","0","0","","","","",
"Greenland","GRL","Total natural resources rents (% of GDP)","NY.GDP.TOTL.RT.ZS","","","","","","","","","","","0","0","0","9.57242263017444","46.9068792832219","10.0626455554942","7.32083922081218","3.10559857246863","2.5059324987033","6.01652181680354","4.86495939525952","2.12067777388575","2.23323891237053","0.946189403167902","4.54112135790745","2.68697431917588","0","0.16247368548421","22.3853874414571","24.5244795530077","7.24907158855956","0.63899830292587","1.16790498034521","0.623495418776082","0.60645279484504","0.479617507266306","0.318340880243805","0.861887024483636","0","0","0","0","0","0","0.224900454263183","0.335434255722259","0.809512759350298","0.672343416976473","0.844947976042771","0","0","0.114611409396534","0.353875743048762","0.0190935869044509","0","0","0","0","0","0","0","","","","","",
"Guatemala","GTM","Total natural resources rents (% of GDP)","NY.GDP.TOTL.RT.ZS","","","","","","","","","","","1.17777388780127","1.02507617172351","1.09621087342375","1.46634857242484","1.34731986020788","1.62233697432701","1.08011252134776","1.47193652675825","1.42725858774424","1.7029550346749","2.03203209043475","1.45860601548353","2.70138156763866","1.25892751340259","0.766150246038011","0.469496882263527","0.573835747286717","0.640067353538922","0.558826146652289","0.601358388278523","1.83045512720882","1.65426431663517","1.52332030398675","1.33092443055709","1.34833878506145","1.59672727928084","1.38934546996865","1.58260940616648","1.20269768494948","1.42197658489313","1.65531507910442","1.51688956267975","1.49552331731967","1.55532613964599","1.45629547212597","1.55562794751834","1.93392564321639","1.95055907491986","1.93184237870205","1.63784143444565","2.6452084845277","2.86196592041548","2.18105907544831","2.18983261245163","2.98111660499136","1.78572375354011","2.01829626064269","1.50289202380162","1.19385178218072","1.14790981503494","1.35250209053897","1.92928512463796","","","","",
"Guam","GUM","Total natural resources rents (% of GDP)","NY.GDP.TOTL.RT.ZS","","","","","","","","","","","","","","","","","","","","","","","","","","","","","","","","","","","","","","","","","","","0","0","0","0","0","0","0","0","0","0","0","0","0","0","0","0","0","0","0","0","","","","",
"Guyana","GUY","Total natural resources rents (% of GDP)","NY.GDP.TOTL.RT.ZS","","","","","","","","","","","20.7080226592579","18.4955473915522","17.298731832641","19.6070946653381","22.3654709827581","20.6338572377284","20.8923954754752","27.7020835176511","25.6470296310827","26.4070824627091","24.5578372972811","23.0617612791376","34.1638708738059","17.9846923209055","24.2608517449921","20.6803296768791","19.9741133715558","28.2397691185205","18.5224501012977","20.7123497317619","23.1365302885403","29.8570477664161","25.5130840660498","31.6638578690229","32.9297314196524","33.5901679902301","29.7871121101737","25.9860553220399","17.722998963462","17.7830510415321","15.5078378964417","12.9135305064194","12.7851274638831","16.9482275121693","21.1992807952769","20.9115520318379","9.70635226744027","10.8075151625848","10.3635572947513","10.7158376277662","14.592203974554","16.5317662843372","16.5328031367272","13.9424805340938","10.7965827875901","8.56443283798628","16.0895528527279","13.161642595363","6.60863781746129","5.96249594118667","13.8985430832365","33.6832711741997","","","","",
"High income","HIC","Total natural resources rents (% of GDP)","NY.GDP.TOTL.RT.ZS","","","","","","","","","","","0.703959118666434","0.697679668334229","0.745490971959599","0.969883666106834","2.93759034550607","2.74995773755506","2.91623942221952","2.82015958703657","2.31612455933497","4.12617727700555","4.66854495450468","3.82236972663652","2.42680324827523","2.48311095999929","2.34097270788742","2.06653053022323","0.934065866701748","1.0557725115342","1.08111180375469","1.34970004436573","1.59579647459117","0.993700671803552","1.00796108843736","0.987785611353601","0.856676723247263","0.903619598818063","1.1126506809401","1.02376505243042","0.602678613691405","0.810787713045278","1.52168518025555","1.33267364604308","1.15778444245445","1.38731502178267","1.65850768514184","2.13524361927473","2.25514233249663","2.23553960732185","3.13772470035828","1.72067924629845","2.215547268242","3.03781050921259","2.75100450095355","2.61637899513741","2.32488989098962","1.25772103812831","1.09729321429996","1.4280485122462","1.90206072144569","1.67411208230245","1.10337710356649","2.47643858083253","","","","",
"Hong Kong SAR, China","HKG","Total natural resources rents (% of GDP)","NY.GDP.TOTL.RT.ZS","","","","","","","","","","","0.00950559877964356","0.00713685242305314","0.00528391576765134","0.00672260139951266","0.00647824734895496","0.0086015047788877","0.00690349290605203","0.00740475522226782","0.00490066371956883","0.00551475805525282","0.00488938778053058","0.00289968454606191","0.00275054075584575","0.00281376676660714","0.00159534928118146","0.00152572300547865","0.0020746857261368","0.00163995066625124","0.00137379242329577","0.00119951994837091","0.00107915747368737","0.00105036512660392","0.00126283824459394","0.000842380001730745","0.000870257223317569","0.00136552673598051","0.00147708433810758","0.00116430442658972","0.000972112419868324","0.000529482643712148","0.000500998268973069","0.000583448601205964","0.000657691895480615","0.000974241299658627","0.00102021918538856","0.000619914123345892","0.000665683842649037","0.000902723649257638","0.00145921493633856","0.00139045653813043","0.00207769698047783","0.00836942973155063","0.00233967746770346","0.00380877580925821","0.0173546989496714","0.00132324181590028","0.00136992350320175","0.00161903902082238","0.00106133601917033","0.000885726237364786","0.000887798126199827","0.000992608591579756","","","","",
"Honduras","HND","Total natural resources rents (% of GDP)","NY.GDP.TOTL.RT.ZS","","","","","","","","","","","4.44328536721054","4.18771320214938","5.05815675734852","8.01066475914528","8.30297215935772","7.06120644485235","4.93681169295732","5.90897183619676","3.25977384183475","3.5313720971425","3.80349198843763","2.99184449110996","5.63130161832273","2.8390127790165","2.27930064615644","1.59092746187417","0.690724499847021","0.684142193757436","2.73969677525231","2.4580245939776","3.21092333246204","2.70781658118094","2.19178076917636","1.83497670451247","2.27034903839063","2.45297007789003","1.96802150042667","2.34343118281433","1.85661666214069","1.68761400222431","1.37113446146867","1.43828418297597","1.37053917605775","1.21682443039075","1.17065229457115","1.19616286119396","1.9388652088634","1.66136160268053","1.20679031927745","1.16441147896911","2.36463288147641","1.7044807548954","1.63060548730794","1.78208817924239","2.2661279184441","1.56846231223826","2.01566335667541","1.72906722467945","1.07184110988038","0.916855208806467","1.23326098347167","1.22455313744521","","","","",
"Heavily indebted poor countries (HIPC)","HPC","Total natural resources rents (% of GDP)","NY.GDP.TOTL.RT.ZS","","","","","","","","","","","7.89130835238747","5.69025493073621","5.60657509197119","8.81054345670465","8.76120311036065","5.90240801055351","5.67120306136264","6.86951742754715","5.66640710706483","5.99909934849913","8.36587485209924","7.2798151025333","8.40160443073363","7.27705981280316","6.93193933324433","6.28200964936992","6.24449219479155","6.3545611601624","7.02513383485119","8.01311765963355","8.19389478786479","6.2118780352123","8.38888673369616","7.29513377499864","9.63908417454637","11.4636096420536","10.7710905971157","9.70376293186358","8.84686270439102","6.6093607238994","7.84945309802507","7.29291620660089","7.79423191321639","9.70869313512022","9.27245068030242","10.8139919846504","11.5252082096869","12.2406690373379","13.1350993352709","9.92798028131907","10.8849813332819","13.2332262991303","11.8859480563515","10.5342633430523","9.67009353583343","8.18776819880517","8.41737380891623","8.87213025200446","7.85330862735262","6.7208039565865","6.60632349552677","11.3095092772319","","","","",
"Croatia","HRV","Total natural resources rents (% of GDP)","NY.GDP.TOTL.RT.ZS","","","","","","","","","","","","","","","","","","","","","","","","","","","","","","","","","","","","0.817901089845445","0.846736297291088","0.754704472311057","0.324602467353849","0.555158693065349","1.081606511253","1.00782506278861","0.768646694448941","0.697994961736429","0.662508301948664","0.719261359710503","0.92569028122449","0.917435702753136","1.10056698717934","0.778726740521708","0.917408126030443","1.29394046574726","1.2944420673614","1.1084798242986","0.867348745330344","0.698157062296322","0.511310613664342","0.658339390527416","0.773060031000923","0.619466125649912","0.439094632914067","0.681198197003712","","","","",
"Haiti","HTI","Total natural resources rents (% of GDP)","NY.GDP.TOTL.RT.ZS","","","","","","","","","","","4.94082793905462","4.35712721977784","3.38088443587249","3.37301294359561","3.95897674588094","3.26768084234605","2.93978162187881","3.53026773050931","3.43616055450479","3.15466056555158","2.4859978670014","2.45242005866496","3.48259508899918","1.10978766400085","0.651503625684287","0.427695919290364","0.408686931478145","0.51468349868742","0.412432388085088","0.426111932553284","0.758980650078628","0.7545789249722","1.16755024661594","1.25091936869488","1.18848565185335","1.22519462633385","0.942847807917707","0.993751372688353","0.778424833674881","0.619396171409139","0.349449568493596","0.383295015006936","0.396885022338016","0.518316847636601","0.415056574952732","0.353534370526786","0.474483984535321","0.403575652806683","0.399712731958641","0.337463725935536","0.665741356287765","0.530247287448995","0.493447395435744","0.586507266755589","0.699288591917661","0.574767533630933","0.790216838420377","0.657342723836906","0.44034486815939","0.443318678876138","0.577844130610775","0.327641965983974","","","","",
"Hungary","HUN","Total natural resources rents (% of GDP)","NY.GDP.TOTL.RT.ZS","","","","","","","","","","","","","","","","","","","","","","","","","","","","","","","","1.09075547968015","0.901641093069374","0.815199937141816","0.627061259476291","0.75638967041039","0.755257320956188","0.605176512091605","0.228600184405014","0.358607756221379","0.71337030705953","0.684989297945054","0.45421890497725","0.418114307449232","0.449426242668097","0.409312455814952","0.543296413793284","0.466808154363912","0.659685571385385","0.474511486110666","0.502154293766183","0.675554220375786","0.61841992081818","0.507806206790584","0.403352372971262","0.285147410110642","0.227029691782411","0.282558589313256","0.347622949150536","0.303895061476493","0.204655214271402","0.402362635857113","","","","",
"IBRD only","IBD","Total natural resources rents (% of GDP)","NY.GDP.TOTL.RT.ZS","","","","","","","","","","","2.26015343182613","2.35273107677612","2.60767035623284","3.6815991168413","9.05099180281355","8.67358680496843","9.18702652314444","9.02630404770179","8.53584370488666","12.4882782992212","14.1054566708584","10.7491381946539","9.01943130540399","9.4824814883047","8.80853120901408","8.61958607123074","4.8577712738258","6.15996505357929","5.7811019933163","7.58727538092594","8.57584875544566","4.99458750637682","4.95878263629644","4.68358581416371","4.07398660790878","4.29047283839412","4.57361865341317","3.95764885297969","2.56753533924692","3.68154283451692","5.92833462845902","5.24979040132315","5.05914620275137","5.23271544611515","6.85177737189318","8.12696700548844","8.84170561366589","8.6410359524696","11.0230969992521","6.02283765830383","7.50882420661133","9.17004952153047","7.23208406285002","6.10049745748183","5.13786828952268","2.85504882335577","2.54749475154341","3.20386763914941","4.08860215911098","3.34855125356516","2.26994763903633","4.62034860628825","","","","",
"IDA & IBRD total","IBT","Total natural resources rents (% of GDP)","NY.GDP.TOTL.RT.ZS","","","","","","","","","","","2.56240490414926","2.49642357823138","2.77766046037222","3.99261450662002","9.49560322969917","8.76377798531514","9.27755647254849","9.34214495110636","8.67385179934198","13.1121601014061","13.9110082752583","9.87753758346294","8.35632465787338","8.96799585293206","8.50315980504227","8.35116626374174","4.86711238033075","6.14635344695627","5.81508461338364","7.66876704065215","8.71548337905385","5.25432888956975","5.29758384157048","5.21357325215413","4.73648103953946","5.00027022251403","5.26015046220922","4.56940836481383","3.05716028879249","3.84352838075183","6.13709873832767","5.42798151618361","5.24679280524847","5.50271658507439","7.00527459112851","8.30005575601051","8.9718864109282","8.76542312190592","11.0951186609586","6.17345563690053","7.64751226986447","9.35670033433892","7.41279103532932","6.25155041609645","5.27964343620984","3.01062751654977","2.71211171629984","3.3790231056541","4.20239292277328","3.4916238889449","2.42270024704809","4.79827029400089","","","","",
"IDA total","IDA","Total natural resources rents (% of GDP)","NY.GDP.TOTL.RT.ZS","","","","","","","","","","","3.7625794149979","3.38234050099954","3.91657892444388","6.38777556759602","12.9522749949152","9.22954812881954","9.7889585664363","11.6693453208567","9.53230284973251","17.9988209199562","12.4842664979551","5.2673365696756","4.67925032632414","5.61941413732592","6.28404056151159","6.33128960377814","4.93337269109449","6.03227570803839","6.19509289895319","8.56919654459115","10.0792239778429","7.44959139348754","8.69063638645991","10.7443288196802","12.1191143061682","12.5347124150353","12.1553537253981","10.7994065908003","7.66217024773077","5.83751288467041","8.57481359045276","7.55580448882638","7.34035489383025","8.50575959895583","8.7469546672423","10.3146883005582","10.475605090416","10.2863880908325","11.9511488816156","7.98684106787507","9.39335457811968","11.8211190705137","9.8351243932524","8.20043071143926","7.02328837915852","4.85686172480247","4.69490700118828","5.60130990257888","5.6496649924365","5.16429355471772","4.19411290263886","7.05014196795415","","","","",
"IDA blend","IDB","Total natural resources rents (% of GDP)","NY.GDP.TOTL.RT.ZS","","","","","","","","","","","2.56689507672876","2.40782548510911","3.25407543968618","5.34521779888621","18.8075036656119","13.4344411145929","12.5796390406092","14.9908210472364","12.2260314115384","26.1706290286601","16.5284693857263","4.58436243626164","3.04501786320158","5.24707257248551","7.01581899997681","7.93878131740499","4.7946988570115","7.12247943513833","6.54573506549008","11.3294340100906","13.1892374279512","9.51563071405609","10.186534491537","14.6158353309993","13.2492901191363","14.2755545524488","14.4603957047395","12.9679984890376","8.11523542279173","6.18607540721916","10.6670651139693","8.90851324355349","7.95894410350024","8.565773134067","9.43757432360137","11.5553435776015","11.5329177230474","10.8778906891267","12.7295301111336","7.89713583466718","10.2358117645748","12.7427833435995","11.0971654059145","8.81164377678099","6.97194076172448","4.11061637129879","3.93666895671635","5.60951113691832","6.74651698098925","6.26450039213551","4.23702752796593","7.17679514028044","","","","",
"Indonesia","IDN","Total natural resources rents (% of GDP)","NY.GDP.TOTL.RT.ZS","","","","","","","","","","","3.60940308776086","3.3768595082994","4.98266891247508","9.95168218346246","20.4671411529603","17.3741910814135","17.7273792126019","18.2561333218604","15.7761958164673","34.9226550856586","28.4443500142244","19.4531582953801","10.8694649043359","14.0181435916622","13.9506455931731","13.0786729597268","8.74391532825494","12.1494111109202","9.61090627607872","11.8026806942817","13.273646932127","8.3647242051385","8.18443735972524","6.63011643197696","5.81546573340571","6.18686041657674","6.42800323693652","5.99702078194871","9.08504454166328","7.8691294427354","11.1257366947505","9.29197183116353","7.28595475221916","7.1428118800621","9.12075209301056","10.3253531632848","9.40722899701392","9.75766253508312","11.10028650133","6.42593139928445","7.13560902238893","8.5631139337506","5.94561486320563","5.38990903395495","4.79162103687978","3.08136736381978","2.66818993930963","3.08016177152276","4.21663374449654","3.23583967668836","2.43866732275102","5.15704008451705","","","","",
"IDA only","IDX","Total natural resources rents (% of GDP)","NY.GDP.TOTL.RT.ZS","","","","","","","","","","","5.31774586160904","3.889097933607","4.13129241814674","6.74262163802119","6.1729829542404","5.49842921991586","4.31553954636974","5.87864249912521","4.85334907807963","4.86670381320473","7.79257920821605","6.57769787542038","7.56351856347867","6.13496681108692","5.42936381550478","4.47847797168215","5.07342290309694","4.98988490774118","5.88841067038074","6.33778105185656","7.75064543464564","5.90773710388358","7.38069389853467","7.33560762843843","11.0216951371888","10.2357666272854","8.60883968436565","7.45474466456059","6.94673387973798","5.51639353193833","6.58007989685215","6.24472545009399","6.71753453883663","8.42201948231069","8.03195924236246","9.0011341976333","9.28660503917742","9.63902148593808","11.1393866080064","8.04403937396243","8.57276739818495","10.907330044443","8.44867517497132","7.52223190512213","7.07928501196906","5.6419400106867","5.40839983910999","5.58638697710034","4.67341113929315","4.0282508835318","4.1518738896888","6.92655107637537","","","","",
"Isle of Man","IMN","Total natural resources rents (% of GDP)","NY.GDP.TOTL.RT.ZS","","","","","","","","","","","","","","","","","","","","","","","","","","","","","","","","","","","","0","0","0","0","0","0","0","0","0","0","0","0","0","0","0","0","0","0","0","0","0","0","0","0","0","","","","","","",
"India","IND","Total natural resources rents (% of GDP)","NY.GDP.TOTL.RT.ZS","","","","","","","","","","","0.721150483394386","0.890063961590438","0.873093064154811","0.995127238885834","1.63322038672398","3.12530676330998","3.00845727510931","3.97799159543185","3.40167543241531","3.29774174697588","2.87592821519871","3.90443539941674","4.10859968753251","3.49819358623705","3.33128372870149","3.47022922565287","2.3782700206859","2.16185027664221","2.06185516844859","2.83144584996427","3.3986712311783","3.10011401825838","2.79705477887181","2.4418972318602","2.10944149889399","2.52791051476565","2.48487036956728","2.20619110499979","1.7888332837601","1.85009641725959","2.46830054070033","2.43620876424905","2.34136271190342","2.22671508998187","3.16931675641458","3.6587436038218","3.93368584480297","4.44228487841539","7.10934832396732","3.36239161008031","4.49751864332879","5.30507567095095","4.02383769335832","3.67308833438322","2.81368985123428","1.77764002432658","1.74839023532939","1.98393401607656","2.25531632110711","2.01224538396897","1.78466920695081","3.15934537555664","","","","",
"Not classified","INX","Total natural resources rents (% of GDP)","NY.GDP.TOTL.RT.ZS","","","","","","","","","","","","","","","","","","","","","","","","","","","","","","","","","","","","","","","","","","","","","","","","","","","","","","","","","","","","","","","","","","",
"Ireland","IRL","Total natural resources rents (% of GDP)","NY.GDP.TOTL.RT.ZS","","","","","","","","","","","0.427790506808475","0.270979457954268","0.276375515787341","0.742886741352391","0.940680528195148","0.185248929624126","0.154778400578069","0.169555241013896","0.169788630035367","0.448757567504146","0.366185829553972","0.266515159918117","0.21518728987195","0.292174454999047","0.320137736806557","0.304112659838417","0.176969007943276","0.110604153372388","0.641953721101898","0.762222729922617","0.287358128232744","0.132003955649951","0.111273845087002","0.111087251645732","0.112670320105068","0.140537364836712","0.126237068936823","0.13774575403257","0.0373492681800465","0.0315978285069762","0.0763340706312449","0.0566582045310828","0.0475809059335846","0.0356363486219039","0.0549131558913933","0.0636046148237513","0.309124322700795","0.285066705996576","0.0396359171524907","0.0448352849146384","0.108587847065061","0.0962427963966132","0.058557220023201","0.0370891175584479","0.0353958706182933","0.0187707084805869","0.0652248713159719","0.112833072357874","0.126075695067046","0.0671703776701016","0.0367626864571587","0.10098823103923","","","","",
"Iran, Islamic Rep.","IRN","Total natural resources rents (% of GDP)","NY.GDP.TOTL.RT.ZS","","","","","","","","","","","12.7573166532525","16.4584896353081","17.5730871259509","19.2995018193691","47.811397583467","38.1449645758838","33.8879214109636","30.3247382295186","32.4359606220402","36.9624941521813","34.4935696763401","27.2671984227087","20.0016361862627","16.239466364086","15.1689761650579","13.3620164339938","5.62097656764036","12.1574796528458","11.6910176676536","18.3952171882248","23.9854435223543","","","30.8421065078492","25.8095921553796","20.7724689741647","20.9894625885333","19.7567159419881","13.3950142635049","18.626607792413","33.082196505073","24.0565282820387","22.901560055169","24.1803070892105","27.2443648124195","34.4823160181386","34.7791285091133","29.1825071901049","33.5227511829978","20.3362743181973","23.0680430493324","25.3461464486072","21.1187189284557","24.9467390294435","24.8607811408678","15.2302994765894","13.1358103039789","17.4677964309489","34.2395948033408","27.8006661533715","23.2391718001181","30.4480600937139","","","","",
"Iraq","IRQ","Total natural resources rents (% of GDP)","NY.GDP.TOTL.RT.ZS","","","","","","","","","","","16.034068400461","19.7920580765485","20.6686045819373","29.1509742146843","62.5127923677336","59.5720027452484","53.4083907083666","50.0797660399872","46.7208993690198","","55.2823470502766","27.1614112280031","20.0453263873823","20.6249877907476","21.1114762213136","23.6666331147495","14.2487427068512","20.0784872301704","19.7168569306038","28.3657684421406","9.49934858319275","","","","67.443000755851","23.0812208617925","36.4781663325503","32.1441683410111","37.1258114796528","37.017920402799","48.8587830406916","49.5653017649245","46.9721057272114","53.2980916080186","64.7757532260062","65.3184967985808","63.7269526475673","53.2166911072318","55.6857288439596","39.5126626033864","43.5682899383508","51.1945404105542","49.8510176490635","45.579366576846","46.8543961454295","37.5037172137922","33.2189217237902","39.2005542312932","46.1477869076682","40.609902398822","27.4170131896725","43.4458576871878","","","","",
"Iceland","ISL","Total natural resources rents (% of GDP)","NY.GDP.TOTL.RT.ZS","","","","","","","","","","","0","0","0","0","0","0","0","0","0","0","0","0","0","0","0","0","0","0","0","0","0","0","0","0","0","0","0","0","0","0","0","0","0","0","0","0","0","0","0","0","0","0.000381433858879967","0.000359195529289947","0.000366094154813878","0.000347132787240568","0.000299591985536916","0.000252335387007271","0.000217386585292874","0.000196537396162221","0.000108843842062041","0.00010879409889394","0.000106967737793307","","","","",
"Israel","ISR","Total natural resources rents (% of GDP)","NY.GDP.TOTL.RT.ZS","","","","","","","","","","","","","","","","","","","","","","","","","","","","","","","","","","","","0.00368605155731831","0.00324588481253552","0.0040731421263798","0.00256430298613512","0.00336607176527144","0.00201911700378443","0.0011401524186069","0.00121323080572722","0.00094938677372319","0.0355017759427314","0.0596259989806162","0.105792513747818","0.128587398678532","0.386322234932509","0.309661455072217","0.173972024779987","0.280630419352341","0.270058995740021","0.262662457508262","0.240636647906702","0.225690565978892","0.184759592739644","0.175795530138224","0.243287805206997","0.189655855195189","0.272440677318125","0.441424749575518","","","","",
"Italy","ITA","Total natural resources rents (% of GDP)","NY.GDP.TOTL.RT.ZS","","","","","","","","","","","0.0840688782645551","0.0756793477059604","0.0847073728925953","0.0956514439809192","0.165168211646232","0.15946741159436","0.179277813762888","0.152123839203721","0.133547756952225","0.197277322641102","0.220932926304353","0.184636810217749","0.108458259446155","0.14585186313355","0.14621084990589","0.143873679570737","0.0846500434857652","0.0691519366187379","0.0725640648298777","0.0857723998362475","0.0799152789503537","0.0435646865622578","0.0364574235915887","0.0604194099464043","0.0577851829786857","0.0793380261253676","0.0801352460559249","0.0813185413686656","0.0237533710689864","0.0382882099882507","0.0913316162596186","0.102721225949045","0.0896298707679109","0.0826115695211021","0.077743539369532","0.10163496355748","0.12265392810522","0.116804781880987","0.151794975884094","0.0907628030750462","0.107793453561972","0.156005817179348","0.169645844218462","0.155477399468545","0.138451592682719","0.0819093188563771","0.0473051811205066","0.0639986448910056","0.0992013245530201","0.0824926231070219","0.0559705463881882","0.112009125283042","","","","",
"Jamaica","JAM","Total natural resources rents (% of GDP)","NY.GDP.TOTL.RT.ZS","","","","","","","","","","","7.89586199522591","7.39233407570047","6.08934374531805","6.25016650890745","12.0636729750255","7.00723546202304","7.10876930165631","8.82971062720039","11.1671486171906","11.3334490297364","10.9929144743641","10.8935956189304","8.52215476572748","6.46891923063569","11.0407478735267","8.62650420777214","6.60837816865052","4.96442814345768","4.16261498117096","5.68662384756147","6.33539612272519","8.01120420596593","8.65571923499643","4.26281887491529","4.40747937510843","2.47731483689119","2.79642441236809","2.13122112617508","1.84788667254486","1.46015515717618","1.49212985894039","1.52237979807368","1.22819587304474","1.24749541822483","1.88693412740829","2.23829379024811","3.34935566603225","3.50487798321465","3.01994685420205","1.93833915588278","1.66861545913939","2.25616145768344","1.83117834623622","1.78135528369404","1.78235182739347","1.26600183802715","1.28914557442918","1.52838623760003","1.72957545790371","0.364234398807819","0.32243252555047","0.457652062306756","","","","",
"Jordan","JOR","Total natural resources rents (% of GDP)","NY.GDP.TOTL.RT.ZS","","","","","","","","","","","0.0288340973169945","0.0371354615047224","0.0310520639403256","0.0348562593903057","4.40414727325972","4.30961931143511","1.17264536605013","3.03952238024009","0.0822377060667953","0.133059369924776","0.788553523522306","1.11443256106891","0.649768134248387","0.438094863985587","0.0287825739217936","0.27744043322565","0.0513618019800394","0.0588866174235615","0.0577464099237752","0.115317217325067","0.202404188553642","0.140327109062995","0.105092741184946","0.105493099473635","0.148673914235745","0.162141365161121","0.168204730106275","0.171269414531608","0.171082220315789","0.133271801510985","0.154211840900311","0.158418274554894","0.123626823797328","0.134054666661212","0.127634442261952","0.122013748794983","0.465565080137658","0.765508276851273","5.65269978809189","3.86553108888157","1.66596420639584","3.31767245058233","2.90847924194887","1.27909933438596","1.19542288638141","1.39974257822882","1.12573697471708","0.869000683008148","0.719072817629181","0.0428576620025569","0.0516759121146319","0.0776640966166585","","","","",
"Japan","JPN","Total natural resources rents (% of GDP)","NY.GDP.TOTL.RT.ZS","","","","","","","","","","","0.228015045379581","0.200392779763956","0.159844343054862","0.219322081003322","0.280593738597772","0.264231511277586","0.266342383126598","0.207976233325557","0.155056175513275","0.240766572757666","0.160897954263042","0.120107270743439","0.147773870846639","0.105490767440559","0.0767289382991056","0.0863052402400233","0.0503188903025851","0.0370195075688103","0.0354410695324827","0.0399027046934985","0.0368696636805661","0.0289443630503689","0.0249184618777213","0.0226593582985702","0.0182820396177825","0.0169915857297969","0.0191130017731665","0.0176707614143191","0.0149910656134602","0.0124886647509315","0.0139786461492189","0.0129922667065723","0.0132276622127481","0.0142573617958399","0.0134382291172672","0.0169460112921917","0.0193075194044011","0.0226743046632534","0.0239724825485097","0.0194489662554289","0.0200968819164694","0.0216769702777793","0.0200901706635674","0.0232126866090988","0.0280708839630582","0.0289687122696025","0.0251768652546394","0.0384458694582766","0.0367554022408906","0.0932286615908601","0.0969972012044505","0.0473044627668744","","","","",
"Kazakhstan","KAZ","Total natural resources rents (% of GDP)","NY.GDP.TOTL.RT.ZS","","","","","","","","","","","","","","","","","","","","","","","","","","","","","","","15.6843499384137","9.80899787111873","8.34006865968774","7.60114456671579","6.37064496187393","8.00915843020148","10.3991875099853","8.7953814576426","3.40142076798264","11.688309587382","27.3190672987164","20.9616871018262","23.0852806844263","22.8777662165405","28.2540580317544","30.2817584470403","28.7904563121509","26.4915311907324","33.2480252476327","21.5858584721869","21.7441441579602","25.7688205419371","21.9826967680593","18.2187488150502","17.2500802611251","9.32876500546085","11.0336820575133","14.897596398127","20.7829646926253","17.9259738525419","12.8406951964892","26.8423173327291","","","","",
"Kenya","KEN","Total natural resources rents (% of GDP)","NY.GDP.TOTL.RT.ZS","","","","","","","","","","","3.26306923136184","2.53763851676459","2.35859435534908","3.37724169474772","3.30789046191383","4.1821812587696","3.69355964123342","5.03042248302547","4.64496675586267","4.0543218660281","4.14226305888722","3.86834518982644","5.75929620259564","4.18452479134439","3.90902463795251","3.24872575951288","4.12050008278742","3.90521260500912","3.91523138477284","4.18909110202926","4.96389860679158","5.19874848671587","5.37781135950975","6.7714107829261","6.33779772077113","7.28624749698591","5.49076257603273","4.73298218305284","4.53439348314472","3.26870720401928","3.31396754858766","3.14162066789234","3.73954391156623","5.08542139634021","4.12367812938474","4.07693603995981","2.95041850869952","3.63389849443088","3.63886873395414","3.24572373518734","2.67307931109746","2.9431872828815","2.90888320855534","2.66940200706872","2.64310943602707","2.70967011611946","2.65839831359762","2.31435620783369","1.36132463517161","1.22718421158535","1.26881196888613","1.22792857770901","","","","",
"Kyrgyz Republic","KGZ","Total natural resources rents (% of GDP)","NY.GDP.TOTL.RT.ZS","","","","","","","","","","","","","","","","","","","","","","","","","","","","","","","1.08831747011041","0.714727672811321","0.981152431471184","0.901655182524421","1.82217682717894","0.656132793580413","0.768717273701564","2.03786738347308","1.41040146698635","3.38528845392169","4.14777033640901","3.53276931251188","3.3096165778063","3.40243817488708","3.41530119102061","3.09969897922061","1.82532082628667","1.07230696930492","4.30159610201564","4.45679827426077","9.80889830136341","10.2034319238732","3.5809218517523","5.71912349278664","4.07203515798825","4.25309870186703","5.61349048423669","8.75574116357044","4.67048081477686","7.24320231053747","6.52758010092793","11.5065410174076","","","","",
"Cambodia","KHM","Total natural resources rents (% of GDP)","NY.GDP.TOTL.RT.ZS","","","","","","","","","","","4.31058172482676","2.59016996695292","7.0075045494724","13.3615931462591","14.8192629200358","","","","","","","","","","","","","","","","","","","5.47129623378338","6.74392193192115","8.32675194752688","8.26618207665232","7.1281537497844","6.55608221507239","3.39355720847191","2.46904397167855","2.53091563396547","2.59547615171282","3.41050263145395","3.20411639282305","1.80881542802358","1.80686995063803","2.24551946036928","3.09984061594357","2.86278006732138","2.69595952988072","3.05094914293833","2.30628839011523","1.91421458050803","2.54882052672262","1.81768657277543","1.84795765204296","1.93735308627642","0.878243793336486","0.714485690319546","0.939357675669705","0.835283715830679","","","","",
"Kiribati","KIR","Total natural resources rents (% of GDP)","NY.GDP.TOTL.RT.ZS","","","","","","","","","","","0.0168222609957079","0.0121182259143501","0.013322483945167","0.0216741138213725","0.00690788567403317","0.010614574312865","0.0195938881923125","0.0304710788262294","0.021714970157549","0.0343002318582848","0.0474813687140516","0.0289847718561403","0.0268529192276919","0.0301199274675972","0.0206459525490196","0.0282295972173913","0.0466752000000001","0.0421134174117647","0.0335401163157894","0.0345764222142857","0.0369180410181818","0.0379865335825137","0.0522082156832414","0.0437042308599425","0.048233576336491","0.0789158190468108","0.0706208300301358","0.0607941580180495","0.0525232173565218","0.0272437902238661","0.0295842847533442","0.0375979466931401","0.0377433021241735","0.0450146573139441","0.0451763817247018","0.0279208944627771","0.0338018104231589","0.0433023683626024","0.07098350763928","0.0731494190069756","0.0626677431300746","0.0736138842102225","0.0589178981070894","0.0557002717308784","0.0889050775265575","0.0732783582600832","0.0826063804854857","0.0929519614955758","0.0420866204186192","0.0427412418710569","0.0569939081063946","0.043500143330191","","","","",
"St. Kitts and Nevis","KNA","Total natural resources rents (% of GDP)","NY.GDP.TOTL.RT.ZS","","","","","","","","","","","0","0","0","0","0","0","0","0","0","0","0","0","0","0","0","0","0","0","0","0","0","0","0","0","0","0","0","0","0","0","0","0","0","0","0","0","0","0","0","0","0","0","0","0","0","0","0","0","0","0","0","0","","","","",
"Korea, Rep.","KOR","Total natural resources rents (% of GDP)","NY.GDP.TOTL.RT.ZS","","","","","","","","","","","0.168894150983343","0.160180472807268","0.154265925277343","0.401263801247144","0.49128516486457","0.786142925302962","0.571968690144971","0.484349148799346","0.310567988910635","0.267017595112703","0.449555319658782","0.624965607694397","0.629993616638999","0.311852511566332","0.207000425039017","0.252792849436037","0.145282495926267","0.0672822450603812","0.118009848823726","0.110105930074509","0.0702411163381042","0.0384483174855787","0.0273234350360794","0.0176895217132167","0.018241537210863","0.0287998543883498","0.0229053691928052","0.0251878601274824","0.0408051505349135","0.0289487867656108","0.03672509222672","0.040290625222942","0.0319098595850261","0.034591198170788","0.0311351033627051","0.0351493873694118","0.0375360164351106","0.0436459140169587","0.0753402292393727","0.0579313041903032","0.0746400306743559","0.0914175988735794","0.100818097512262","0.0723717153476114","0.0640735784174601","0.0367480142308671","0.0331101931364819","0.0386022741681957","0.0471215171527114","0.121453005220381","0.113270922936166","0.049812574781783","","","","",
"Kuwait","KWT","Total natural resources rents (% of GDP)","NY.GDP.TOTL.RT.ZS","","","","","","","","","","","34.8918112884012","37.5826096988273","42.9460171083606","48.5285382564292","71.1707715004379","62.762224371285","64.4501563984895","59.5564875362651","60.161589972781","","67.8444166208658","46.8387367585549","32.6927578327917","42.8672889681055","44.5599824112324","35.5576528279116","26.9342507027254","24.1924736082011","27.0522969103326","34.4675020932869","39.5229351611011","13.4362619603887","28.8098194997122","40.4087024511996","37.727441286933","37.3308003874904","41.179195330857","39.540480496468","29.2043847044503","34.8365735674978","51.3644113589282","44.0885830746429","38.1288168486834","40.6360885106068","46.8824794495593","54.13842958264","51.7820031567292","48.7737107555426","53.4605112170385","39.5907640471852","48.8263605663801","59.0696960166924","58.1449073185752","56.3426547447197","53.9714223132032","37.3135995019662","32.3641255908565","36.7579336114171","45.1522896110691","39.8386703389064","29.2848672951013","","","","","",
"Latin America & Caribbean (excluding high income)","LAC","Total natural resources rents (% of GDP)","NY.GDP.TOTL.RT.ZS","","","","","","","","","","","1.62605990692616","1.63818055945161","1.64053141135193","2.17069604642394","5.26166979966145","4.36138702143505","4.36171216125317","3.73877520591922","3.64072964658107","7.9110547378073","8.79907986926983","6.72036359906566","5.25589495707877","7.23051521250944","6.99153524047667","6.53716634795336","3.36951423179782","4.73008393013605","4.05052218792327","5.09540260176713","5.81384215777976","3.41025117834482","3.28733593561591","2.66776066234793","2.30162015256209","2.6304777461892","3.03300125781653","2.58276309006702","1.60422257244558","2.63942945696575","3.98400419434879","3.20032137821912","3.77525624098347","4.07885223040496","4.85568156863553","6.2555260369343","6.84969204929078","6.48299343116158","7.27940735114898","3.96603447112118","5.06925837359612","6.74863270543572","6.0571902301468","5.27161457769828","4.35722947789762","2.26839485142556","2.20820667289398","2.57889502927573","3.34446447982004","2.72469245047776","2.34855956058149","5.68778569715328","","","","",
"Lao PDR","LAO","Total natural resources rents (% of GDP)","NY.GDP.TOTL.RT.ZS","","","","","","","","","","","","","","","","","","","","","","","","","1.91829966458183","1.51884374768261","2.88321548686397","5.01007436793364","9.13316573182897","7.80235718053784","6.87527556801313","6.9921968782515","7.10089180390363","6.09963731529318","6.43786818399527","9.05515087040462","8.5244887824244","7.6394712904328","8.58585542696766","5.13413124126985","4.02461466594692","4.55666788739825","4.81089612054397","6.57889990038597","6.13767807292974","6.59795887828897","13.2819832345904","13.221931484425","13.0184310702118","10.5912220635737","14.8104375708519","15.2722808030825","12.1203041098296","12.5380892460783","8.12984913076319","5.52476230566431","4.35259193269181","4.97088233452954","3.8787583779558","3.10453941803438","2.81746694955522","5.38276112647354","","","","",
"Lebanon","LBN","Total natural resources rents (% of GDP)","NY.GDP.TOTL.RT.ZS","","","","","","","","","","","","","","","","","","","","","","","","","","","","","0.0317246337520965","0.0413641909734255","0.0360393357813145","0.0207238892586347","0.0156728518810613","0.00807118214503067","0.00803337696843982","0.00989850046330912","0.00887618405007525","0.00754430121687888","0.00913906725096581","0.00147158951802311","0.00160712397308317","0.00153542622167633","0.00137292195937972","0.00160303958190996","0.00145705625851701","0.00137623351454346","0.00162400349088944","0.00137813978532232","0.00189663557109102","0.00190954318912001","0.00188079916555357","0.00193498198500856","0.00190477725937707","0.0015553293883068","0.00229376123243399","0.00228828375146288","0.0013728364357897","0.00199555625750973","0.00106750721286952","0.00131340504601898","0.00223718784227487","0.00276403839242888","","","","",
"Liberia","LBR","Total natural resources rents (% of GDP)","NY.GDP.TOTL.RT.ZS","","","","","","","","","","","","","","","","","","","","","","","","","","","","","","","","","","","","","","","","","17.8409546807596","17.2522953084162","23.8997704226428","34.1776687503452","19.7880546295418","20.0544068144487","17.6485875136497","21.5770270088301","21.7673829953965","22.0777491215739","18.3646624868945","23.2729658968842","26.7116015359801","28.3711783328734","26.1806367790867","19.4462580281234","20.1143619477823","21.3240563239483","14.0250297312743","14.2604895547102","17.4661654481066","21.9156000871056","","","","",
"Libya","LBY","Total natural resources rents (% of GDP)","NY.GDP.TOTL.RT.ZS","","","","","","","","","","","","","","","","","","","","","","","","","","","","","","","40.3870962973116","23.9736052510202","22.9511242308123","22.8933522506949","22.5809232275502","27.6263736322292","31.8950825846373","27.1875818919465","18.6892394203827","20.2027250357524","34.2584472905959","30.3865708781182","49.6150940004484","48.7223667831708","55.8476922630083","62.3347404677918","62.2912324061948","61.3668774257785","66.0598935506205","51.7322646352647","55.9661611105459","37.5617320657366","59.1030408512754","47.7413993201726","31.016947831293","16.3921988648858","12.2468654255016","22.1587604827104","31.6168598912657","34.4990280272661","11.4789831280341","61.0347089411103","","","","",
"St. Lucia","LCA","Total natural resources rents (% of GDP)","NY.GDP.TOTL.RT.ZS","","","","","","","","","","","","","","","","","","","","","0.0547725079474217","0.0447068160000001","0.105462593939394","0.0333535679122777","0.0159316261084825","0.00893784375000001","0.00738257142857143","0.00676195942519019","0.00584241428571428","0.00516175538160469","0.0154058376996805","0.0174824772734492","0.0150175781680701","0.0110967490579481","0.0130470737154101","0.0160082469418573","0.0114865782856756","0.0156353334470298","0.012500182728039","0.0102278901654394","0.0103818193524413","0.0108995599318409","0.00976368630541872","0.00955262139236899","0.00923644702272921","0.00854642315722339","0.011003542472601","0.0107765868867244","0.0106419166715498","0.00993011381194443","0.0213939960854132","0.0171733829693113","0.0164637996812387","0.0211912988549864","0.0254436551499196","0.0186627705111545","0.0242375524260307","0.0188680203388547","0.0120179605482605","0.0105301058741755","0.0193601689591786","0.0134294898917373","","","","",
"Latin America & Caribbean","LCN","Total natural resources rents (% of GDP)","NY.GDP.TOTL.RT.ZS","","","","","","","","","","","2.07979693685079","1.906405456149","1.86365601982788","2.4705522293467","5.54859057198146","4.61988734053425","4.63813769741938","3.95171902414101","3.80911084484232","8.00770348702457","8.62072887196723","6.58916407172127","5.16712530244709","7.04247861397373","6.78478959908996","6.36782196924476","3.34219366328984","4.64880013746389","4.11415941790319","5.13308074550852","5.76544215517612","3.37478426094998","3.21795438923578","2.61322698760873","2.3292597224186","2.71690517426911","3.02598106458566","2.58890072661658","1.58698427609934","2.56686080698148","3.84639560812168","3.07644874949098","3.57730748132653","3.89853701028826","4.80946174870193","6.13351415367551","7.05471966753325","6.71061881265552","7.28161561873261","4.04001269969181","5.19677194146242","6.77533446412528","6.00352806346098","5.22518223933465","4.33855768929238","2.28431629074744","2.17668438080896","2.61926024523232","3.34871888761251","2.61768402024702","2.44017691179542","6.1385827293041","","","","",
"Least developed countries: UN classification","LDC","Total natural resources rents (% of GDP)","NY.GDP.TOTL.RT.ZS","","","","","","","","","","","6.28922328190727","4.54224015811621","4.83527322306499","7.94144837679672","7.24620644233101","4.40742593363924","5.0769474863241","6.88803424538829","5.54063816441436","5.54805102775005","7.93680542485801","6.53790436280692","7.63369352334726","6.67763541853652","6.2230757360885","5.40067470543239","6.08162904730884","6.38297982191249","6.85828975994655","7.550796434186","9.2593113416327","6.72623502233356","9.18848950760377","9.01940929087623","13.5996875423752","12.9553721077509","11.1818530397147","9.80325521232169","8.6973326268218","7.42643580557039","9.58384571571509","8.70741085622378","9.51843427228903","11.1187784637967","11.4816817536186","14.2163659031181","15.255783664578","16.5029258449763","19.5460002637879","12.3025718870512","13.8962637565887","15.6128603618411","13.2880871996286","11.670546362499","10.0128323809196","7.1205111891776","6.94645239224283","7.74208745705109","7.26134258494115","5.95746131189881","5.10563417127294","8.53888324506851","","","","",
"Low income","LIC","Total natural resources rents (% of GDP)","NY.GDP.TOTL.RT.ZS","","","","","","","","","","","5.94781469477204","4.37081614937902","4.22307147909086","6.59007472805216","6.21639380275981","4.56294148735197","4.13475432729384","5.44002367515697","4.86096584702918","4.8792610012768","9.30666275628498","8.30290788428205","9.33147945661322","7.62509059548664","7.27898622823975","6.12602209388067","6.44763180747663","6.51446769346898","7.54462788650858","7.82699993985092","10.187621243426","7.27218452244914","10.8456384943211","10.994816072574","18.9257171144334","17.8652419742939","15.3568401217974","13.3982222972573","12.6893336963744","10.4340344553944","11.804480719087","11.1464088998765","11.3068425307504","14.0402736722854","13.5030567146556","14.8627739581592","14.6196818815166","14.6673672094765","17.8300509080215","12.1188173146538","13.0727422220458","17.9646657449876","13.5336314970451","12.5687541711272","11.6658204489009","9.27501832355577","9.91173481571961","10.1615413145386","8.76585777837955","7.72073451733374","8.24378882337322","13.7586200605032","","","","",
"Liechtenstein","LIE","Total natural resources rents (% of GDP)","NY.GDP.TOTL.RT.ZS","","","","","","","","","","","0","0","0","0","0","0","0","0","0","0","0","0","0","0","0","0","0","0","0","0","0","0","0.00975332321286609","0.00865297493908273","0.0141382603498076","0.010176303597128","0.00727531598244424","0.00657140669186758","0.00569133630721569","0.00200898229436154","0.00936390166869675","0.00843356599945969","0.00940294319900605","0.00882996396874573","0.0068004142295357","0.00660421107495562","0.00842264824176702","0.00943234681920636","0.0109235111204393","0.00978668467181032","0.00924063538213154","0.00817289068062751","0.00655238694776474","0.0052938315075899","0.00599288437231091","0.00194110894161873","0.00207232625568761","0.00186506931005221","0.00327838093890037","0.00179668932945333","0.00147146668515006","","","","","",
"Sri Lanka","LKA","Total natural resources rents (% of GDP)","NY.GDP.TOTL.RT.ZS","","","","","","","","","","","0.349013656833095","0.311770020850896","0.293823821135509","0.412492035623906","0.384839956370907","0.776306878827124","0.531682871698104","1.47834425174834","2.22462277222911","0.824141817580273","0.836147126437549","0.665314964531548","0.930364692258302","0.618973339361637","0.415370333932422","0.297895482888966","0.512449670512743","0.458943840762112","0.462214619069643","0.449054392882218","0.467031774164659","0.541072206279577","0.508323376361394","0.442217811746733","0.344406420288195","0.387053556444352","0.353077482876767","0.211594304589763","0.188090082261484","0.214152119083607","0.190956032913517","0.196220474071304","0.203787939938968","0.196684504988527","0.147494466742975","0.124198914028397","0.16417428202828","0.196497793780255","0.168491007991096","0.154024920053947","0.181247741101714","0.161869001521806","0.137234670569948","0.111206626762233","0.106716230120525","0.116815682766825","0.120808775080832","0.0888765377568958","0.064834147164453","0.0722571812304566","0.0850400982115445","0.0832444969793704","","","","",
"Lower middle income","LMC","Total natural resources rents (% of GDP)","NY.GDP.TOTL.RT.ZS","","","","","","","","","","","2.2862219710258","2.20965322791317","2.39736186940083","3.64938625604862","10.4278695420382","8.5855339771263","8.60998722580625","9.18678349977439","7.74758623177704","15.0259031657153","12.5876850816191","7.67208847968428","5.75915076491853","6.89209655666091","7.46929704722152","7.26012339839216","4.18553158859305","5.41648083132601","4.96146637893496","7.26798495642967","8.74529513559969","6.54589163541241","6.5575233956867","7.46472659659685","6.72353002462467","7.68796601053816","8.45831903388646","7.35359468328046","4.72069786534611","4.30651096991815","6.8814880757913","5.74166291210079","5.73579622356301","5.85085962402497","6.96012783913793","8.86774079495238","9.38605728335142","9.14150569468444","11.9617997308955","6.35968138629354","7.76557198877598","10.020924929458","8.6250524990021","7.2121249782076","5.54770011616713","3.10059113732665","2.87735260186917","3.64949270635578","4.14593101815674","3.67825024261594","2.74538772958396","4.65430635595978","","","","",
"Low & middle income","LMY","Total natural resources rents (% of GDP)","NY.GDP.TOTL.RT.ZS","","","","","","","","","","","2.38936004830743","2.3889774137965","2.68797236538164","3.87977610450853","9.38266258533896","8.63356524862781","9.15276265947319","9.27886782433736","8.60683306984003","13.0505592000158","14.0571879100499","9.95967552048941","8.39758539061084","8.97636421497423","8.50880964560573","8.35048447007227","4.85598778135686","6.18409085828613","5.73110900422717","7.29512009867008","8.22596621641555","5.1783146327115","5.062868857934","5.08322735431385","4.65034137947917","4.79701095434545","5.05935794216751","4.40600253209645","3.12934876353268","3.70415812653652","5.69341877129599","4.90916237361753","4.79091988596024","5.00141453353208","6.54607736826423","7.89151868898579","8.40056568230121","8.38279919835657","10.7452286338955","5.73765389496657","7.30426554318406","8.89691613938648","6.91001153438703","5.76240825756046","4.80215587171588","2.69493828978099","2.47153274597492","3.04384979961077","3.69218032546468","3.11255730793526","2.19657279156728","4.10132757644947","","","","",
"Lesotho","LSO","Total natural resources rents (% of GDP)","NY.GDP.TOTL.RT.ZS","","","","","","","","","","","9.26379655722695","7.05289833516462","7.42476917202812","8.33692950103936","7.23589943349907","10.646182534683","9.38504487743833","13.6561537200762","9.87909486913814","8.20050459398831","6.97611464107901","6.3159669361137","11.3295324002463","6.61350664449735","7.05472134673556","6.13232608063174","8.63553870262351","6.56393720871233","6.18328873229751","5.85725208752486","3.89898101233072","3.50157419046867","3.07930325129961","2.4470504390108","2.92280695099856","4.06747678186792","4.42866982662492","4.03080585288478","4.62753146057726","3.37253238663395","3.45870923985656","3.61294719864822","4.64972989607064","5.46817367450901","3.85504573954824","3.46065787841255","3.06843905736909","5.0525676359588","5.45904125705999","5.90302783789186","3.93439968984273","3.88951380908295","4.7058759222187","5.10158145699247","5.59052228450031","6.21135692867531","7.27012601835192","6.29773888103094","3.60958084633478","3.73425482845294","4.55548495060365","4.31788190525398","","","","",
"Late-demographic dividend","LTE","Total natural resources rents (% of GDP)","NY.GDP.TOTL.RT.ZS","","","","","","","","","","","2.68708796108488","2.5880231310653","2.87802160948241","3.84720380393006","8.35099397225212","9.47105259484298","10.2235012384178","9.76720307944223","9.58891801563609","12.5487899263203","15.4638039559404","12.5154486975624","10.2576360071813","10.7730957310012","10.1437041146379","9.27840426419646","5.68670767731462","6.460941925428","5.7911160514467","7.83804780064126","9.29304429325119","5.69768237510542","6.06689987447588","5.5613800666267","4.40973270039997","4.37272990935279","4.51848968620117","3.93332661428471","2.41533399687799","3.64492762666858","6.0647907497808","5.46645693585115","4.96986634216247","5.35848870150386","7.05537565035166","8.10714378538796","8.86245474237082","8.62975680602354","11.0399284193091","6.01239155858877","7.72598743358566","9.56517930567814","7.32669652581713","6.22180479117383","5.28701063777081","2.95774965689105","2.537266033559","3.13477794858601","3.88700769804562","3.28515816436474","2.191583637758","4.2404274305029","","","","",
"Lithuania","LTU","Total natural resources rents (% of GDP)","NY.GDP.TOTL.RT.ZS","","","","","","","","","","","","","","","","","","","","","","","","","","","","","","","","","","","","1.44273154708812","1.39565861276589","1.01885217696713","0.702714839275153","0.835114128882281","1.00761756848222","0.950531620904502","0.809312518866469","0.731872390939613","0.655048870768867","0.590099054196955","0.550049584611631","0.480122912458821","0.439415086610715","0.401930501280375","0.524773473420892","0.55272441723569","0.50334215016971","0.451433196719953","0.435666728185002","0.355871871770943","0.3377588483904","0.408008846501474","0.378395633092732","0.334182488318804","0.310782585398606","0.28612663033099","","","","",
"Luxembourg","LUX","Total natural resources rents (% of GDP)","NY.GDP.TOTL.RT.ZS","","","","","","","","","","","0.0524149334463755","0.0576026225877284","0.0561004130678081","0.0592509986925504","0.0515778921049372","0.0627907982670683","0.318863047965533","0.176909720602285","0.0470270658930434","0.0483399264120148","0.0517571452416673","0.0456097883863536","0.052440397123491","0.0489712846331369","0.0428891339071207","0.0469292790173335","0.0385608464591326","0.0355106535645102","0.0359546763141924","0.0427257869216624","0.0362067565268409","0.0247815381926834","0.0208398943551724","0.0228902530216312","0.020024924067161","0.0182970118168961","0.0189317592423706","0.0160989433345421","0.0174167394238165","0.0174432275436708","0.0190086228380903","0.0187875662300189","0.0172526782204699","0.0150664520035236","0.00965720131113687","0.009842585563947","0.0208984835862011","0.032962175967571","0.176060660673067","0.166374142577648","0.072919743736028","0.111627780528827","0.124315483837715","0.0654807999878363","0.0511247766010698","0.0121647269251085","0.0100663139177463","0.00960957126949073","0.0131614123128893","0.00887356762506664","0.00666359766515693","0.00475136757511518","","","","",
"Latvia","LVA","Total natural resources rents (% of GDP)","NY.GDP.TOTL.RT.ZS","","","","","","","","","","","","","","","","","","","","","","","","","","","","","","","","","","","","2.44180951754329","2.53584473218075","2.11836519777713","1.92134622351435","2.83041483508877","2.59232171929407","2.08081083066916","1.73987716796356","1.74608259393462","1.58950445564584","1.32114799728074","1.18009886224217","0.97630494810674","0.709564360327675","0.890309028980383","1.28308782693054","1.3327725371957","1.43134807722777","1.14413699673137","1.13104352407128","1.00340965640665","0.983550850681886","1.20722108099256","1.07351315071964","1.18938805075522","1.27458711674516","1.16511975350878","","","","",
"Macao SAR, China","MAC","Total natural resources rents (% of GDP)","NY.GDP.TOTL.RT.ZS","","","","","","","","","","","","","","","","","","","","","","","0.00180635451304879","0.00186693119817914","0.00255971079328982","0.00250332835608348","0.00369865605929788","0.00291006898641668","0.00254336022844102","0.00222094443428256","0.00191367383640553","0.00191073903714248","0.00195001869429506","0.001434625295453","0.00175308274359916","0.0026598693592288","0.00272245739392018","0.0024700951416263","0.00206941045661232","0.00114701339124268","0.00109989412783637","0.0012515633431334","0.00129294906675416","0.00166554584265641","0.00142006573846366","0.000813289697051987","0.000762848827837186","0.000914438870209263","0.00134690575890845","0.00122316242318777","0.000905336110860392","0.000918692177244038","0.000637773144866662","0.0005215709086089","0.000707754579992928","0.000676701941454292","0.000766339291005204","0.000816577243915305","0.000378495372010862","0.000345302748769397","0.00092361911978552","0.000724556273813068","","","","",
"St. Martin (French part)","MAF","Total natural resources rents (% of GDP)","NY.GDP.TOTL.RT.ZS","","","","","","","","","","","","","","","","","","","","","","","","","","","","","","","","","","","","","","","","","","","","","","","","","","","","0","","","0","","","","","","","","","","","",
"Morocco","MAR","Total natural resources rents (% of GDP)","NY.GDP.TOTL.RT.ZS","","","","","","","","","","","0.902171273718059","0.756906780709029","0.466329246675409","0.82759336728461","10.4614508960443","8.01134785240663","3.25833778664007","7.1103456913499","1.80010450186733","2.0860866012875","1.93240909400097","2.78538380285006","2.62239050403749","2.49010263353889","2.01272467515158","2.28857541318934","1.24324093293933","0.652943231947499","2.6104002503804","0.549540975895859","0.446556338050589","0.470463537432966","0.402917131825263","0.311874824076787","0.398309101504966","0.468832543723716","0.380019625009187","0.396019219633816","0.418094042033356","0.27890729826742","0.305325348108431","0.208998473305515","0.194633365567","0.242738945207909","0.57019059079328","0.739189609529312","1.17487783805592","1.4811164112028","6.0135640292616","4.04625319267701","5.52351711568337","7.44006663292583","6.48582252084039","4.55138703939471","3.52679771804417","2.61402225287558","2.89821223160529","3.29989896331367","2.41389789515822","0.321780512925498","0.296128236742874","0.391702933228196","","","","",
"Monaco","MCO","Total natural resources rents (% of GDP)","NY.GDP.TOTL.RT.ZS","","","","","","","","","","","0","0","0","0","0","0","0","0","0","0","0","0","0","0","0","0","0","0","0","0","0","0","0","0","0","0","0","0","0","0","0","0","0","0","0","0","0","0","0","0","0","0","0","0","0","0","0","0","0","0","0","0","","","","",
"Moldova","MDA","Total natural resources rents (% of GDP)","NY.GDP.TOTL.RT.ZS","","","","","","","","","","","","","","","","","","","","","","","","","","","","","","","","","","","","0.296026513447815","0.292635675217652","0.262545841972771","0.22036155853904","0.351298723227498","0.314995330975289","0.215340731521014","0.227964199126278","0.260076624122249","0.211322275281976","0.194137366155948","0.297372393044233","0.199605642635997","0.22497712039963","0.207982951961716","0.13247898619691","0.168687807572078","0.168529747001159","0.282675631947635","0.305194557556724","0.329718543865743","0.268595627765572","0.260534449680804","0.262039473546905","0.249756859922812","0.245939852669041","0.235942049452034","","","","",
"Madagascar","MDG","Total natural resources rents (% of GDP)","NY.GDP.TOTL.RT.ZS","","","","","","","","","","","2.91882362138853","2.7569246514139","2.01983258429753","2.17224461200256","1.4744145537648","2.04874954586154","1.82505264919794","3.55001370063835","3.41027008553002","2.87991034326351","2.31131855927976","2.21318889499977","2.89509378187374","2.19545490463898","2.44235762826374","2.08800213500856","2.80088989064126","3.8551957397843","4.26209029540837","4.52863760151394","5.13716500766513","6.2042741515873","5.70482651152286","4.26807702054671","5.43387400573852","7.72187580414643","6.10099854193451","5.98372525542255","5.7146849652343","3.51113304202429","3.28334073398533","2.78738585949357","3.50534579179508","5.21855839818452","6.16053834340743","5.46552559841922","5.6245995828571","6.43424742692885","5.80936537783052","6.87903891334948","5.80844502636667","5.89544167157359","6.69129717051904","6.77436297702956","7.17890334828133","8.60993537983163","8.77277190379424","7.63973631390415","5.16989441363436","4.7078522848274","5.65950524677075","5.5311886434036","","","","",
"Maldives","MDV","Total natural resources rents (% of GDP)","NY.GDP.TOTL.RT.ZS","","","","","","","","","","","","","","","","","","","","","0.0946329117317799","0.0814711410545366","0.11200988659012","0.0586992885156714","0.0275364763898869","0.0169614272918302","0.0251797378631367","0.0247710734474916","0.0232217944230076","0.0202616441940481","0.0216076635449384","0.0197087005578861","0.0178345869724502","0.0122212370825089","0.0103653361968328","0.012285604764237","0.0111959054937224","0.00853294180739179","0.00807364291587961","0.00752318143606623","0.00742343669238901","0.00541799207244732","0.00534464674615868","0.00515848513798669","0.00468462465671591","0.00491991010429973","0.00500854447381244","0.00733172126018647","0.00555485342934417","0.00529407472213314","0.00896594439349319","0.00907113430846529","0.00753577980631292","0.0053091845265809","0.00517496156762446","0.00586919819938419","0.00663326999058831","0.00525091904016801","0.00258396462676911","0.00274890529404401","0.00502406983438185","0.00370182242347212","","","","",
"Middle East, North Africa, Afghanistan & Pakistan","MEA","Total natural resources rents (% of GDP)","NY.GDP.TOTL.RT.ZS","","","","","","","","","","","10.5563088283663","12.1803263556439","14.7214490173077","19.5341493682818","46.4465022660777","37.5002071660623","36.4452806736478","34.4343674608741","32.3102088015825","51.2569486017228","46.7680354120744","35.8504114065257","23.6661919993667","21.9901309765666","21.4496339463209","18.6169297897159","10.8693806530397","15.7787135723915","15.2506018227723","21.5067688517407","23.2738062029823","18.8410229466972","19.0778825837833","20.0576681515798","19.1731970576322","15.8393807471327","17.9184240066383","16.2379593353186","11.3046206967718","14.8578701200087","22.5850402502558","18.5084805825502","17.9490922179251","19.8969872640731","23.6579662647468","29.2130343593076","30.1236690185911","27.641633111285","31.4780429356861","20.3140225225001","23.2616634282872","28.6883385808746","27.9722165991377","26.5941874205047","24.0221485145939","14.1952533937408","11.9080411313566","14.9475669636723","20.2250120801649","17.4914993157691","11.7095975320266","17.3492014076328","","","","",
"Mexico","MEX","Total natural resources rents (% of GDP)","NY.GDP.TOTL.RT.ZS","","","","","","","","","","","0.904373570760262","0.84721224750404","0.879528412981008","1.42685936659417","3.71235452307938","3.25262340310195","3.69735883669836","4.1214757580435","4.2123739708233","9.65035025050689","10.690166307154","7.97813544263688","8.40545716553986","12.9026693986964","10.7271529187055","9.30354812897803","5.5856497231363","8.38068663659376","6.2148632818234","7.08547153571412","7.85316996477492","3.7204122843979","3.37676484568823","2.32169144860141","2.17600409935639","3.70622014950634","4.11473850462351","3.18057074248256","1.74627703760617","2.3736230088796","3.5781826113811","2.60164301698472","2.74840903518892","3.35934793986578","4.19499035807608","5.58648727639514","6.1411361184755","5.75685331700591","6.7408329915323","4.17264386033762","4.9517973655552","7.12685649981166","6.64761771453207","5.63992841356242","4.74356172979305","2.18360553071428","1.97524669608099","2.36148896456378","2.8911069990433","2.09126302062882","1.55983378352436","3.64307338835023","","","","",
"Marshall Islands","MHL","Total natural resources rents (% of GDP)","NY.GDP.TOTL.RT.ZS","","","","","","","","","","","","","","","","","","","","","","0","0","0","0","0","0","0","0","0","0","0","0","0","0","0","0","0","0","0","0","0","0","0","0","0","0","0","0","0","0","0","0","0","0","0","0","0","0","0","0","0","","","","",
"Middle income","MIC","Total natural resources rents (% of GDP)","NY.GDP.TOTL.RT.ZS","","","","","","","","","","","2.2396936459538","2.29717522985692","2.60594366611049","3.75756518584534","9.353057708225","8.61672594061244","9.15237103231864","9.26260908631698","8.60024264536747","13.0955108451111","14.207557102416","10.0131574899075","8.3669751496148","9.02130883294598","8.54773190303808","8.41546273640088","4.80916341628746","6.17465409406903","5.67831243621691","7.27971180380937","8.15745257727042","5.08766563991367","4.90055612521996","4.92382610372629","4.33098179100649","4.56726822147319","4.90230497373126","4.26931210676708","2.98118462796935","3.59548703580478","5.58040941043646","4.79903053612059","4.66194461384169","4.82351745371759","6.41022171846708","7.7515897699449","8.27671480150855","8.25850549045335","10.5939907230343","5.60380112066961","7.19354214809631","8.73690107562524","6.80806138220404","5.65919145238013","4.69527956096053","2.59103075738033","2.36686066074065","2.94790958261844","3.62426514558495","3.05364859107311","2.11734051104035","3.98553729025669","","","","",
"North Macedonia","MKD","Total natural resources rents (% of GDP)","NY.GDP.TOTL.RT.ZS","","","","","","","","","","","","","","","","","","","","","","","","","","","","","","","0.00453228765068516","0.00392474577000559","0.730175741370424","0.754144902590534","0.460091446927324","0.434615252562727","0.361260336057013","0.556824232687975","0.331264716180782","0.34566348834686","0.416376119896184","0.240279102689032","0.2486522972454","0.284074310222365","0.529949571288064","0.472471662771118","2.22591304574127","5.5649093281405","0.94997727771704","0.785735826282886","1.48054751512056","1.31901217415565","1.17381157835713","1.1286016514686","1.18602847424584","0.935040215942746","0.866322047138143","0.804308286542463","0.424659195176793","0.146172211539348","0.144963330218282","0.136921063560563","","","","",
"Mali","MLI","Total natural resources rents (% of GDP)","NY.GDP.TOTL.RT.ZS","","","","","","","","","","","4.07710148769041","3.34093445166559","3.18516702698175","4.48607244620787","5.43196240170415","4.59535696546144","3.70987992976207","5.54571092709951","5.03854429468324","3.74663108900804","4.36816616978167","4.42722229545236","6.7374049309231","4.96182332023192","4.93272951366648","3.40412921858672","3.88162463937176","3.43392566179003","3.67384251615176","3.74561198369249","4.06917810438981","4.09727979907535","4.32667436286698","4.02898374263315","6.59511106694786","6.17667816210642","6.17985749617785","6.75534560859442","6.45326618117715","3.8524723913247","5.46367811888986","5.3525949253061","6.81256049490343","5.30099092296633","3.89561485181635","2.79148479768263","7.41659931305695","7.86264147796427","6.91973321599543","8.60703288880241","7.66975245102324","8.91011559605289","12.1110881558093","8.51315574828752","7.24892090404468","7.42711000514874","8.99083015150657","7.81614668872422","7.74269774600288","7.85842877214771","9.46967710138959","18.4178821970492","","","","",
"Malta","MLT","Total natural resources rents (% of GDP)","NY.GDP.TOTL.RT.ZS","","","","","","","","","","","0","0","0","0","0","0","0","0","0","0","0","0","0","0","0","0","0","0","0","0","0","0","0","0","0","0","0","0","0","0","0","0","0","0","0","0.0107363531671732","0.0121328675494815","0.0056509041515729","0.00671337918398488","0.00417915639073977","0","0","0","0","0","0","0","0","0","0","0","0","","","","",
"Myanmar","MMR","Total natural resources rents (% of GDP)","NY.GDP.TOTL.RT.ZS","","","","","","","","","","","7.56598226126745","7.95560273942277","10.2415989638886","21.71338957086","20.4644459882661","19.9204075450338","21.2632328239308","31.3853049753698","33.9830017564172","65.381800177909","69.2286124920013","44.5579995177765","34.6768083317022","32.6731835048483","29.407011079417","29.9922526926025","21.3508417979708","25.8862913584069","26.0745564622059","21.2064484631509","25.5233831093605","24.8804324736507","29.3685944780051","20.0850927076461","17.2275856928075","19.0675432411162","16.9886099764758","15.0830712313948","14.6521009115073","9.29372690499582","10.8456569216916","15.8304411877684","17.4019189724924","20.1839434402257","18.8644610196514","18.7820488600823","17.7577369198911","15.8146237862238","13.9641200526851","8.97077901763052","7.98804207462158","7.3614633514873","5.95623957618071","5.85283366421301","7.88242876018736","6.61317909325215","6.8108721648708","7.82010371696471","6.70278022169487","5.88188183004994","4.66301426840348","8.6785038087485","","","","",
"Middle East, North Africa, Afghanistan & Pakistan (excluding high income)","MNA","Total natural resources rents (% of GDP)","NY.GDP.TOTL.RT.ZS","","","","","","","","","","","6.42360358200759","7.41901436060286","8.49632674051292","11.7177518732629","33.7135984371282","28.0224148402719","26.3677464009601","25.0919316291428","24.3517462238003","28.7096926723664","30.5720633734588","21.2467002484004","16.1037526226878","14.9184683412079","14.422816228167","13.6764934121205","6.44685624935928","10.8708150497201","10.5180935155804","15.3832312190413","15.3636384481024","","9.80862758751354","13.5603889946257","14.3929893311632","12.6432247661719","13.4019289646358","12.3346979795587","8.75814857290039","11.9442711023585","17.9592342406159","14.9042575701473","14.7300134459644","15.2049225308223","18.5215231796767","23.6213490938999","24.6967071339227","22.4479419873626","25.8832614717656","16.342783484122","18.6773939754386","21.2154293657827","20.430828209165","19.3215961683845","17.5869459473258","10.3435891511487","9.00506350527857","12.305474728087","18.1892326269397","15.2232510699132","9.77634963778942","16.1160371395331","","","","",
"Montenegro","MNE","Total natural resources rents (% of GDP)","NY.GDP.TOTL.RT.ZS","","","","","","","","","","","","","","","","","","","","","","","","","","","","","","","","","","","","","","","","","0","0","0","0.0744036174229074","0.255159492728589","0.642225982273086","1.02392931506709","0.953270459073836","1.5026500197436","0.376838225796534","1.13777818472308","1.44368759270254","0.935069599243676","0.672962195676965","0.781260837765096","0.731313641257514","0.837536371542947","1.33941998042343","0.837441665171651","0.616491593549262","0.723002993565649","0.637197671980386","","","","",
"Mongolia","MNG","Total natural resources rents (% of GDP)","NY.GDP.TOTL.RT.ZS","","","","","","","","","","","","","","","","","","","","","","6.77463913303123","7.63771603241449","4.92430979832689","5.0779334817114","6.84021391306091","3.33485817993727","3.45644977042351","6.86710373154369","7.17758340190229","8.8741038587943","5.0097754747115","7.19193523878892","8.43549986773079","11.893721916764","12.7224494661582","6.75909440795854","8.03449122945997","3.9651366893904","3.29386885807561","5.22235025250685","5.74160516265939","4.4989917153818","4.59850143279864","14.9665125748657","16.7845880489393","28.4255991071812","27.4768520904907","30.7370693872761","23.7157273322455","35.907762365776","42.2166543859938","22.2729540576189","18.6702255850788","16.08653421855","9.87899879376714","10.050012393618","17.0883999734036","19.8676151919941","14.7739570464507","13.4736928829141","33.1372162654312","","","","",
"Northern Mariana Islands","MNP","Total natural resources rents (% of GDP)","NY.GDP.TOTL.RT.ZS","","","","","","","","","","","","","","","","","","","","","","","","","","","","","","","","","","","","","","","","","","","0","0","0","0","0","0","0","0","0","0","0","0","0","0","0","0","0","0","","","","","","",
"Mozambique","MOZ","Total natural resources rents (% of GDP)","NY.GDP.TOTL.RT.ZS","","","","","","","","","","","","","","","","","","","","","","","","","","","","","","","","9.66184544670387","13.709030101824","11.4594217692103","13.452141388927","19.4861261399571","14.4718745782002","11.2193510071238","10.2634941473695","5.9357267119748","6.21223527949675","6.28945069549311","7.15607959007746","10.0969874352829","7.99532685365388","7.51808300528586","8.50524215312992","9.80505322870557","10.2039173979552","10.0220013623256","10.2684840762505","11.3709466025082","11.9192598207508","11.6325534065914","11.9039028509476","12.2160721685778","16.3133886142564","18.0510410834352","16.3975888133586","12.6767242973038","11.8639361284365","14.9074768559672","","","","",
"Mauritania","MRT","Total natural resources rents (% of GDP)","NY.GDP.TOTL.RT.ZS","","","","","","","","","","","11.3056846306162","10.2586939873198","10.5544954168857","12.1871472679366","12.8824701550932","8.76669463536668","13.0463415483249","11.8205279039526","7.36403517044886","8.54390010519843","17.5232126190601","17.6336519374628","21.9234798953333","18.4954742795728","18.5461774937254","18.4210849524549","13.0703677485939","9.15682329493256","7.24663263322815","10.9776643356615","13.0529903629446","3.99016938324224","3.6452537591807","3.64954662607288","3.29866364172611","3.79533707491117","4.04042241145453","4.10615710498008","5.83623168206126","3.39847601062594","3.27487284480144","6.76491230332295","7.673552402895","4.46007581951187","8.86006911174684","19.3863218849001","25.6238205360937","32.0888421353342","38.3954688806903","20.8447858815571","33.2699514566613","30.8504418081025","21.4879263870309","16.9330193063232","13.1805355570468","6.19132704450206","8.04558334879584","9.09659277147784","2.808310001036","2.61191416207025","2.43870903966116","11.4487520863931","","","","",
"Mauritius","MUS","Total natural resources rents (% of GDP)","NY.GDP.TOTL.RT.ZS","","","","","","","","","","","","","","","","","0.0937785461019324","0.0890152826934391","0.104038967710911","0.12443809910376","0.100937575393006","0.0783249408725644","0.0818559128178908","0.0440317117139468","0.0227669135843568","0.0279969434507007","0.0386470574403879","0.0494891032107412","0.0427003766808921","0.0463295192478249","0.0344979596586205","0.0247124150046043","0.0204432562149328","0.0255733417518858","0.0196491851222119","0.0125537998009489","0.013935147862232","0.0134035763044408","0.0208079485801981","0.0202081785305594","0.0117784211704657","0.0117589422349643","0.0113185119211624","0.010684499152159","0.00681953407733824","0.00657606583814967","0.00816434745435896","0.00837909473560662","0.00857162807576386","0.0114110119806519","0.0974197638212974","0.11394942379722","0.0967703151522881","0.0778091714247043","0.0835433781723541","0.0279823507404004","0.0271234375700913","0.00339252211144264","0.00240720178247387","0.00235978741871314","0.00262996135685098","0.00271526913227865","","","","",
"Malawi","MWI","Total natural resources rents (% of GDP)","NY.GDP.TOTL.RT.ZS","","","","","","","","","","","6.70998624141776","4.84114888787186","5.0433444324309","6.3885112311711","5.87192009420872","8.97343845252109","7.62753889769855","8.60975121061314","7.57763464950774","6.70942759934468","7.27306570831915","6.42223411526603","9.00065904697418","5.79992432401987","5.33669750543511","4.49098188870215","6.92133189930943","7.13209761216796","6.9276752903871","8.13642935620643","8.83285550041662","7.15944602363582","9.09968632011216","6.98240636615388","13.6924266084459","18.314016528775","10.6406276241143","8.30341051996053","12.9038429613876","9.90428833075201","10.1509116653401","9.93791742339101","5.80694889486208","8.64215061116182","6.39211290059216","6.82450197846741","6.78461168008871","7.97931680799651","8.72702659415971","7.04042216088488","6.02572508561474","5.97687719996186","8.95123535585595","10.1501360274794","9.61846301856776","8.89901041042248","10.9739875833904","7.00371862797528","5.20814805353589","4.24376277062568","4.09928170325885","4.22250421289741","","","","",
"Malaysia","MYS","Total natural resources rents (% of GDP)","NY.GDP.TOTL.RT.ZS","","","","","","","","","","","17.004345736664","19.6130299561807","26.9274941459081","32.5021042060303","24.8759223266563","29.0164220246222","29.3251825334001","30.9180140872899","26.6754857541954","38.5832711629996","37.7832312516497","26.4833420566088","31.1968461324752","29.7256370502483","21.3305645463802","21.7896848160812","23.6510021336852","28.6319143984632","25.0794135493953","28.3611314535947","26.8807563305794","21.2686939295695","20.1890047327682","17.3002755446405","15.238434591052","13.8761007648154","12.7124864921089","11.0799757813186","10.095351709262","10.0710448024694","12.5675399788113","10.666951361765","9.81548671538781","12.1560364817758","11.9873010934205","13.884276518626","13.4761141533839","12.628852352931","13.3867719140126","9.65215518287161","9.61503786168569","9.94490616865965","9.20599203286687","8.46715106760802","8.64507399532146","6.5709120658644","5.20040474859063","6.23600042741287","7.32744449685636","6.19635932474839","4.54156531962687","6.92196634868479","","","","",
"North America","NAC","Total natural resources rents (% of GDP)","NY.GDP.TOTL.RT.ZS","","","","","","","","","","","0.756088223327845","0.747960469416234","0.814494973494384","1.08077004971023","3.50837479147539","3.36250470035519","3.19639615264701","3.22713005914152","2.83211721659686","5.33458918576174","5.97572250993483","4.20337461536309","2.46513191803778","2.80491839885736","2.4959627992263","2.25587512875081","0.983735201406719","1.3388122507365","1.12385096397209","1.21730072908119","1.37021511844266","1.01646997545435","1.05414186295769","1.02626916909577","0.88859072755873","0.937747484016782","1.15845174391493","0.97779012093408","0.623723625868644","0.755752260369507","1.34953659377119","1.08384782476799","0.830759917639976","1.26903797649795","1.500054394547","1.83181296602812","1.38752387869181","1.33754620421266","2.22736087585189","0.845810528962576","1.0807309570406","1.37459428856555","0.843776816453255","0.845534093625808","0.794544625540549","0.242018655002578","0.339519884431947","0.487062735879934","0.688154719590633","0.659942877573157","0.394973652013192","1.56769066645961","","","","",
"Namibia","NAM","Total natural resources rents (% of GDP)","NY.GDP.TOTL.RT.ZS","","","","","","","","","","","","","","","","","","","","","6.32709073146053","4.36349838453125","2.93242885677091","2.40461859920779","3.61016654602263","4.62438650697376","1.39554551088141","2.3265207202648","40.0701634879501","31.9534978771394","10.6504237394718","1.30290832295929","0.661164148708913","0.483065179682821","0.569599897807329","0.812418839940878","0.635076590121081","0.905100157891139","0.755601344112676","0.53266664690255","0.592005978212752","0.634861422008575","0.598634291159831","0.930610729240151","0.794488876889435","1.18277131353143","2.66281251772741","5.84952043001738","2.25103912617622","1.93055021806173","2.39089689019764","2.071941381811","1.73059224032469","1.17402632983259","1.64153563776896","1.8752743624842","2.60379046438201","3.35579400030648","1.26282912430688","1.43731396410693","1.93029383948291","4.03058059383138","","","","",
"New Caledonia","NCL","Total natural resources rents (% of GDP)","NY.GDP.TOTL.RT.ZS","","","","","","","","","","","26.3711477528331","23.1941051066987","12.349017452061","10.290724908234","6.61055958057523","10.6830806868217","14.9876506311187","11.5819923755179","0.037327965131593","3.52924789368662","3.24053233254682","0.040511772517192","0.0593750101361373","0.0612862021813109","0.0430623608637857","0.0403479255032372","0.0353824235642602","0.0333310667358928","20.4088517748954","25.910429277511","3.8914450741585","15.4414081184433","8.11694989032621","4.57005080431414","6.66575291997961","12.6621085496244","9.60898874524346","9.82731109594342","0.429140989832962","1.87001968746066","12.0962606484114","3.76365320238985","4.51767160705527","8.20945366480336","11.7109438932061","8.14294890463805","18.3004085572826","35.2613182298492","2.6112635194797","0.0115765236192026","5.29439177747213","4.13080410068162","0.0114496916463885","0.0105325049427626","0.0126797653775496","0.0128159191409519","0.013426159178997","0.0171317828341953","0.970193483384602","0.0122251541031086","0.0127156723522875","16.7918673249355","","","","",
"Niger","NER","Total natural resources rents (% of GDP)","NY.GDP.TOTL.RT.ZS","","","","","","","","","","","2.15642649408056","1.79809555539492","2.00009779819851","2.76124273902868","2.89703036954256","3.90347470895637","3.59820582756739","5.26028447753184","3.95850335440615","3.24708772729635","3.37707253011045","3.51663633923209","5.40538309182449","4.18980861733725","5.12175739687936","3.91678294350721","4.64311153307121","3.9688029656736","4.32140942121565","4.78732622853214","3.72816593470452","4.04600837257122","4.17192131040536","3.98117218901387","7.56560325669562","9.66585920338205","9.4091389903805","9.53508825403769","8.72521204690945","5.85596347413254","7.26831682770737","6.55942488973714","7.01295308601143","9.26317259194414","7.50759997659221","7.20852272920724","6.89459669021653","8.30057946231934","7.94563898176327","7.96220358501721","6.88472156897825","8.1477117559769","10.3335481762903","11.466881046248","10.2730531340882","9.74015905746736","9.68635453036973","9.37929042574549","6.79609733342576","5.81263963543114","5.56826403591678","6.40907047167716","","","","",
"Nigeria","NGA","Total natural resources rents (% of GDP)","NY.GDP.TOTL.RT.ZS","","","","","","","","","","","2.40487127999705","2.55741611503911","3.48788745824301","5.10429012651809","28.5372790441807","20.2632192033256","17.6857369709696","22.811167641669","19.1238677967885","43.1495814006749","26.7349084099615","4.62850032944711","2.58964272557008","5.72145243241404","9.33482537912517","10.4659288268693","6.41329627493772","11.0207736023425","10.3622543914253","22.8639107598393","25.074565468693","17.70600698125","20.8862430156947","34.2695022219771","23.8551028164568","21.7988932440235","21.4145127823877","18.7360799831083","11.3595895147082","13.0436291752413","24.9357339994509","18.1012267482663","13.6048166584392","15.512504112848","16.775506962461","19.3875677161802","16.6989726330047","15.8610116948726","17.590261235625","10.6511450158162","13.8029914948457","17.5539035632028","15.1485150031193","11.6227181116144","8.78193552361452","4.55410681800406","4.65772615666869","7.80498492445019","9.79850822600435","8.35322267194456","5.07484002483035","8.55295423830806","","","","",
"Nicaragua","NIC","Total natural resources rents (% of GDP)","NY.GDP.TOTL.RT.ZS","","","","","","","","","","","2.40885856192184","2.34097849901731","2.54255312741811","4.17731766434029","3.50288180311536","3.25716706817981","2.39925168437462","2.69135197751205","2.95607089580064","5.46821837663223","5.07164062768281","3.80740659832694","6.10803954821771","2.72550803068277","1.09148823927057","0.87159761953219","0.88235383828891","0.744968291650304","1.07916484996002","2.78255477477445","6.71830601093931","5.33038411064474","3.99413843808385","3.2712641713304","1.62282645767437","1.99078483904908","1.55099338059432","1.89151852264118","1.5777578844684","1.42120426128236","1.3540087539637","1.14847900083655","1.14157988958926","1.12766211906764","1.29185557609837","1.11397978053442","1.57912337410457","1.54258856099957","1.4819143624518","1.31162414000297","4.15315104137442","5.12065108678162","4.62546930334416","4.95048345059701","4.2211834678271","2.10539835608013","3.11297731611032","2.7029582269273","2.02687465495511","1.28485958829485","1.65812864181366","3.84080893833151","","","","",
"Netherlands","NLD","Total natural resources rents (% of GDP)","NY.GDP.TOTL.RT.ZS","","","","","","","","","","","0.203954779722529","0.299859427430099","0.448696139537681","0.359023016278475","1.11592463096896","1.42604913323472","1.46180270524581","1.2704060663552","1.03453308869788","1.60414744069865","1.95479253333674","1.44243612621784","0.632602829279269","1.22026494747578","1.34820621372231","1.35026441320775","0.814529172104673","0.429969391699235","0.306908062791449","0.379325977519366","0.471040288121921","0.323778601151388","0.178289588258885","0.34602761038807","0.306267622412117","0.442963390252791","0.485584007753404","0.493340928346542","0.0649255808085058","0.0714792874701323","0.389447934898109","0.778557219518414","0.552503607344249","0.477294939452294","0.445249259246216","0.345526753433281","0.656627307066423","0.592989048060138","1.04292053969949","0.722759892442524","0.762696109172764","1.02062784943271","1.13202011724154","1.11989801648239","0.689866623445569","0.442606663458837","0.251209116098856","0.283564780405105","0.355103573458477","0.218267467639851","0.0837440351956371","0.340536679351668","","","","",
"Norway","NOR","Total natural resources rents (% of GDP)","NY.GDP.TOTL.RT.ZS","","","","","","","","","","","0.465517286243368","0.404786048619557","0.387711581890813","0.56234403293608","0.828774312372485","1.62172780294574","2.1955347738143","2.00423415085409","2.65681811363608","5.79210698198413","7.65398614597316","5.90065040209239","3.74686463878044","6.05940638230477","6.93402796949859","7.1014943110458","3.07481604069749","3.86482491141938","3.18160420728093","6.27884791368352","7.95301055100865","4.48712749071571","5.00614043528685","5.69359641235468","5.41290313640084","5.61474760517048","8.04348302516781","6.68384489531307","2.00472943152768","5.37886118950569","12.2926602470975","9.86854080068064","8.80703368760757","8.67852288037213","9.49868097130803","10.4924230669843","10.8945313138908","9.56163328120944","12.6176722555388","8.36533197935372","7.66161471850852","10.0323919412624","9.34170992776999","8.16854742910885","7.51744992129352","5.16239861599802","3.86709464602749","5.33590347738304","7.39362211775806","6.26890345034754","4.18128689630728","10.0482763904291","","","","",
"Nepal","NPL","Total natural resources rents (% of GDP)","NY.GDP.TOTL.RT.ZS","","","","","","","","","","","1.54733552047184","1.40228090765575","1.1749585401248","2.11330969788548","2.03976367562661","3.43610026852642","2.28566196708333","9.17268800661966","8.05511841345704","4.15157311191538","4.44285229631757","2.60804394411505","3.33159353706423","2.71558307653882","1.86502116981476","1.15246242455697","1.84637084753971","1.68011844481336","1.521723512077","1.48870391704098","1.74670390277272","1.59616125428007","1.88735566715405","1.52347999741038","1.20002714830637","1.38881148767725","1.32624921845998","1.09066742372569","1.271680096251","1.39481846911413","1.16705846127349","1.06064751974629","1.14182037541713","1.21007972058267","0.901715057589508","0.805920859332569","1.08186046810072","1.35696196558179","1.07437107737277","1.00484448505294","1.47229700729972","1.11680132754903","0.967618550144898","0.844770803744654","0.860719085973924","0.934890235914136","1.03122054018578","0.703261897013786","0.424156459923021","0.446189344690663","0.522630900968538","0.498936909947826","","","","",
"Naoero","NRU","Total natural resources rents (% of GDP)","NY.GDP.TOTL.RT.ZS","","","","","","","","","","","","","","","","","","","","","","","","","","","","","","","","","","","","","","","","","","","","","","","","","","","","","","0","0","0","0","0","0","0","0","0","","","","",
"New Zealand","NZL","Total natural resources rents (% of GDP)","NY.GDP.TOTL.RT.ZS","","","","","","","","","","","","1.03732968004446","0.839214128746163","1.54228540264628","1.34475984813748","1.79902793409043","2.72229020012974","2.15618431390715","2.23712832034121","2.51685210136931","2.65021478345122","2.49722841789111","2.64714278132726","2.14657478680028","2.12075223599141","2.80098132405694","2.01915767614863","1.35299623724326","1.23958036646634","1.68714821198504","2.2066602646069","1.98802568754072","1.98248824531167","2.11385793780318","1.67925532599725","1.58254015084152","1.64017320568105","1.72215855991149","1.4145024360505","1.53777874003186","2.35572401786313","2.09524265570961","1.74199803152753","1.25651895446249","1.09975067280001","1.23602964559984","1.29267923136784","1.3734710448309","2.36269174740727","1.74759128114708","2.1224362002947","2.19427362254657","1.68350699548628","1.52078184314436","1.42914435215029","1.28424903944645","1.04750029579275","1.59353965038242","1.58813238238384","1.50327657838238","1.27246721100633","1.49411356490814","","","","",
"OECD members","OED","Total natural resources rents (% of GDP)","NY.GDP.TOTL.RT.ZS","","","","","","","","","","","0.587140436153922","0.550642847098278","0.555143101345237","0.711144711267863","1.90435706180187","1.85348583508708","1.86592267115493","1.80667510199027","1.50415768568588","2.68660820263235","2.99576303433345","2.45074159783625","1.67975095156998","1.91354111170626","1.79782254245977","1.68545380164747","0.693957998386975","0.820256783233656","0.702817252751199","0.809297737763204","0.892099736081359","0.594768038694534","0.581125232488031","0.572969735508808","0.513081134998076","0.545522017840975","0.675054409989515","0.613988618598619","0.374724659090641","0.4887964527095","0.901167753120259","0.775190847925639","0.64669777756269","0.797614301621301","0.943712428744469","1.17795858620562","1.13270021529557","1.11347445960322","1.61634437687514","0.781588959380468","1.09886671827851","1.40867892696593","1.05958604850365","1.003152222633","0.882329678865426","0.420665007703471","0.437164308682493","0.599836844230116","0.750501829671467","0.663223616044925","0.497448643797188","1.43119967972982","","","","",
"Oman","OMN","Total natural resources rents (% of GDP)","NY.GDP.TOTL.RT.ZS","","","","","","","","","","","43.4542322673313","43.5509010114495","43.7615463301578","51.7813393965075","63.7250762264266","58.2546567012368","56.0746281457364","52.3023768492243","49.6155143971473","79.7407561880243","55.4243207387891","46.9803586575315","37.6829596638167","41.7737554363094","39.3769527935263","40.5551272844964","31.386112510293","41.9005494299817","34.8933019491993","45.4281387750377","50.4824718338721","32.5938448581855","32.5670329025425","32.4067391861547","29.7669582159775","31.8501238195579","37.1448237189533","33.2175926848869","24.2822148573417","32.3229406984525","46.4323533403582","39.6608260982704","36.5156563174369","36.1663480509711","39.6932689656436","46.2910962199201","44.5972509306022","41.3713037014859","40.5020271140744","33.9582915199024","35.1702914756151","43.273814289286","40.4418641958152","38.8455213970653","34.348523798708","21.0999447505156","18.0527768334822","21.3537653208209","27.0144782962431","24.9800297060137","18.8866635649826","29.2115792686173","","","","",
"Other small states","OSS","Total natural resources rents (% of GDP)","NY.GDP.TOTL.RT.ZS","","","","","","","","","","","1.82641722703034","2.12100412880868","2.65720632662434","6.107047874109","34.5371330448254","34.1828785876926","32.9327601548107","29.9912645501781","27.2235076235057","0.533486939879332","32.8019317301727","20.2412097390298","12.7977785930226","16.4520933107546","18.3709243439098","15.6633255912955","9.48765123386594","9.54221987545423","6.61995054375565","8.61607694937429","9.81428802751881","6.4270373197591","6.22302890750224","6.61308536193562","6.09366922391803","5.30971089612978","5.75334056905207","5.58326619389048","3.10221689746564","4.09290324051235","5.93967729662779","4.70068568273983","4.07887103278369","3.96353525685657","4.36665832788784","5.16265908814821","5.87201300578786","4.81958699475889","5.60411876745471","3.53329469211534","4.42078682571004","5.61912275102223","4.97867878323688","3.93315967684023","3.64258779250969","3.75992298398853","2.66126576773703","2.74631132398646","3.35778754076306","3.10540997690029","2.30979688823211","3.50529206713095","","","","",
"Pakistan","PAK","Total natural resources rents (% of GDP)","NY.GDP.TOTL.RT.ZS","","","","","","","","","","","0.790603760586441","0.83745331750132","0.797809183783004","1.68084556037637","4.70696881072063","4.95330318145896","4.56845178800803","5.56539862968078","4.80077820713827","9.32952124704058","1.466589166468","0.892090493692171","0.804194720885462","0.926167538724599","0.740027109128275","1.18197226804322","1.13179976599718","1.23212040443626","0.948200256392376","1.44917698367645","2.11977865414499","1.30092119322708","1.26072573627742","1.07963865492736","1.09863009513407","1.19498484546787","1.33907944190112","1.25323503313593","1.08308340601535","1.50420162560646","1.83884365392209","1.8560030372484","2.20000712578415","2.18530023268376","2.449015487971","2.89116676059003","2.74227699834054","2.2305726195064","2.30185926464357","1.83964954460087","2.27972757975705","2.615759800493","2.56305239816052","2.14619455982111","1.9953468853851","1.22522777965692","0.96533124558749","1.10680683630599","1.24123933516406","1.30340484004876","1.12387026995965","1.43561633294011","","","","",
"Panama","PAN","Total natural resources rents (% of GDP)","NY.GDP.TOTL.RT.ZS","","","","","","","","","","","0.296166240462318","0.238289864301265","0.259186877848345","0.377903458492148","0.353023085576698","0.446101060860949","0.419852982215459","0.511896749094136","0.409459419031917","0.411112391112046","0.509247882437339","0.409213695746405","0.650738215778658","0.295184787867097","0.166557253524524","0.123443847569921","0.119525725610993","0.12454318200335","0.129725445882101","0.141060947774201","0.270038517781232","0.270515828891458","0.241444412443813","0.186976705700625","0.190573130158881","0.243858603386048","0.174799664199064","0.200201312008784","0.150609219935685","0.138366747024726","0.137185387867812","0.124076228094074","0.123117307933687","0.143856414123735","0.160147634592891","0.0987195742549029","0.127267314799788","0.117743566419889","0.109519193886937","0.14470191986794","0.234720390623527","0.269868830701767","0.260441253310238","0.216897753935313","0.231601530644453","0.138690460109424","0.131004580785833","0.124276365709136","0.0994393790926708","0.31611229608813","0.535097865738947","3.6647948599442","","","","",
"Peru","PER","Total natural resources rents (% of GDP)","NY.GDP.TOTL.RT.ZS","","","","","","","","","","","3.73069204984231","2.38211552452317","2.30933647329924","5.20068086600714","6.77763476042509","2.91619652823753","3.59322453922143","3.83602332845731","5.68776522006417","12.8561183247722","15.5496502255791","8.69564679683205","7.17280594431373","9.8582255719547","10.0600182342779","10.4941683519067","4.49667856277587","5.56399950525826","15.4696081483654","14.8132168144043","9.33591696551231","3.44013922413401","2.84163070262317","2.26467553978964","3.01892940642677","3.19428115750427","2.80473952192198","2.59268217140284","1.33224077596512","2.05435185498836","3.00673261080851","1.87027989928496","2.00486620297994","3.0037165322875","6.234603660457","7.82322862890974","13.4308080436867","14.213314090691","12.0258973772881","8.9210124490135","11.2141792512141","12.7665949125059","9.99927931288698","7.65420483078558","5.66292821656372","3.91148648466656","4.40523816648386","5.8962563954339","5.95602611154103","2.49912146958912","3.97961448773443","12.7247082349187","","","","",
"Philippines","PHL","Total natural resources rents (% of GDP)","NY.GDP.TOTL.RT.ZS","","","","","","","","","","","4.12633961425907","3.68497902553641","4.082682110153","6.15626830516728","4.46093588702571","3.4892061452877","3.18969383844306","3.31567540627858","2.50192146970321","4.16852921340345","4.18891412062013","2.42505457279255","2.07273210027528","2.5112681810472","1.85607252972097","1.92701210757033","2.04465673075221","2.31616822098576","2.54759186030404","2.18154837884386","1.69171115258321","0.915508168360545","0.720713572482038","0.53965209898247","0.582102556841532","0.790667957806218","0.566314498398356","0.617866059930157","0.543037780193669","0.350020818173585","0.464605311146084","0.364822695488848","0.559004078335385","0.772663756762627","0.875871134569893","0.891170286368252","1.4699734534733","2.90665631792163","1.52340699760132","1.1747398877258","2.11755801672482","2.84367320905718","1.55356736359168","1.1859412840883","1.5089650931856","0.758148274430124","0.661597167675748","0.964596437230551","0.943783444739612","0.78530018741462","0.764112790267085","1.97263339590791","","","","",
"Palau","PLW","Total natural resources rents (% of GDP)","NY.GDP.TOTL.RT.ZS","","","","","","","","","","","","","","","","","","","","","","","","","","","","","","","","","","","","","","","","","0","0","0","0","0","0","0","0","0","0","0","0","0","0","0","0","0","0","0","0","0","0","","","","",
"Papua New Guinea","PNG","Total natural resources rents (% of GDP)","NY.GDP.TOTL.RT.ZS","","","","","","","","","","","1.90820091270164","1.84546489068877","16.7131224688609","28.2123617458145","30.571485208406","20.5404355739123","19.7305989878801","19.0498460069848","18.3631305454108","22.3521519220003","25.1506139115283","20.1296054759951","19.9372287742569","20.8523675802419","15.5144396694103","21.0178195683985","20.3957401418907","24.2590852878059","25.4597675502336","24.361898734598","23.014711608676","18.2529417838879","21.1079821473631","22.42832098677","21.1315448258749","26.6836251789136","20.9580370465991","12.6784825145613","13.9562495211202","17.3650563766783","25.7002086888519","17.505282726103","19.8483010320863","22.084810442314","28.790794029329","31.2020381442888","27.4026305651904","24.2068320642901","25.3611419818964","18.9071661714619","27.8968249359842","26.2680889498874","15.8152886420978","11.6658602971436","14.02772535223","12.7384528214768","14.3368397378808","16.0436340949199","16.921880825492","13.8152037166577","11.9417254747487","27.3866812481734","","","","",
"Poland","POL","Total natural resources rents (% of GDP)","NY.GDP.TOTL.RT.ZS","","","","","","","","","","","","","","","","","","","","","","","","","","","","","","","3.39655197453992","2.13956315004938","1.7158490482036","1.25337859784623","0.964498482798245","1.12137264225809","0.836661886376283","0.824176286532763","0.472405290594329","0.411421201078829","0.607750041899211","0.785713115899639","0.565655329458689","0.598445982092893","1.44432044481015","1.16882023675091","1.60097843809302","1.36253196224239","2.04775399554984","1.14376244780615","4.33027218366267","5.71416347861788","3.79887246755542","3.33330904653522","3.15767703778128","1.29098319489632","2.02624729962296","3.06146096477289","2.71315064903734","0.671601200907606","0.535468929487005","1.03024380772929","","","","",
"Pre-demographic dividend","PRE","Total natural resources rents (% of GDP)","NY.GDP.TOTL.RT.ZS","","","","","","","","","","","5.50867287165021","7.04714580225432","6.98606855770642","10.5512726346981","26.392982687195","21.3616725565483","20.5852904111837","21.872814766467","19.1668330935322","3.3785617640651","26.3832994532732","8.3631517239525","6.86064819333723","9.26738098073054","11.5861988084179","12.6944808015501","8.37057204285786","11.6722128741864","11.5573155629765","17.2806286012619","11.8147951601725","9.75701678242638","13.1303740003013","16.8302840165906","17.7165317158316","17.8344455430842","18.0398256174928","16.4688881657833","11.8502797586093","13.9872640826582","21.6673828272466","17.6197812809894","15.2494024026168","15.2550876714487","18.0388144199054","22.1303152710123","21.890272251599","21.7843236070422","25.4958135397816","16.0905658332828","19.3047607555696","23.7101842180046","21.7792085784659","18.5799438983781","16.1097700034542","10.9453273410866","11.2943531839366","14.4201462191642","16.6165854389012","13.4351132068063","9.08035990234512","15.4305434503705","","","","",
"Puerto Rico (US)","PRI","Total natural resources rents (% of GDP)","NY.GDP.TOTL.RT.ZS","","","","","","","","","","","0","0","0","0","0","0","0","0","0","0","0","0","0","0","0","0","0","0","0","0","0","0","0","0","0","0","0","0","0","0","0","0","0","0","0","0","0","0","0","0","0","0","0","0","0","0","0","0","0","0","0","0","","","","",
"Korea, Dem. People's Rep.","PRK","Total natural resources rents (% of GDP)","NY.GDP.TOTL.RT.ZS","","","","","","","","","","","","","","","","","","","","","","","","","","","","","","","","","","","","","","","","","","","","","","","","","","","","","","","","","","","","","","","","","","",
"Portugal","PRT","Total natural resources rents (% of GDP)","NY.GDP.TOTL.RT.ZS","","","","","","","","","","","0.402078534597682","0.338839663058718","0.352387204589981","0.428577784471517","0.417738450345352","0.464422695654828","0.433118757310074","0.387677065550786","0.523981647259251","0.57338292474762","0.514268960153663","0.368295345847844","0.390147491660045","0.432050882916485","0.393938156780298","0.449473072962573","0.389874207079794","0.31592797206491","0.294749259344241","0.441925309843158","0.353535880722632","0.347835779409533","0.240130077310568","0.247523198874665","0.275050958251768","0.283476976163833","0.176788595247803","0.152173553464931","0.108050728456992","0.105493667840588","0.149104429691798","0.114793187807955","0.116829503783309","0.113795339898129","0.150870867227772","0.164403580588561","0.282892334825025","0.276602758813046","0.240482694574169","0.110113966795685","0.219238742769667","0.244908396407978","0.259819202336753","0.196206023994317","0.204731493524196","0.159709580402046","0.158382699146323","0.191626691576631","0.240667367524237","0.221431953517005","0.200282467054982","0.291415692065373","","","","",
"Paraguay","PRY","Total natural resources rents (% of GDP)","NY.GDP.TOTL.RT.ZS","","","","","","","","","","","2.21625938792502","1.92757812584444","1.88205383230075","2.65514128609806","2.24323292392818","3.07991424860286","2.25922942783651","2.71973088995866","2.88230504610329","3.6253089058354","3.15119242612141","2.35408506285109","3.28216809148719","2.10422574969908","1.82797912330096","2.52489039990134","3.051943031492","3.4696285924182","2.80975350822624","3.11665484835302","2.70185516463716","2.37235297949305","2.58028051902425","2.65203801608256","2.2446170941753","2.63965820175389","2.22608401252279","2.01417230058798","1.90038248473524","1.75811595698581","1.46125820906746","1.60887106842193","2.06807979138211","2.14219181665103","1.64919367692685","1.6488717465954","1.92110670134396","1.74879846359446","1.53670993415519","1.62701325231846","2.08299287196264","1.67187532266737","1.69034010085165","1.6980914846184","1.68579710915118","1.69931574477657","1.89364402448299","1.68483913659766","1.51126155574886","1.37779411178328","1.68263325547904","1.34701587848651","","","","",
"West Bank and Gaza","PSE","Total natural resources rents (% of GDP)","NY.GDP.TOTL.RT.ZS","","","","","","","","","","","","","","","","","","","","","","","","","","","","","","","","","","","0","0","0","0","0","0","0","0","0","0","0","0","0","0","0","0","0","0","0","0","0","0","0","0","0","0","0","0","","","","",
"Pacific island small states","PSS","Total natural resources rents (% of GDP)","NY.GDP.TOTL.RT.ZS","","","","","","","","","","","0.32516901829987","1.10198993746494","1.26218285765423","2.00116228240586","1.66740810549385","1.55597681273885","1.18715015883285","1.40167715107055","1.12959687488347","1.67346312012608","2.14932754581225","1.59896635094166","2.34014412258888","2.24363943255959","1.66186322774578","1.87473602591645","2.16311985556698","2.68464804217919","2.5114009904992","2.56000334204758","2.34019277839815","1.52456747866668","1.85630452878969","2.06501537220746","2.0137274636827","2.15904152496082","2.22367472511356","1.56940125651797","1.73603247139727","1.45253655365447","1.27808737203029","1.31632099310369","1.31950491011175","1.63530620065083","1.29732922602409","1.52100955957136","1.77707897869581","2.35008636174374","2.77434650691263","2.44133379635524","3.30914425021073","3.82634514226515","4.10439890552928","3.40995083468814","3.68394760773797","3.01420654536378","2.68117103036878","4.02097614049892","3.99671117189388","3.53448950845598","3.87804958047881","4.0665361751726","","","","",
"Post-demographic dividend","PST","Total natural resources rents (% of GDP)","NY.GDP.TOTL.RT.ZS","","","","","","","","","","","0.538179869593358","0.515230896083239","0.524247470621939","0.65935789239069","1.82114924327217","1.79936520032721","1.80306311825463","1.75240868130282","1.44260369946243","2.54566452925883","2.77941032477904","2.25625888840249","1.510049981198","1.69043651783298","1.59267789532647","1.50721774671506","0.618372025310427","0.715062763090221","0.613101766580275","0.68996008832009","0.759899283025745","0.524636753541285","0.522678218456576","0.517030338364458","0.452920427963673","0.471626893999556","0.595797388752403","0.539428298808457","0.332926769002343","0.42543096669268","0.807646280860546","0.708161906567965","0.573956270296899","0.724874586043827","0.836252955519998","1.03988503385216","0.926855528696809","0.927614749084869","1.43552720451097","0.662292922709701","0.893877714914706","1.11877934826518","0.794491874314733","0.772809934470909","0.681935757160993","0.329184060161551","0.355121584833789","0.489278348182542","0.625464140637216","0.600691568075328","0.439867428597175","1.30772431307563","","","","",
"French Polynesia","PYF","Total natural resources rents (% of GDP)","NY.GDP.TOTL.RT.ZS","","","","","","","","","","","0.002302418711271","0.00147594326951785","0.00189468814813462","0.00387788768459094","0.00264038397432275","0.00207851909573032","0.00243122476671923","0.00321931886941871","0.00201266120253367","0.00230731392411562","0.00239254002938117","0.0016323780049432","0.00144907966806429","0.00144621166216502","0.00109548682714437","0.00100431583005806","0.00107548353217361","0.000907871817767834","0.0009144642286684","0.000933424391674056","0.000781607022911922","0.000873772607728755","0.00111205893824746","0.000955097471011598","0.00125238169055411","0.0018480469928257","0.00199947194238976","0.00197219152700706","0.00156847900287844","0.000852016194534836","0.000923405568411174","0.00109973288513005","0.00112832300291278","0.00134212901664791","0.00134167927665698","0.00161049592795588","0.00198941880824569","0.00251149008152981","0.00342826908429782","0.00338024749046429","0.00376946842807292","0.00445979228108619","0.00440591554696973","0.00393738902973948","0.00535731271800958","0.00480407187747372","0.00509988947957939","0.00585109251958065","0.00356522146444518","0.0033458094981088","0.0040573140478639","0.00357012625688161","","","","",
"Qatar","QAT","Total natural resources rents (% of GDP)","NY.GDP.TOTL.RT.ZS","","","","","","","","","","","37.4696829951354","46.3906025430646","50.8532986131429","58.6820256163359","74.8734152319438","63.7231074699633","58.6718339714033","49.5959251128115","49.6054468385898","87.0500370706523","69.6727254744178","48.4259713999691","35.9420824483227","38.7640718632537","51.9947044816644","39.4325945733056","26.3239238919461","30.2869309450601","27.3457161147685","38.7060914550314","51.1563710851958","30.947600992743","31.0430464352945","31.0679845701832","31.3030814660206","30.3700282846225","40.4522254159196","38.1292391146277","31.7112212236269","38.3017177527763","46.571294588063","42.0793085562037","37.9053779549672","39.0219328822431","39.9025622867651","43.620803037963","39.1119310588412","35.6959140693704","36.928035954367","29.0898330327173","32.4299374160987","36.7182426077088","35.1062400831471","32.063390113225","27.6978144663127","19.0641343344092","15.9817678598717","18.8986723864413","23.9995278669173","22.3739866660968","20.2259593186526","27.2897873992471","","","","",
"Romania","ROU","Total natural resources rents (% of GDP)","NY.GDP.TOTL.RT.ZS","","","","","","","","","","","","","","","","","","","","","","","","","","","","4.37344170708416","3.63116548771508","3.8894684973646","4.64557648417955","3.57616353248063","3.8633729309159","3.69409596054371","2.88460531330831","3.07045552464862","3.34668155928831","2.97859588012488","0.882017283353692","1.69587051167238","3.46123165499051","3.50818907610252","2.7112003162552","2.46447091859139","2.42710528670431","1.9812708693419","2.07748693260267","1.63281122949123","2.1230453115181","1.43548196399429","1.71353438994212","2.28817644873145","2.18833144039798","1.87595138869643","1.51017281377838","0.975979399576012","0.688993508362941","0.884924035595192","1.07026334712177","0.798252105262357","0.508984051380759","1.144376067244","","","","",
"Russian Federation","RUS","Total natural resources rents (% of GDP)","NY.GDP.TOTL.RT.ZS","","","","","","","","","","","","","","","","","","","","","","","","","","","","","5.81803316378109","9.3814582434218","12.732460585784","6.26609182608552","7.92090688488057","7.61983790170856","6.87370636107636","9.15926099813667","10.4926691422543","8.83139882948576","4.27229659862483","11.829566491586","21.5026961545567","19.5086027305984","16.9811963787946","16.8227791604724","16.4102250034065","17.4165849709082","18.0379914298715","15.7870611841198","19.1049787037836","14.4591281726985","13.6767287816453","16.2675600700583","14.293372457197","12.799885012616","12.4271978897589","9.761666714108","8.19418914130003","9.71546623895349","14.4734868157828","12.2071140110196","7.58812544004463","18.5109394363314","","","","",
"Rwanda","RWA","Total natural resources rents (% of GDP)","NY.GDP.TOTL.RT.ZS","","","","","","","","","","","8.50922579142472","7.16288187340273","7.4611464774351","11.2542018468393","12.863239570351","9.10472685803002","7.51706741789223","12.7214707383522","10.9556521458843","8.06524085271775","8.89576594463147","6.81811359576048","9.33713957226746","5.91027367395893","5.28749508709697","3.66674500218186","4.90908311339379","4.25485970778176","4.16475561602675","4.75814483100351","4.72583219210236","6.40620877911743","6.09947850153358","4.9550664127714","16.2356771043754","12.5820173506779","12.5562103954282","11.1289184176388","10.8743027819111","6.48164523292645","5.03496552984893","5.37510520142139","6.4377693588679","9.07682974388652","7.02043949824649","5.9570253928291","5.2964919730077","6.22572427896954","8.30580145177946","6.935422955435","6.48655252910732","6.99565680326328","6.39423290634701","6.50475580749802","6.4521550362679","5.77813915585401","5.99862102587479","6.01492971463291","4.71387568610559","3.81709032313618","4.10481845130795","4.01723634071877","","","","",
"South Asia","SAS","Total natural resources rents (% of GDP)","NY.GDP.TOTL.RT.ZS","","","","","","","","","","","0.674847037214044","0.813944963111007","0.820768926347688","0.952137226662598","1.46972461552108","2.65624246224306","2.73174436364159","3.85584574649755","3.29391919937223","3.02571911439943","2.67621008374795","3.52218268223146","3.77614174604065","3.22987972277593","3.02369139438192","3.11025921227827","2.20037355327135","2.00054362000493","1.90445966293707","2.57859672550736","3.0829859382523","2.76578095949918","2.51886477553297","2.18025366134531","1.91005866482185","2.27956493100768","2.21670542652668","1.96339644640971","1.60549059864465","1.68286501929312","2.23301860549415","2.2137633284752","2.15800141203913","2.06869399729546","2.91077621281472","3.36669538300688","3.64371354105057","4.12233981123706","6.42982550955229","3.09940782425614","4.14081558048884","4.84942629055164","3.69319465194819","3.32846307746969","2.56301669224213","1.63866841754404","1.58568533736593","1.79018456265595","2.00324012469638","1.7952813828694","1.58063875870192","2.76936071804782","","","","",
"Saudi Arabia","SAU","Total natural resources rents (% of GDP)","NY.GDP.TOTL.RT.ZS","","","","","","","","","","","25.6178285718857","29.7183489560075","36.4640803456637","43.2714266518105","67.5207160134123","54.3839536263905","53.0613712172026","51.9140998377149","44.9125645737099","87.2846183260415","70.4665073207524","55.8014376178588","36.912900705725","34.9686636412614","34.0894843992739","28.10899311062","23.943284598958","28.0081795220358","27.0050726562585","34.9346845256811","47.2009452516739","30.6033571366628","31.4732076623802","30.4861528754163","27.4348819959504","29.0242473614603","34.3754116977828","30.2153995363377","22.2730147519679","27.9778749101784","42.6687976015313","34.5968576950563","32.4379936618598","38.0176108810544","43.622529277929","49.9329268031463","50.7560683000309","48.4725676503893","55.0244289481432","35.7727355951894","38.8834681571132","50.2036438017781","48.5007097596571","45.530927478843","41.3384300115975","24.8553045322483","20.7349959872418","24.4865557580774","29.2707418122277","25.453167735458","17.3184270283149","25.5652418188141","","","","",
"Sudan","SDN","Total natural resources rents (% of GDP)","NY.GDP.TOTL.RT.ZS","","","","","","","","","","","0.00206075424467077","0","0","0","0.000110978115774158","9.21363969717858E-06","0","0","0","0.000258762363486766","0.00116168233281095","0.000609521789789679","0.000623779297160664","0.00117246217561036","0.00189043818810678","0.00169109834169476","0.00169106564616655","0.00361294641254496","0.00884892867545331","0.00586216495874874","0.000654942802720502","0.000462824993682063","0.0174385079751148","0.0133327100348666","0.00255693005909925","0.0427456379560599","0.274840736390095","0.255819521815062","0.258068906339198","2.11461180296093","10.7834600175368","6.91016926563004","7.22283531579549","7.00622430942374","10.1433483895059","12.4802287524508","12.5389562552987","13.677466454982","17.9797789026983","9.8427070618575","11.9428584964653","16.7759073133375","6.64669345938477","7.51778871746273","5.17423775201674","2.97569090164715","2.74050635867162","2.48029512284545","6.14770644131694","8.25976911220096","9.29265238055366","12.7502116848016","","","","",
"Senegal","SEN","Total natural resources rents (% of GDP)","NY.GDP.TOTL.RT.ZS","","","","","","","","","","","1.4609198354403","1.29366523212848","1.26613919594832","1.79572967422626","5.06959954541257","4.87851363704667","2.60664234723553","5.20223094334932","2.86095627451724","2.33802341475992","2.70355918297515","3.00095137387989","3.26840550572895","2.67579557938313","2.39647212000019","1.91500070147572","1.85367997196011","1.47181860946565","1.60499921783647","1.69699495127336","1.87545259934578","1.86432788630972","1.80049228182136","1.71662861750787","2.86762061306599","3.18664555624364","3.02761794615437","3.07704868778912","2.95479045072932","2.11828025209017","2.30805328155825","2.05976120051983","2.2894897302113","2.68475374294378","1.97163158742871","1.9916257642601","1.9932129479554","2.3034822903582","3.07242721618133","3.83444920218272","2.97597316384999","3.6495940769705","4.86398118749562","3.42436224964169","3.1569476524477","3.47911885653568","3.9796411050175","3.21232528542185","2.88655464408866","2.75988310568798","2.86963190075436","4.40159712005452","","","","",
"Singapore","SGP","Total natural resources rents (% of GDP)","NY.GDP.TOTL.RT.ZS","","","","","","","","","","","0.00408314093355003","0.00245530166589818","0.00318410083640528","0.0075048800233091","0.00559342511040176","0.00391531497528914","0.00323927237688353","0.00146222737952749","0.00196742445718705","0.0016007422852391","0.00257926718008528","0.0011263869616139","0.000835113811323879","0.000763830759730898","0.00100098475660571","0.00116136256467985","0.00195844070222803","0.00169630261074216","0.00135878804842763","0.00110914083221739","0.000920371570597071","0.000727895187167592","0.00102103321482271","0.000671956825673195","0.000735973829980071","0.000949987923543962","0.000831818439672971","0.000727257745572007","0.00070994707950462","0.000371764816770873","0.000326034372238966","0.000402379159230447","0.000433988190805362","0.00059371726127004","0.000555644983388465","0.000547061404429524","0.00365545459554034","0.00685518128899803","0.0253865664259656","0.00678567168470838","0.038512160672046","0.154301445478482","0.143294198627007","0.119459449682427","0.104879469325881","0.0343911572935456","0.029353972319112","0.000452888881904618","0.000188767152938037","0.000169266160429021","0.00024207226855629","0.000180989109199595","","","","",
"Solomon Islands","SLB","Total natural resources rents (% of GDP)","NY.GDP.TOTL.RT.ZS","","","","","","","","","","","","5.10510919745374","8.36906932251907","10.7414277350652","5.54645002353663","7.81181666976005","6.94643073110915","7.81995820505025","5.55900586293936","7.25894780557872","6.98743061643678","5.56509938874547","9.60942950717985","10.0367347474498","6.57631960201665","7.95151192280602","9.90095126042166","8.76295406070215","6.85355694325807","7.59770451012007","7.86293738578808","6.2142107100762","10.3288304300451","8.83206209578327","7.83655222485728","8.48557107754738","9.17628352334643","5.51220192622891","6.55748308361476","6.23057589734974","5.2621771900403","5.62366918680554","7.11043995156603","9.62018845302295","7.43048542464874","8.97922922933814","10.6910961000805","16.6857707308539","18.6314854935","12.9304859284596","15.7647772737329","19.9027124452237","20.8519077419093","17.7681136707893","20.6416871336495","16.6664900887493","14.3004643478535","22.9192896376451","22.3396585662881","19.145353163623","19.1938888891881","18.395048524098","","","","",
"Sierra Leone","SLE","Total natural resources rents (% of GDP)","NY.GDP.TOTL.RT.ZS","","","","","","","","","","","7.84917180666127","7.76128600036138","7.49333979824727","8.18385743482295","9.27055349046428","10.77638517617","10.2263304239708","15.2782684590894","11.2944494529241","8.8595676872024","10.4874243786702","9.02758744883039","10.5386663282049","10.2812536436439","9.30024741918731","9.60840408861008","22.0276769922435","14.2930288720551","10.004891147993","12.5137848161604","19.7972836043128","15.6144440320081","18.3516089663806","11.783513864103","11.3606935001772","15.8876053628025","14.6082170583381","16.2134698202213","21.6619843703457","13.3682577279386","14.2566872840621","8.05230833851418","8.43552502197745","12.876788824159","11.1023236756794","9.90200209747713","9.42718135843611","12.2555158372532","11.6115795671527","12.2691742280754","10.5288662404631","10.9869587677677","9.77051963302454","7.22686963531629","8.02771244072182","10.5713602396516","14.6732645434772","14.9365306672881","8.55532841443589","7.49079656656829","8.22978194152241","9.03701414128967","","","","",
"El Salvador","SLV","Total natural resources rents (% of GDP)","NY.GDP.TOTL.RT.ZS","","","","","","","","","","","0.665403519489661","0.560225235097351","0.597484203276049","0.905902565675756","0.859785461148193","1.0649069816702","0.719383907483744","0.979926992373096","0.946397844613884","1.0138434976764","1.23033029538047","1.16699839530315","2.41779685409581","0.837906222885134","0.479037840519068","0.299327904544524","0.308831582836903","0.304132434269338","0.314971553798585","0.333174467121873","0.835429774031668","1.10154936595353","0.781151128746524","0.559922378466846","0.567410530010439","0.77923195419577","0.509551084760622","0.820568279143213","0.653989579847932","0.5553467617329","0.497077305664038","0.485786941180763","0.470738093792746","0.464556781953447","0.452387405870909","0.546622489459469","1.10993470507458","1.02476871768865","1.1698028573412","0.715439137322185","1.02874215933074","0.832361782908174","0.771015636279707","0.938918673106463","1.0550593254644","0.850742982932215","1.0221138126124","0.88816041131789","0.663649690465912","0.562349124959244","0.764177304476048","0.535264947589614","","","","",
"San Marino","SMR","Total natural resources rents (% of GDP)","NY.GDP.TOTL.RT.ZS","","","","","","","","","","","","","","","","","","","","","","","","","","","","","","","","","","","","","","","","0","0","0","0","0","0","0","0","0","0","0","0","0","0","0","0","0","0","0","0","0","0","","","","","",
"Somalia, Fed. Rep.","SOM","Total natural resources rents (% of GDP)","NY.GDP.TOTL.RT.ZS","","","","","","","","","","","4.7012253652722","3.99020326758254","3.5814651941892","5.21784703445966","6.65462440324456","5.86845350187241","4.75722627125512","14.2510557407336","13.2112488583113","12.1543655056934","15.3376618134501","12.0089206137493","15.9634725528061","11.3515372520521","9.8362608967673","6.33199978781604","9.79158576575213","8.70364676484303","9.48998762484786","9.22376823661948","13.4864824653409","","","","","","","","","","","","","","","","","","","","","","","17.8127642098138","18.2921917574279","18.8761765982543","19.5454511774019","18.697269661953","11.735774261604","10.7304105687897","11.455284804417","11.2356934915275","","","","",
"Serbia","SRB","Total natural resources rents (% of GDP)","NY.GDP.TOTL.RT.ZS","","","","","","","","","","","","","","","","","","","","","","","","","","","","","","","","","","","","0.669092065367452","0.527409241981988","0.333527259917736","0.195087574224892","0.311891670595921","2.33274311334293","1.50240352241228","0.628709984358027","0.535968883702967","1.75377809041674","1.24346302195652","1.500776590768","1.55422939890246","2.85101542369955","1.29420135500539","2.51068899120357","3.35044641406988","2.77478070010415","2.05963239192195","1.89442302636645","1.27718856590432","1.17155898842791","1.52263044010001","1.54067953539602","1.19461693747908","0.947608509343353","1.74631766481948","","","","",
"Sub-Saharan Africa (excluding high income)","SSA","Total natural resources rents (% of GDP)","NY.GDP.TOTL.RT.ZS","","","","","","","","","","","4.33678321516781","3.93900906426612","4.05581610592499","5.69939679069696","12.4544009085849","9.7398376232902","9.89495180410689","11.5697393533557","9.31882827801794","17.6745692158217","15.1428930737201","7.17690171359008","6.42893370408304","7.53042135525872","7.53233453160437","9.41288689539461","7.12048981806481","7.9491415559753","8.17616597062565","10.4642978264755","10.7175975603028","8.25889052104412","9.2766541120658","11.0914843603063","11.2602159331231","12.3224816749511","13.151934588558","11.6878923408524","8.49915599545675","6.76057060721333","10.923010480782","9.58484376867107","9.45412094631112","9.26479144273498","10.1712296157798","12.701531200762","13.1558374835202","14.2293862284206","18.3521571509508","10.687367634282","12.9399252564338","15.5015542563801","13.6465582389094","11.6821046036247","9.64792354904564","6.3904037802758","6.84352130642026","8.32765282105775","8.63377020994696","7.69788742032748","6.03556140622977","10.048859393724","","","","",
"South Sudan","SSD","Total natural resources rents (% of GDP)","NY.GDP.TOTL.RT.ZS","","","","","","","","","","","","","","","","","","","","","","","","","","","","","","","","","","","","","","","","","","","","","","","","","58.2776601424041","35.188657039956","43.7092935094988","51.7868586633182","5.60460947133863","14.7084526216951","28.4570049428564","13.0532234224485","","","","","","","","","","",
"Sub-Saharan Africa","SSF","Total natural resources rents (% of GDP)","NY.GDP.TOTL.RT.ZS","","","","","","","","","","","4.33545319542359","3.93779646345264","4.05437362518535","5.69745339889192","12.4526234014216","9.73852293665807","9.89379043918559","11.5679593899585","9.31696499427707","17.6716475248326","15.1338629480683","7.17373481837291","6.42596548619134","7.52649317641719","7.52770091326258","9.40589111413979","7.11423362477296","7.9417699944832","8.16818960463331","10.45352282153","10.7063888995978","8.25078550812034","9.26492836321849","11.0762643919587","11.244696803757","12.3085574193218","13.1387502085976","11.6754047617308","8.48937571337331","6.74934750892724","10.9060909595948","9.56918957045829","9.43831151574325","9.252364965047","10.1581103049391","12.6865454973992","13.1413245297444","14.2158864051147","18.338390622938","10.6801315767121","12.9313550456448","15.491680006061","13.6379647176734","11.6736536090358","9.64096715276049","6.38505413630127","6.83658939851923","8.31940068675994","8.62530164714638","7.69091936028886","6.03125257516059","10.041932653574","","","","",
"Small states","SST","Total natural resources rents (% of GDP)","NY.GDP.TOTL.RT.ZS","","","","","","","","","","","3.96630327405443","3.63733645801302","3.04540105796661","2.63993360179375","2.78296997254855","2.37658009474186","31.1272779361281","27.3280982245611","25.1933775552469","1.55053519983399","27.2444063639552","18.2989278614271","10.4271243520654","12.692421255397","13.8214699551922","12.4289576756541","7.57172621281308","8.28948726477595","6.00111196269395","7.97978675119035","9.26950441846603","6.01384725805269","5.80219239202233","6.12615745194047","5.71915689978482","5.33617519943297","5.79606294795207","5.19587643511883","2.92261385415701","3.92182576966324","5.57471353069622","4.37181309973534","4.14052750777271","4.10223191137218","4.49979023743791","5.85643199637579","6.7114915309964","5.8347781566102","6.60559161493799","4.9144060714073","5.69203834656701","7.84556120832345","7.25002850586167","6.28207482649179","5.33875005615424","3.90366725035852","3.01149201111314","3.32733094752438","3.97123618403445","3.69061875544036","2.82536310143204","4.67255582842515","","","","",
"Sao Tome and Principe","STP","Total natural resources rents (% of GDP)","NY.GDP.TOTL.RT.ZS","","","","","","","","","","","","","","","","","","","","","","","","","","","","","","","","","","","","","","","","","","2.97851781674319","3.20434365847031","4.00630925326351","3.05849147819464","2.74523195490654","2.68486078996349","3.62146494582258","3.51834389031727","3.5091899751829","3.97441398723173","3.82221922487921","3.81740404574064","3.33902231905861","3.04723492306762","3.41287577328636","3.27531389837999","3.15239782697584","2.33693840944991","2.04664899329107","1.98018939747641","1.88439596006627","","","","",
"Suriname","SUR","Total natural resources rents (% of GDP)","NY.GDP.TOTL.RT.ZS","","","","","","","","","","","17.8700023254966","17.8624590248963","18.7417647729893","14.6266811217403","28.4605828237216","16.5693044361395","17.3169540746777","18.1790813533758","16.2920776303593","14.2431744831896","14.3988413188888","12.2470769944789","11.0450255529325","9.59453938438348","11.1148200276506","12.0743392070621","10.1999614112829","5.66291354582063","6.26983668102382","17.9456663503837","24.9251550632949","19.9460123835592","22.8639354771962","16.3479624727372","13.5676097350674","9.7655832957579","10.6504016452728","8.94786757802082","4.90955761131605","7.92111939836538","12.3387388089747","11.6233257963328","7.86803705064934","6.93494800304082","8.9413724509072","15.2004474166859","13.1868444010477","14.3924082867818","15.9675361939534","11.3987131377577","22.1694362010361","31.9335594131783","29.1297720421828","20.7444083074763","13.3454910423686","5.12495877980327","15.0617975898749","19.7854729048857","8.44388268533074","6.83251753458721","4.60122863820656","9.59272209392741","","","","",
"Slovak Republic","SVK","Total natural resources rents (% of GDP)","NY.GDP.TOTL.RT.ZS","","","","","","","","","","","","","","","","","","","","","","","","","","","","","","","0.183389027050841","0.110997318441033","0.0565910675447282","0.830401181586743","0.536439465100375","0.498550713214508","0.489853876392068","0.378012958126354","0.330940623478682","0.356253003675616","0.404812702829579","0.359441674513417","0.257190615969929","0.256611358525381","0.300470034071033","0.320443991598652","0.295365970628096","0.320032290067116","0.384452093508407","0.269772306103852","0.337208259001387","0.359867998454853","0.325157520045924","0.296934539699268","0.288569282906269","0.26302479249352","0.261669771629207","0.333116894336664","0.289202597240663","0.251989434209045","0.219233025168727","0.226150293544136","","","","",
"Slovenia","SVN","Total natural resources rents (% of GDP)","NY.GDP.TOTL.RT.ZS","","","","","","","","","","","","","","","","","","","","","","","","","","","","","","","","","","","","0.194232755918525","0.193183540777698","0.183659778680949","0.136929271401127","0.131329520324845","0.165849101778217","0.199306385689207","0.13744231201025","0.144377050092285","0.234121034135071","0.184333376963884","0.211639433767345","0.231396138446941","0.393053204516194","0.206333476418366","0.300599361470026","0.35989971304657","0.252704524589708","0.206400677505941","0.264570914876485","0.263848700764214","0.261246243560769","0.268545994107094","0.261790471547443","0.23437135303998","0.214171558575469","0.189323915465621","","","","",
"Sweden","SWE","Total natural resources rents (% of GDP)","NY.GDP.TOTL.RT.ZS","","","","","","","","","","","0.806038115139766","0.749416006016062","0.627217956457721","0.957214943703862","1.11921642140004","0.772216775954683","0.795635131345747","0.577888644136187","0.625860479410648","0.703481874521711","0.636926549164139","0.578720816344427","0.658317439351591","0.654339146805078","0.522823729601192","0.554642289083712","0.482363252063517","0.438906988166469","0.701237326921411","0.725256142369899","0.454474775423161","0.292402559012758","0.286668949478264","0.382328611450851","0.364459334860803","0.39523491032722","0.304507220475052","0.352089818196316","0.339398189675043","0.271024961238607","0.313367613234087","0.322643494072171","0.321564907171153","0.263508968727942","0.238576047242459","0.436646674359194","0.441406275820555","0.649093880537934","0.653208439558389","0.34427300932069","1.41416853353088","1.6957695570353","1.06629092584269","1.00193412946544","0.908726777199877","0.488159781498559","0.722466863316197","1.04602397797532","1.06109616438888","0.404780111504663","0.370599691340783","1.20827979934218","","","","",
"Eswatini","SWZ","Total natural resources rents (% of GDP)","NY.GDP.TOTL.RT.ZS","","","","","","","","","","","17.3963038109363","15.0597432086332","8.63783807986707","6.69106391170173","8.36767450415574","14.6435695586253","15.1877912178144","12.5608773550601","14.4191040315086","13.1624653456814","10.1316137159358","11.001808698618","12.4259358187246","6.82994817807093","10.7645984174907","21.4686941721906","7.9742116409962","5.51521361101247","8.65227228141971","8.82549328216776","5.59468301267685","4.79420832466728","4.38880978587526","4.22765551319908","4.05796378289217","4.1186163619443","4.44658303431243","3.8630347045267","4.11892279507686","3.24174582656197","2.96474122584246","3.46238536598299","4.47317674745905","2.85629396804877","2.36992798917747","2.05352202116111","2.01403860027349","2.65465043431262","3.77519043420084","2.67177186311795","2.3895930131961","2.64276236861755","4.18067033297096","4.50064467722075","3.43977917921013","3.40740844429257","4.60471033148777","4.03940046980401","3.14380015317315","3.2760764754406","3.38164464300091","2.99915237990705","","","","",
"Sint Maarten (Dutch part)","SXM","Total natural resources rents (% of GDP)","NY.GDP.TOTL.RT.ZS","","","","","","","","","","","","","","","","","","","","","","","","","","","","","","","","","","","","","","","","","","","","","","","","","","","","0","0","0","0","0","0","0","0","","","","","","","",
"Seychelles","SYC","Total natural resources rents (% of GDP)","NY.GDP.TOTL.RT.ZS","","","","","","","","","","","0","0","0","0","0","0","0","0","0","0","0","0","0","0","0","0","0","0","0","0","0.124123297587184","0.111514883493607","0.109511997038486","0.101569572131425","0.101996080131255","0.119075541245383","0.111417504052815","0.08862974332445","0.0821548448881146","0.0744368313246236","0.106839697103305","0.100866292801415","0.104835241294799","0.118386036607082","0.0655728027215241","0.0909496426772842","0.102807711673663","0.108712512691565","0.178453829903448","0.160955511131527","0.146953956678162","0.149780680938161","0.1644793129234","0.136887236537623","0.122451367247677","0.100073979606541","0.0990332020466637","0.11671286310133","0.121453194976473","0.0974947166802459","0.13148617576909","0.120645132507182","","","","",
"Syrian Arab Republic","SYR","Total natural resources rents (% of GDP)","NY.GDP.TOTL.RT.ZS","","","","","","","","","","","1.5450322950587","2.21858067371676","2.64251256095484","3.5139686639891","10.7547188082191","12.3441434991293","11.7451234179676","10.9097779642099","10.0034111294709","16.9308024629187","15.4041425276246","10.9313069502048","8.09840716012353","7.87878974472753","7.54386116855297","6.53581018233061","2.76781443090502","4.02200843566106","7.53397116720068","12.0427508489341","14.6262400223917","9.29385718953599","8.48567383462419","7.54976151505174","6.07802847816542","6.06788933260159","6.02905380947082","5.04580136221127","3.10750320061054","4.48504926571727","6.45786585558319","5.22698243829877","5.48864248955815","5.8103150487949","4.83903739957955","5.53488198706116","5.40934294961658","4.80807293077512","5.63988552760689","3.3008620480675","4.10943264371734","20.3536054160127","15.2359708811944","10.4697183432435","5.74137102637288","3.61325134885599","3.17208654310089","3.11485462954234","3.35036111849182","3.76931985084524","6.37482598047532","","","","","",
"Turks and Caicos Islands","TCA","Total natural resources rents (% of GDP)","NY.GDP.TOTL.RT.ZS","","","","","","","","","","","","","","","","","","","","","","","","","","","","","","","","","","","","","","","","","","0.00195017578846437","0.00177744045909041","0.00176369859536628","0.00160774282106281","0.00137263351421437","0.00165189492161972","0.00166099161014742","0.00165092058226261","0.00192412123548456","0.00470190017585731","0.00387136232153088","0.00388988760953433","0.00513935047593194","0.00597028510106603","0.00415130851289815","0.00520201843450933","0.00448799747282142","0.00277281674159693","0.00235664810158653","0.00416657969513341","0.00326750077470616","","","","",
"Chad","TCD","Total natural resources rents (% of GDP)","NY.GDP.TOTL.RT.ZS","","","","","","","","","","","3.97796114841242","3.41327687868115","3.47021052678578","5.08371241731335","5.81663743279141","5.68186561420352","5.35463116003651","8.09744940757087","7.21980942866371","8.47665819315549","10.0783919659402","10.370678498481","14.6271123152802","10.034189434446","8.31292207832378","5.7303662971421","8.60106538644531","7.90416622031188","6.58618031747852","7.07578489310118","7.51734818693891","6.91105202800515","7.23066186985987","8.50696655660757","12.1988096377489","14.2163486584076","12.7277173769849","12.4551814464249","11.6316656029818","9.50402148727577","10.5734977135563","8.36504776729485","8.65186088391704","14.3393379007977","34.9264279168197","36.3205988355502","34.2599109523942","33.0605206762299","33.9195928441547","19.3963985864073","23.7814056347722","28.1688125971144","24.7933556227023","20.0436304196548","15.6882203824047","11.9712071081449","13.110061160108","16.8846139020106","20.9399413766231","19.6499588651766","13.9330901678111","21.3429312625159","","","","",
"East Asia & Pacific (IDA & IBRD countries)","TEA","Total natural resources rents (% of GDP)","NY.GDP.TOTL.RT.ZS","","","","","","","","","","","1.8232204762874","1.81098417110917","2.43988473720725","4.31978704388956","7.85463923198897","9.00823315140926","10.605458728022","11.1659133711404","11.5305948511442","19.1929705511082","19.6627512507828","16.4439688400928","13.4714868988342","12.1642432259618","10.352352383924","9.72653301753906","6.4181714828182","7.63335262423906","7.09334930513758","8.22806538317946","9.26960091059725","6.52439326004338","6.12279932812429","5.19659043764181","4.21663255363438","4.18607062432239","3.95616283218674","3.35651771932069","2.68032862471831","2.7971161618592","4.08268433564002","3.60402656749686","2.95067907670218","3.20363481954791","5.40069908488106","5.92027380577685","6.17492350093207","6.7544513037312","9.50490004873411","4.29147989629671","6.3096752998054","7.63579985966873","4.40480448930623","3.36514570971316","2.77342707573095","1.5349553383613","1.35374298762153","1.64954939591655","1.82585304080303","1.57314140387813","1.1001985787818","2.09967893068391","","","","",
"Europe & Central Asia (IDA & IBRD countries)","TEC","Total natural resources rents (% of GDP)","NY.GDP.TOTL.RT.ZS","","","","","","","","","","","0.691508496870238","0.660287783036747","0.580501952483688","0.782691076207577","1.18135732065411","0.916591008911233","0.935880834464155","0.819877007022891","0.811207187137414","0.844103057889608","1.43082037673975","1.52440057491627","1.47353797746615","1.17860106034608","1.25454464288356","1.25713143213745","0.760212316312135","2.09283733500564","4.68569205191384","6.91937640653468","8.68645744255518","4.55706676091708","5.32126431659174","4.88372046143006","4.40077314548374","4.76443016746129","5.19160013830628","4.38998216309663","1.67019032199273","3.63770621261272","7.98003514604463","8.53376677066207","7.3824786554457","7.34449267954647","7.84453644130145","8.52007985211076","9.65524067407194","8.83722287481524","11.2766839659401","7.83448437239774","8.59581121088139","11.0169380762817","9.63141898832014","8.47065669873318","7.79649943589084","5.10774649415776","4.41243605097967","5.798210565821","8.27360163843046","6.66589555462092","4.12432762641276","10.0911044271425","","","","",
"Togo","TGO","Total natural resources rents (% of GDP)","NY.GDP.TOTL.RT.ZS","","","","","","","","","","","6.38800580954129","4.97557071631962","4.87646389201072","6.78043653276118","21.3653539059003","15.4888874494839","11.0659830829157","23.1063597566266","9.99923874965317","9.29110311279225","9.92010964421417","11.0159333630954","14.8722804110022","11.0888374694251","9.56439313923457","7.87100479290926","7.15321880449411","5.59683136135332","5.59521461306537","5.85673980592305","6.11169329304312","6.29687124613528","6.23238965823591","7.36144125463647","11.1059991161753","12.6268567305943","11.2517302304362","10.6753886502018","10.3801458110484","6.80166561450354","7.14401583181283","6.64861942296073","6.84815672076429","9.30157253117212","6.31025984592111","6.87103075962386","8.39328796217993","10.5484843902413","15.1545627268664","14.6752963580582","11.3076284343152","17.924810571738","20.9936889901917","15.5653200902369","13.3950715961836","12.7280087175611","9.003109569313","7.77733835842081","4.87362329556752","4.32587635811955","4.73168572169493","7.86417419787513","","","","",
"Thailand","THA","Total natural resources rents (% of GDP)","NY.GDP.TOTL.RT.ZS","","","","","","","","","","","1.11813278200826","1.03267591925657","1.49120591811501","2.30164957035895","2.27658465295209","1.7729244908987","1.68996207277702","2.23420162722544","1.8109720590934","2.45153531748761","2.27082745223484","1.303709851431","1.28352200007881","1.23098552421632","1.16489160653116","1.46043795536249","1.21696229951166","1.19322890113549","1.40066437896741","1.37641657663299","1.20375710987377","0.809732902461381","0.842725546694055","0.728072272061621","0.737820725865071","0.794698605026913","0.884654104500189","1.1194897221251","1.13200555125819","1.10201089053417","2.03569797727683","1.94127427905778","1.74432562114147","2.29161140202485","2.39381750940094","2.84717140955297","2.88566054006214","2.75732969055044","3.62309704439162","2.40093157400913","2.73568032123207","3.14709998160529","2.90571167294829","2.61852748014065","2.8228271736769","1.93092320697655","1.5532188768547","1.63215260676224","1.81670642609227","1.51242491485513","1.1095683956846","1.8170265297611","","","","",
"Tajikistan","TJK","Total natural resources rents (% of GDP)","NY.GDP.TOTL.RT.ZS","","","","","","","","","","","","","","","","","","","","","","","","","","","","","","","1.69355094045864","1.86307000298545","0.714722404668352","0.586346091471546","0.500991605733205","0.827377198461063","0.911480712324929","0.876321242763277","0.286222519684449","0.617502657171856","1.03361279036881","0.805848988816504","0.870841445154547","0.771708158446555","0.670242624415773","0.573554955696277","0.806534780212606","0.755300010566859","0.83611428208625","0.667149274578302","1.67499054637824","2.03753218816376","1.70765801661998","1.3294136907651","2.19331996280515","2.26536441077173","3.80725838932103","4.54778525164425","5.40040742136206","5.22368712777317","5.13513488386848","9.04634759702914","","","","",
"Turkmenistan","TKM","Total natural resources rents (% of GDP)","NY.GDP.TOTL.RT.ZS","","","","","","","","","","","","","","","","","","","","","","","","","","","","66.9863376249531","42.9046542359707","56.7797686076664","75.1906858388906","40.5147794176787","29.6105678051655","42.4720293155611","34.1757031378678","47.6696604159181","58.5978853551026","40.3711114117977","6.66996650893168","18.7194907376426","59.3410849589971","75.3659098606219","52.4472081690816","48.7135348522424","44.100559936972","43.1678316179969","51.478078444309","49.2587863251987","56.9658866272325","22.9354468837346","23.2100512626625","34.2784349181735","30.8737007585666","27.4926438120002","20.1759840166561","15.4827871650235","9.65761604863881","13.0262092742703","20.0690091609088","13.4925127713072","","","","","","",
"Latin America & the Caribbean (IDA & IBRD countries)","TLA","Total natural resources rents (% of GDP)","NY.GDP.TOTL.RT.ZS","","","","","","","","","","","2.1738798551532","1.99066832934221","1.94989951674231","2.57963258137157","5.74063797488721","4.78403877939571","4.79703152324601","4.08314708884332","3.94601267669777","8.27419199409935","9.01203852704215","6.86091816658795","5.41087214132533","7.45072231001827","7.19588757973188","6.7587806169677","3.56263457604644","4.95418146162742","4.34436064113073","5.40961684058479","6.09283871693238","3.53541798010606","3.35885874961013","2.71498580113998","2.41533036456607","2.81257364929354","3.12120817869166","2.67111121994807","1.64315940244548","2.67820127095185","3.99760619744918","3.2178347818063","3.77558107238943","4.11289058562672","5.04096106257067","6.40931737388188","7.33960571146054","6.90354669770498","7.51442825288185","4.18372277338966","5.34224716225064","6.9583486659728","6.1741394483744","5.37806269236238","4.46565867289869","2.37191866278849","2.26834843105051","2.71839176979659","3.47405729728893","2.71967033487893","2.55831948263278","6.29672477224178","","","","",
"Timor-Leste","TLS","Total natural resources rents (% of GDP)","NY.GDP.TOTL.RT.ZS","","","","","","","","","","","","","","","","","","","","","","","","","","","","","","","","","","","","","","","","","0.403626442484974","0.349604288511654","0.385732111728361","0.520108397399869","","","","","","","","","","","","79.4309494383903","44.5556159738805","44.8705165836223","62.7689541343655","44.8952633775622","34.3932968859447","34.7297460391742","","","","",
"Middle East, North Africa, Afghanistan & Pakistan (IDA & IBRD)","TMN","Total natural resources rents (% of GDP)","NY.GDP.TOTL.RT.ZS","","","","","","","","","","","6.42360358200759","7.41901436060286","8.49632674051293","11.7177518732629","33.7135984371282","28.0224148402719","26.3677464009601","25.0919316291428","24.3517462238003","28.7096926723664","30.5720633734589","21.2467002484004","16.1037526226878","14.9184683412079","14.422816228167","13.6764934121205","6.44685624935928","10.8708150497201","10.5180935155804","15.3832312190413","15.3636384481025","","9.80862758751354","13.5603889946257","14.3945208165918","12.6451826201509","13.4034280468418","12.4257295574481","8.82386462554253","12.0347972148925","18.0840177429414","14.9962575565091","14.8127402350713","15.2921964567864","18.6282175152467","23.7521587013441","24.8197445660307","22.548778478233","26.00571978948","16.4268969895953","18.7806963662241","21.3314559117089","20.5437190131861","19.4462793611808","17.7042572154479","10.4152679019881","9.07210374435573","12.4006875473527","18.3277849938274","15.3459684619713","9.84533493707802","16.2372522312841","","","","",
"Tonga","TON","Total natural resources rents (% of GDP)","NY.GDP.TOTL.RT.ZS","","","","","","","","","","","","","","","","0.0403340343938181","0.0470036730758095","0.0583036609453","0.0386457211566714","0.0509803858835904","0.0480588805669918","0.024815562894719","0.403824411182441","0.159189841878654","0.109551126954798","0.200602048708139","0.202477559081077","0.182378380371624","0.136672266634792","0.150967598552069","0.0790821090507851","0.0709410563790071","0.0738748430297598","0.0783017810668079","0.0583899433181254","0.066306271778409","0.0635689367095886","0.0487477295034594","0.0547913596038476","0.0294183638681561","0.0280007129178722","0.0334836324185704","0.0356624746568151","0.0416732311926056","0.0314037620833385","0.0240156319029119","0.0365612699976649","0.0481607338181629","0.0556292226810907","0.0549399979848963","0.0485079387936127","0.0478419579924403","0.0398683612912305","0.0401188794815067","0.0521558048423682","0.0421389970297059","0.0453861467678001","0.0540904435129096","0.0399575891818241","0.0355539728781376","0.0390440712702677","0.0407524657583253","","","","",
"South Asia (IDA & IBRD)","TSA","Total natural resources rents (% of GDP)","NY.GDP.TOTL.RT.ZS","","","","","","","","","","","0.674847037214044","0.813944963111007","0.820768926347688","0.952137226662598","1.46972461552108","2.65624246224306","2.73174436364159","3.85584574649755","3.29391919937223","3.02571911439943","2.67621008374795","3.52218268223146","3.77614174604064","3.22987972277593","3.02369139438192","3.11025921227827","2.20037355327135","2.00054362000493","1.90445966293707","2.57859672550736","3.0829859382523","2.76578095949918","2.51886477553297","2.18025366134531","1.91005866482185","2.27956493100768","2.21670542652667","1.96339644640971","1.60549059864465","1.68286501929312","2.23301860549415","2.2137633284752","2.15800141203913","2.06869399729546","2.91077621281472","3.36669538300688","3.64371354105057","4.12233981123706","6.42982550955229","3.09940782425614","4.14081558048884","4.84942629055164","3.69319465194819","3.32846307746969","2.56301669224213","1.63866841754404","1.58568533736593","1.79018456265595","2.00324012469638","1.7952813828694","1.58063875870192","2.76936071804782","","","","",
"Sub-Saharan Africa (IDA & IBRD countries)","TSS","Total natural resources rents (% of GDP)","NY.GDP.TOTL.RT.ZS","","","","","","","","","","","4.33545319542359","3.93779646345264","4.05437362518535","5.69745339889192","12.4526234014216","9.73852293665807","9.89379043918559","11.5679593899585","9.31696499427707","17.6716475248326","15.1338629480683","7.17373481837291","6.42596548619133","7.52649317641719","7.52770091326258","9.40589111413979","7.11423362477296","7.94176999448321","8.16818960463331","10.45352282153","10.7063888995978","8.25078550812034","9.26492836321849","11.0762643919587","11.244696803757","12.3085574193218","13.1387502085976","11.6754047617308","8.4893757133733","6.74934750892724","10.9060909595948","9.56918957045829","9.43831151574325","9.252364965047","10.1581103049391","12.6865454973992","13.1413245297444","14.2158864051147","18.338390622938","10.6801315767121","12.9313550456448","15.491680006061","13.6379647176734","11.6736536090358","9.6409671527605","6.38505413630127","6.83658939851923","8.31940068675994","8.62530164714638","7.69091936028886","6.03125257516059","10.041932653574","","","","",
"Trinidad and Tobago","TTO","Total natural resources rents (% of GDP)","NY.GDP.TOTL.RT.ZS","","","","","","","","","","","2.66520628395588","3.68919626622523","3.94244402210158","6.7792149463876","27.0601076564267","25.329052429758","26.197454730186","18.6436215890676","18.203841789284","34.6172963287602","31.7095191215405","26.5160240191568","10.1444184759994","13.4510583620697","14.8053270922348","15.6372870423073","10.2376806482195","14.455249019627","11.6783599395421","17.7989659641862","20.5879235091486","11.5073668472607","10.8205959394007","12.3546906500105","11.4174897882619","12.3694001900686","13.9994543672843","12.4304855931719","6.55905261383883","10.4893735592622","14.0818626378959","10.1729837328617","11.8982860535807","10.6549102773187","10.8323099394832","16.0670386642135","18.3898478452635","15.9606779203426","15.2710339879178","16.147506232455","13.5019281289188","21.1902057775941","19.0454490519432","18.9417880426583","15.5987828212435","7.5354554955632","4.12214241273861","5.76137730000007","11.2320374302733","11.0689882994292","5.88215476519225","7.85936855870429","","","","",
"Tunisia","TUN","Total natural resources rents (% of GDP)","NY.GDP.TOTL.RT.ZS","","","","","","","","","","","2.64701204889956","2.84765995785413","2.58904892727844","3.16136253524118","12.9693148210027","11.8874057302457","7.96871796948033","10.3919484733045","7.97608446709825","16.7962405045451","16.3274536291379","14.7451039139464","11.9459956312539","12.3246913575706","11.9264304068146","11.1042804410053","5.28827285111382","6.2684247728336","5.18093555021038","7.07627418430688","6.83369084394394","4.51914681373049","4.1417308543683","3.59324724939908","2.89996078234431","2.71456241635544","3.08155016721926","2.58194906905437","1.81269534648363","2.33524520432869","3.70327177976697","2.92496870132318","2.84157068666264","2.55468043997787","3.04495874209081","4.33097628210826","4.79955838418535","6.35147319614426","9.88012098886805","6.99090855049675","5.80230500738706","6.26002372605509","6.61237658820711","5.46168537320013","4.59413759866907","2.68828674720116","2.18515588296029","2.51025972718522","2.82187987069052","2.24739229652362","1.46717230583582","2.24923087429424","","","","",
"Turkiye","TUR","Total natural resources rents (% of GDP)","NY.GDP.TOTL.RT.ZS","","","","","","","","","","","0.691508496870237","0.660287783036748","0.580501952483688","0.782691076207577","1.18135732065411","0.916591008911233","0.935880834464155","0.819877007022891","0.811207187137413","0.844103057889607","1.31003163850486","1.40008444114803","1.29579898215648","1.09237511450636","1.00783590108818","0.941646421996475","0.638436345907208","0.569724766766546","0.687907906754663","0.687433292869705","0.593252933490782","0.422691780652098","0.46820837493823","0.357725426982687","0.396471923426751","0.365520641620309","0.375047056554969","0.290640491419618","0.143921581818923","0.183061333622872","0.241654018503172","0.290748556810644","0.208352788307941","0.185862775534768","0.258039998415792","0.246555610028496","0.338060205831875","0.393584701213481","0.622799886391042","0.390043503554907","1.0333326630856","1.15599036897188","0.748490714870341","0.621362748916478","0.515494221044849","0.259377096732697","0.381853603415781","0.379263394718781","0.52996663633101","0.382779823529053","0.397202384078982","0.827048726504594","","","","",
"Tuvalu","TUV","Total natural resources rents (% of GDP)","NY.GDP.TOTL.RT.ZS","","","","","","","","","","","","","","","","","","","","","","","","","","","","","","","0","0","0","0","0","0","0","0","0","0","0","0","0","0","0","0","0","0","0","0","0","0","0","0","0","0","0","0","0","0","0","0","","","","",
"Tanzania","TZA","Total natural resources rents (% of GDP)","NY.GDP.TOTL.RT.ZS","","","","","","","","","","","","","","","","","","","","","","","","","","","","","7.41272141367178","8.87374369964573","11.4997378177027","10.0163865837553","11.410630074846","10.7264303519087","11.6131347862386","14.0466657457605","11.2990228895592","8.87332092455647","5.72964123320078","3.76820743854737","3.75533581161388","4.04412476360876","4.85747358130828","6.86273700817164","5.35429372711806","4.99358813102763","5.52196373960203","6.20610344090512","5.0765951351817","5.53625650735826","5.55945838220369","7.33646177996057","6.8325198508577","5.76723525319283","5.04690559304949","5.30193884393363","5.61603835789229","5.13616759488345","3.61159728659091","3.53145044367484","3.85169508025186","6.69370906979479","","","","",
"Uganda","UGA","Total natural resources rents (% of GDP)","NY.GDP.TOTL.RT.ZS","","","","","","","","","","","8.80478953828317","6.66692828417963","7.16171548895926","10.62718599286","9.72443659264343","10.9064338364906","9.80366902148694","14.3710418710117","18.5212570758175","20.9013499219011","44.6568514789293","36.7308035256211","31.2139734791776","20.0856216064087","11.4624131489679","8.93281206376038","12.7378972321606","7.78871224675071","8.15709709204748","10.3293805450757","15.8107071000485","20.6020937391219","25.2354992448034","19.4993042079813","19.0034403813129","19.509460753546","18.5824681208781","16.8500438638723","16.7918484266104","12.463772500312","12.0494143938765","12.4643931713023","14.2481201571521","20.8852302359366","15.1925629839147","13.9239561199514","13.2519669621419","16.1640796388529","16.4379945980784","9.46245873827469","8.10229439370414","9.15620849237058","10.6585708011681","10.6586103842094","10.3312319703494","10.7947576138514","12.7336513052995","12.1305147407764","8.38888217833344","7.38833937837014","7.56349041713714","7.47552032336567","","","","",
"Ukraine","UKR","Total natural resources rents (% of GDP)","NY.GDP.TOTL.RT.ZS","","","","","","","","","","","","","","","","","","","","","","","","","","","","1.16066130538696","0.742038456638624","0.837869785245183","3.25259182027431","2.52691475149282","4.37288223354","2.68084890080396","2.16005249023886","3.00013519630908","3.00659576743048","2.3661179742638","1.82031485198517","1.8914890284607","3.37065587715521","4.2625129241196","3.31708349401602","3.00747829119925","3.35413577019042","4.34601419220758","4.59204338036687","5.41574038243989","7.94411211992449","4.78921031716247","7.06385110746983","7.90825649188772","4.70265519474683","3.99136453684378","3.6083209332499","2.59911540564351","2.39942596673544","2.95421204623726","2.91046955095297","1.73179870039083","1.09312749593482","7.5129023639251","","","","",
"Upper middle income","UMC","Total natural resources rents (% of GDP)","NY.GDP.TOTL.RT.ZS","","","","","","","","","","","2.21972369476137","2.33265893245857","2.68445618669971","3.79346938925641","8.99668531639453","8.62407710634513","9.32308510986783","9.28246964831605","8.87530124508552","12.4407264612153","14.7778697389098","10.9566519909355","9.41854945104375","9.8542592177787","8.92413074697743","8.82853572127021","5.02910475783897","6.44044926283736","5.93175660406462","7.28394937627845","7.98516865998039","4.64395881006675","4.41677203002433","4.2786951937176","3.7368179889195","3.76788825383652","3.97726671997841","3.46483116960478","2.49187567511549","3.40857385012989","5.24388917332357","4.55082346589416","4.37506258140513","4.54603636867463","6.2628302332152","7.45944586806932","7.98680909735307","8.02762818967656","10.2638602869746","5.41222541494797","7.05140257573946","8.44814151799877","6.40299865344488","5.3265825791094","4.50787967173792","2.48117567168461","2.25317542012354","2.79291349117856","3.51226080375922","2.91049084318458","1.97447516700727","3.83910394444758","","","","",
"Uruguay","URY","Total natural resources rents (% of GDP)","NY.GDP.TOTL.RT.ZS","","","","","","","","","","","0.322386078932525","0.222743642863594","0.336209013529804","0.322927266850039","0.347445032338042","0.587504922348985","0.490450894785166","0.689798671942369","0.617880874022491","0.562525802436918","0.370143323481429","0.338559734053496","0.75211698857212","0.561298210575033","0.410109138487593","0.312036163850282","0.383931061389656","0.401934080990468","0.358229002901247","0.3910926834157","0.60644469736533","0.547745702244625","0.524820143871655","0.442303519058191","0.375584936110432","0.44852566255986","0.381449645677067","0.401275809484488","0.327248533539315","0.301658893171144","0.193328084228466","0.216877824747985","0.45458997663173","0.632377734235131","0.800895044345689","0.806565485741014","1.12340438595144","1.28842123844774","1.56798161399914","1.34673827245616","2.02169884847788","1.43709496222999","1.17962644777555","1.29138043579779","1.45872376049256","1.85218241655473","1.74168715941962","1.82938511988003","1.97299244228802","1.70632780467724","2.29343009292959","1.92773520463627","","","","",
"United States","USA","Total natural resources rents (% of GDP)","NY.GDP.TOTL.RT.ZS","","","","","","","","","","","0.65568149303359","0.667661828608719","0.729815851646216","0.91132816425109","3.27619947384599","3.23053256837185","3.09034779340366","3.11411864965977","2.7284929152032","5.04456547753607","5.68150196298393","4.04888001250875","2.39193449570472","2.66669832726867","2.33920575265163","2.09298182286231","0.910129605763473","1.2173139452471","0.96888198069868","1.07193822037119","1.23250818918509","0.908448702232653","0.93569465521117","0.892085449925274","0.761582644142974","0.815170233171652","0.999135594441053","0.84570606694479","0.548987113142318","0.642858628809835","1.11328917528516","0.915678454324647","0.689227378994075","1.0459220644239","1.25369196394813","1.49664347432686","1.13066389011262","1.07811498701399","1.92914075974883","0.743921134944805","0.968704075093042","1.23502930471558","0.776694501385092","0.750833995599957","0.703153661885122","0.234371770177788","0.303325431060077","0.427546323641111","0.595678810382377","0.557098125905551","0.329505971924439","1.27994423022721","","","","",
"Uzbekistan","UZB","Total natural resources rents (% of GDP)","NY.GDP.TOTL.RT.ZS","","","","","","","","","","","","","","","","","","","","","","","","","","","","","","","8.7165812511313","5.1847025392328","5.66659756131721","8.10684159636021","7.74856166967531","11.1179090432586","10.6468479718971","10.1136804153901","1.90257531931013","2.75191080361565","13.0415850904654","23.6268314045495","20.2621767791619","21.8113636692648","18.7848672272018","15.384751249307","25.5491555225991","22.592298325054","30.0514470934068","18.630930613669","14.7836491186156","19.0673372740717","17.2844522443221","14.6803511298882","10.3618681106859","7.25480371959986","6.72025279446491","12.0271937236882","18.6507971459477","10.8569985159248","9.08357795040879","20.46516083278","","","","",
"St. Vincent and the Grenadines","VCT","Total natural resources rents (% of GDP)","NY.GDP.TOTL.RT.ZS","","","","","","","","","","","0.148289020933756","0.114288745771492","0.0884377799666364","0.143905499394235","0.145813119220863","0.206139295361174","0.170702546251859","0.195745691218065","0.155600703236279","0.145979529574717","0.144859321662233","0.105898388548023","0.205833993426447","0.0629120738457404","0.0339255219858147","0.0194525128585581","0.0172707351061509","0.0157054568737053","0.0134251189848831","0.0123340439046558","0.0381885135804425","0.0425641654860947","0.0362265042098019","0.0271048201256189","0.0310089031416114","0.0368255678169312","0.0255986941131515","0.0343912073578112","0.0273078795269573","0.0220430636250947","0.0197308869123896","0.0180467018441428","0.0151801262417854","0.015347834892368","0.0145943068486417","0.0134063462217842","0.0171699193285803","0.0157871725548066","0.0161514365672412","0.0148951275322513","0.0333656636694466","0.028465453623185","0.0269643348103745","0.034115439439788","0.0423946065801886","0.0312630692791454","0.0407859033307733","0.0329828886778541","0.0209304790297473","0.018299980174056","0.0256464367493511","0.0193291690653381","","","","",
"Venezuela, RB","VEN","Total natural resources rents (% of GDP)","NY.GDP.TOTL.RT.ZS","","","","","","","","","","","5.48772130601331","7.38794104909662","7.19271915747182","10.7554427076038","33.9478841729493","24.8915014056924","22.9931513860828","16.1985343555775","15.8263995123574","36.481380981255","34.4312946645093","24.750858904318","13.1086608763643","17.0995109701258","19.0260300794035","16.3107385078032","8.00102414924425","15.9166311155573","10.0130859589153","20.9626504331607","29.2548511239111","16.6639894189064","15.7571776112482","15.7932181812518","16.2198265911409","15.1363210095652","23.8367720643582","18.0963540802062","9.06347009522954","13.269532614572","20.5761295010598","15.3442903568827","19.4545884689745","21.8955843439596","23.8297115705399","29.2230041014033","28.0774680117788","23.1186941835454","23.9223070628002","10.5416668243022","12.380878328857","24.4753357613612","18.7812359044725","17.6253449138361","11.8465082797294","","","","","","","","","","","",
"British Virgin Islands","VGB","Total natural resources rents (% of GDP)","NY.GDP.TOTL.RT.ZS","","","","","","","","","","","","","","","","","","","","","","","","","","","","","","","","","","","","","","","","","","","","","","","","","","","","","","","","","","","","","","","","","","",
"Virgin Islands (U.S.)","VIR","Total natural resources rents (% of GDP)","NY.GDP.TOTL.RT.ZS","","","","","","","","","","","","","","","","","","","","","","","","","","","","","","","","","","","","","","","","","","","0","5.53610623916158E-05","4.55087436911593","2.303477558914","2.4815703726033","3.8258764076629","9.54949861751269","1.83139190991551","3.45978934522894","4.1047335352688","1.96183734012522","1.34622849772001","0.85274473054265","0.448439817567942","0.440640386181765","0.458057890874122","0.372382849153501","0.247081553705368","0.205447216042101","","","","","",
"Viet Nam","VNM","Total natural resources rents (% of GDP)","NY.GDP.TOTL.RT.ZS","","","","","","","","","","","","","","","","","","","","","","","","","","2.16947033947215","1.46541596979983","1.16167437420428","1.76270601643729","9.25339598228214","12.3278452336478","8.02299122246395","10.2593518493001","7.69223871824485","6.73816649187403","7.28047435709847","7.00278823071902","5.75041182361485","4.5585937085968","5.6404762468781","9.69222818683314","7.98035643169834","7.4254913633254","7.95488668034576","11.7642910494755","12.1341965365962","12.2305390234099","11.4131853552874","13.9196883964883","7.40088651172265","7.4812809152762","9.06944428635118","7.29867693307343","5.91331153505454","5.66094916066902","3.38333033260239","2.68357593807147","3.21350443557147","3.26009968480725","2.50068260501281","1.8108819584417","2.54701708790768","","","","",
"Vanuatu","VUT","Total natural resources rents (% of GDP)","NY.GDP.TOTL.RT.ZS","","","","","","","","","","","","","","","","","","","","0.389461009713959","0.438448403636614","0.427636877065928","0.437453595539394","0.57061208718886","0.319525642153426","0.521780225908603","0.702266387384926","1.11958762050581","0.930082160202383","1.04300184245329","0.905461979093577","0.808883670002989","0.847710648390005","0.960482973035334","0.870192111528628","0.938812813187722","0.908437357701725","0.690819286912999","0.647688718052586","0.830092672505644","0.802617573481721","0.75567411241593","0.798636115210123","0.912412528807683","0.675079281587889","0.56881892988079","0.65556136825846","0.783751103579609","0.975476260660565","0.871792337326022","0.832399543964073","0.844354134271983","0.801186721952393","0.752150306423104","0.987395102309584","0.815485061379561","0.816331822730397","0.902392843807671","0.60798151676621","0.547725243089635","0.629507608350041","0.568069760913224","","","","",
"World","WLD","Total natural resources rents (% of GDP)","NY.GDP.TOTL.RT.ZS","","","","","","","","","","","0.993997371257013","0.976624865240277","1.05655801032977","1.45618200280679","4.12560310106708","3.82406493950938","4.04248775899088","3.97991987028535","3.37646807594821","5.61423198165113","6.32570949831205","5.00578248960937","3.57509328409522","3.66762585161313","3.45135880649092","3.19148692685856","1.5488988783919","1.79690564630466","1.70956162716662","2.16919419347171","2.55555841110115","1.53968311984985","1.53150842921318","1.56782855584201","1.41882561220744","1.50270921934463","1.76641658529546","1.62215080854269","1.04417860618131","1.28289602135587","2.23904667351311","1.95289052494487","1.77327150079029","1.99644260992145","2.51806537250386","3.24161254633201","3.53926555427394","3.63596193902672","5.01711249367597","2.77089970616251","3.69222874020404","4.82617358799221","4.07354039839488","3.64465943022609","3.14919601481735","1.7458360811844","1.561175691416","1.98765492782455","2.52245241027779","2.17899428300728","1.48533037695024","3.06144858257677","","","","",
"Samoa","WSM","Total natural resources rents (% of GDP)","NY.GDP.TOTL.RT.ZS","","","","","","","","","","","","","","","","","","","","","","","2.4636516931667","2.55383477860408","1.76370730234947","1.94542164127481","2.3930565673958","2.55881804638767","2.01391522935983","2.35456121909763","2.16159951859595","2.34171442149304","2.50825881893117","2.61533072519854","1.71614207340125","2.02450058778076","1.85156487059107","1.2951021020926","1.29191261556716","1.08116476851778","0.47111704310974","0.551007408390949","0.567747940965295","0.558162847387572","0.403326023249032","0.311289651963659","0.259331274861089","0.330598374650033","0.468263247489721","0.443535455037048","0.410594291707161","0.479148651100215","0.39649921551572","0.354470433710273","0.514371821253179","0.385043626528853","0.425429774129313","0.482469410561221","0.264678611319933","0.232259603701569","0.301640791056231","0.280275449205485","","","","",
"Kosovo","XKX","Total natural resources rents (% of GDP)","NY.GDP.TOTL.RT.ZS","","","","","","","","","","","","","","","","","","","","","","","","","","","","","","","","","","","","","","","","","","","","","","","","","3.46974810931307","1.27548398495597","2.55556688241113","2.41955836525131","0.984751666231743","0.528578459655645","0.522780519330801","0.345818043207918","0.394911793338711","0.559517101853948","0.582555742632103","0.403302686372993","0.405629883811269","0.928898942515976","","","","",
"Yemen, Rep.","YEM","Total natural resources rents (% of GDP)","NY.GDP.TOTL.RT.ZS","","","","","","","","","","","","","","","","","","","","","","","","","","","","","","","28.7239963483386","16.9654041700333","15.0904519189363","20.7792199233029","36.825688374024","40.1598943510304","36.5843551114901","29.832525277783","21.6895961696112","28.9441851432533","41.4063455621789","33.2270815659587","31.0497728852744","32.1919199005229","34.1535884387229","41.1656856093808","40.4987746786826","33.0050730617766","33.8694342767331","21.001304593999","23.5484181707179","25.9395800444886","18.8463591940271","13.5874899680381","10.9650660396012","2.06582147254408","0.766194564986369","2.00088361190121","4.87867391772049","","","","","","","",
"South Africa","ZAF","Total natural resources rents (% of GDP)","NY.GDP.TOTL.RT.ZS","","","","","","","","","","","1.66319689663623","2.27229555164516","2.25095786277391","2.46019338628727","4.17188319911569","4.56503787992989","5.14924829428581","5.52869096191121","4.73080336676493","7.86535008976527","13.527306658855","11.020952107359","10.7813376290142","9.1053548000585","5.36043298111018","10.8450678188133","8.66048788524986","7.10334308912649","6.90012319771553","6.49961862512435","5.69756198732845","5.44865900528835","4.45678523091591","4.45349964332174","4.76625199005595","4.03562638417749","4.64270090290704","3.69265986755738","3.11344933385369","2.48859050822074","3.71688450048923","4.94658656928292","4.67923392268105","2.99086668200306","4.77963979439938","4.56849246597233","5.2274047401405","6.3657074741337","11.9900580422374","4.93797499670312","6.84683101275869","7.81466074244917","6.40436399402211","6.11153096342063","4.66573419871465","2.80794769347075","3.56159906611897","3.8355856656622","3.86949148830953","4.18782227881945","4.01777511009808","7.32857859192335","","","","",
"Zambia","ZMB","Total natural resources rents (% of GDP)","NY.GDP.TOTL.RT.ZS","","","","","","","","","","","36.469192995441","23.7033548506908","20.618211755835","38.7052061472885","31.7537931914587","12.743783883532","16.2287807009548","13.9926124704029","10.1628877168039","17.0940640357697","16.8502484876492","9.26859685936868","6.59797348206418","9.2343316784607","6.64439041305602","7.85805278750791","7.55325499515317","10.3706387952951","18.5763258859712","21.141077497866","20.9818246533379","5.81996679113959","5.82419088501016","5.08803802366393","5.46968682858974","7.23321498317749","7.40724986790176","5.78425325323365","7.38004991836173","5.20000710887479","9.12122495945449","6.91796764834799","8.58178422740853","12.6388158009955","13.7756377211636","14.1027021273131","19.2015029596777","21.7874311599282","16.052538455331","16.7968643399172","18.6647201093496","17.4237334954232","13.5753487511819","12.023594729012","10.842259058696","11.1602533885932","11.6772125402718","13.2264399699464","11.7483463033985","7.91506539515975","16.2222307618142","35.2641479964325","","","","",
"Zimbabwe","ZWE","Total natural resources rents (% of GDP)","NY.GDP.TOTL.RT.ZS","","","","","","","","","","","3.27504799035388","2.93465312775155","2.27110805667941","3.08144915898518","3.64257500004006","3.38833454547799","4.2495500320235","4.89768029917992","4.33538006028166","5.00475310882265","6.02398710469687","4.17835894516896","4.04998711271254","3.52218049484858","3.71936648961174","3.8466554410327","3.73094384665956","4.0083392576806","4.95699500053907","4.75824225859825","4.2124822922094","9.66419162071991","10.8168177308289","8.72439507445918","9.4870276684973","8.54428671214653","7.99042829291191","6.77129137790896","5.59080463449055","3.70089065515096","3.90170876645193","4.02799179313518","5.17219377081197","6.98217572203532","8.43730994677101","8.5582074673681","11.4813042316831","15.559238462362","18.3230470823159","6.76260898727295","7.09847064162797","7.87938898914128","5.96773281078297","5.04283935109174","5.62126327970579","4.60618520596556","4.49541367401877","6.09544838030308","3.37818944674235","4.71576545765887","4.74666809490234","6.39845161112644","","","","",
